,date,store_nbr,family,sales,onpromotion,oil_price,Additional_Local,Additional_National,Bridge_National,Event_National,Holiday_Local,Holiday_National,Holiday_Regional,Moved_Local,Moved_National,Transfer_Local,Transfer_National,day_of_month,day_of_week,month,year
3440,2013-01-02,6,Dairy,683.0,0,93.14,0.0,0.0,0.0,0.0,0.0,0.0,0.0,0.0,0.0,0.0,0.0,2,2,1,2013
5222,2013-01-03,6,Dairy,542.0,0,92.97,0.0,0.0,0.0,0.0,0.0,0.0,0.0,0.0,0.0,0.0,0.0,3,3,1,2013
7004,2013-01-04,6,Dairy,481.0,0,93.12,0.0,0.0,0.0,0.0,0.0,0.0,0.0,0.0,0.0,0.0,0.0,4,4,1,2013
8786,2013-01-05,6,Dairy,654.0,0,93.14666666666668,0.0,0.0,0.0,0.0,0.0,0.0,0.0,0.0,0.0,0.0,0.0,5,5,1,2013
10568,2013-01-06,6,Dairy,810.0,0,93.17333333333333,0.0,0.0,0.0,0.0,0.0,0.0,0.0,0.0,0.0,0.0,0.0,6,6,1,2013
12350,2013-01-07,6,Dairy,450.0,0,93.2,0.0,0.0,0.0,0.0,0.0,0.0,0.0,0.0,0.0,0.0,0.0,7,0,1,2013
14132,2013-01-08,6,Dairy,417.0,0,93.21,0.0,0.0,0.0,0.0,0.0,0.0,0.0,0.0,0.0,0.0,0.0,8,1,1,2013
15914,2013-01-09,6,Dairy,411.0,0,93.08,0.0,0.0,0.0,0.0,0.0,0.0,0.0,0.0,0.0,0.0,0.0,9,2,1,2013
17696,2013-01-10,6,Dairy,360.0,0,93.81,0.0,0.0,0.0,0.0,0.0,0.0,0.0,0.0,0.0,0.0,0.0,10,3,1,2013
19478,2013-01-11,6,Dairy,405.0,0,93.6,0.0,0.0,0.0,0.0,0.0,0.0,0.0,0.0,0.0,0.0,0.0,11,4,1,2013
21260,2013-01-12,6,Dairy,590.0,0,93.82333333333332,0.0,0.0,0.0,0.0,0.0,0.0,0.0,0.0,0.0,0.0,0.0,12,5,1,2013
23042,2013-01-13,6,Dairy,711.0,0,94.04666666666667,0.0,0.0,0.0,0.0,0.0,0.0,0.0,0.0,0.0,0.0,0.0,13,6,1,2013
24824,2013-01-14,6,Dairy,441.0,0,94.27,0.0,0.0,0.0,0.0,0.0,0.0,0.0,0.0,0.0,0.0,0.0,14,0,1,2013
26606,2013-01-15,6,Dairy,456.0,0,93.26,0.0,0.0,0.0,0.0,0.0,0.0,0.0,0.0,0.0,0.0,0.0,15,1,1,2013
28388,2013-01-16,6,Dairy,509.0,0,94.28,0.0,0.0,0.0,0.0,0.0,0.0,0.0,0.0,0.0,0.0,0.0,16,2,1,2013
30170,2013-01-17,6,Dairy,390.0,0,95.49,0.0,0.0,0.0,0.0,0.0,0.0,0.0,0.0,0.0,0.0,0.0,17,3,1,2013
31952,2013-01-18,6,Dairy,361.0,0,95.61,0.0,0.0,0.0,0.0,0.0,0.0,0.0,0.0,0.0,0.0,0.0,18,4,1,2013
33734,2013-01-19,6,Dairy,716.0,0,95.73,0.0,0.0,0.0,0.0,0.0,0.0,0.0,0.0,0.0,0.0,0.0,19,5,1,2013
35516,2013-01-20,6,Dairy,716.0,0,95.85,0.0,0.0,0.0,0.0,0.0,0.0,0.0,0.0,0.0,0.0,0.0,20,6,1,2013
37298,2013-01-21,6,Dairy,486.0,0,95.97,0.0,0.0,0.0,0.0,0.0,0.0,0.0,0.0,0.0,0.0,0.0,21,0,1,2013
39080,2013-01-22,6,Dairy,411.0,0,96.09,0.0,0.0,0.0,0.0,0.0,0.0,0.0,0.0,0.0,0.0,0.0,22,1,1,2013
40862,2013-01-23,6,Dairy,480.0,0,95.06,0.0,0.0,0.0,0.0,0.0,0.0,0.0,0.0,0.0,0.0,0.0,23,2,1,2013
42644,2013-01-24,6,Dairy,336.0,0,95.35,0.0,0.0,0.0,0.0,0.0,0.0,0.0,0.0,0.0,0.0,0.0,24,3,1,2013
44426,2013-01-25,6,Dairy,394.0,0,95.15,0.0,0.0,0.0,0.0,0.0,0.0,0.0,0.0,0.0,0.0,0.0,25,4,1,2013
46208,2013-01-26,6,Dairy,622.0,0,95.41666666666667,0.0,0.0,0.0,0.0,0.0,0.0,0.0,0.0,0.0,0.0,0.0,26,5,1,2013
47990,2013-01-27,6,Dairy,741.0,0,95.68333333333334,0.0,0.0,0.0,0.0,0.0,0.0,0.0,0.0,0.0,0.0,0.0,27,6,1,2013
49772,2013-01-28,6,Dairy,413.0,0,95.95,0.0,0.0,0.0,0.0,0.0,0.0,0.0,0.0,0.0,0.0,0.0,28,0,1,2013
51554,2013-01-29,6,Dairy,339.0,0,97.62,0.0,0.0,0.0,0.0,0.0,0.0,0.0,0.0,0.0,0.0,0.0,29,1,1,2013
53336,2013-01-30,6,Dairy,406.0,0,97.98,0.0,0.0,0.0,0.0,0.0,0.0,0.0,0.0,0.0,0.0,0.0,30,2,1,2013
55118,2013-01-31,6,Dairy,358.0,0,97.65,0.0,0.0,0.0,0.0,0.0,0.0,0.0,0.0,0.0,0.0,0.0,31,3,1,2013
56900,2013-02-01,6,Dairy,465.0,0,97.46,0.0,0.0,0.0,0.0,0.0,0.0,0.0,0.0,0.0,0.0,0.0,1,4,2,2013
58682,2013-02-02,6,Dairy,663.0,0,97.04333333333332,0.0,0.0,0.0,0.0,0.0,0.0,0.0,0.0,0.0,0.0,0.0,2,5,2,2013
60464,2013-02-03,6,Dairy,682.0,0,96.62666666666667,0.0,0.0,0.0,0.0,0.0,0.0,0.0,0.0,0.0,0.0,0.0,3,6,2,2013
62246,2013-02-04,6,Dairy,440.0,0,96.21,0.0,0.0,0.0,0.0,0.0,0.0,0.0,0.0,0.0,0.0,0.0,4,0,2,2013
64028,2013-02-05,6,Dairy,386.0,0,96.68,0.0,0.0,0.0,0.0,0.0,0.0,0.0,0.0,0.0,0.0,0.0,5,1,2,2013
65810,2013-02-06,6,Dairy,459.0,0,96.44,0.0,0.0,0.0,0.0,0.0,0.0,0.0,0.0,0.0,0.0,0.0,6,2,2,2013
67592,2013-02-07,6,Dairy,351.0,0,95.84,0.0,0.0,0.0,0.0,0.0,0.0,0.0,0.0,0.0,0.0,0.0,7,3,2,2013
69374,2013-02-08,6,Dairy,400.0,0,95.71,0.0,0.0,0.0,0.0,0.0,0.0,0.0,0.0,0.0,0.0,0.0,8,4,2,2013
71156,2013-02-09,6,Dairy,493.0,0,96.14333333333333,0.0,0.0,0.0,0.0,0.0,0.0,0.0,0.0,0.0,0.0,0.0,9,5,2,2013
72938,2013-02-10,6,Dairy,360.0,0,96.57666666666667,0.0,0.0,0.0,0.0,0.0,0.0,0.0,0.0,0.0,0.0,0.0,10,6,2,2013
74720,2013-02-11,6,Dairy,395.0,0,97.01,0.0,0.0,0.0,0.0,0.0,1.0,0.0,0.0,0.0,0.0,0.0,11,0,2,2013
76502,2013-02-12,6,Dairy,496.0,0,97.48,0.0,0.0,0.0,0.0,0.0,1.0,0.0,0.0,0.0,0.0,0.0,12,1,2,2013
78284,2013-02-13,6,Dairy,478.0,0,97.03,0.0,0.0,0.0,0.0,0.0,0.0,0.0,0.0,0.0,0.0,0.0,13,2,2,2013
80066,2013-02-14,6,Dairy,388.0,0,97.3,0.0,0.0,0.0,0.0,0.0,0.0,0.0,0.0,0.0,0.0,0.0,14,3,2,2013
81848,2013-02-15,6,Dairy,449.0,0,95.95,0.0,0.0,0.0,0.0,0.0,0.0,0.0,0.0,0.0,0.0,0.0,15,4,2,2013
83630,2013-02-16,6,Dairy,785.0,0,96.135,0.0,0.0,0.0,0.0,0.0,0.0,0.0,0.0,0.0,0.0,0.0,16,5,2,2013
85412,2013-02-17,6,Dairy,721.0,0,96.32,0.0,0.0,0.0,0.0,0.0,0.0,0.0,0.0,0.0,0.0,0.0,17,6,2,2013
87194,2013-02-18,6,Dairy,539.0,0,96.505,0.0,0.0,0.0,0.0,0.0,0.0,0.0,0.0,0.0,0.0,0.0,18,0,2,2013
88976,2013-02-19,6,Dairy,396.0,0,96.69,0.0,0.0,0.0,0.0,0.0,0.0,0.0,0.0,0.0,0.0,0.0,19,1,2,2013
90758,2013-02-20,6,Dairy,491.0,0,94.92,0.0,0.0,0.0,0.0,0.0,0.0,0.0,0.0,0.0,0.0,0.0,20,2,2,2013
92540,2013-02-21,6,Dairy,354.0,0,92.79,0.0,0.0,0.0,0.0,0.0,0.0,0.0,0.0,0.0,0.0,0.0,21,3,2,2013
94322,2013-02-22,6,Dairy,389.0,0,93.12,0.0,0.0,0.0,0.0,0.0,0.0,0.0,0.0,0.0,0.0,0.0,22,4,2,2013
96104,2013-02-23,6,Dairy,618.0,0,92.99333333333334,0.0,0.0,0.0,0.0,0.0,0.0,0.0,0.0,0.0,0.0,0.0,23,5,2,2013
97886,2013-02-24,6,Dairy,753.0,0,92.86666666666666,0.0,0.0,0.0,0.0,0.0,0.0,0.0,0.0,0.0,0.0,0.0,24,6,2,2013
99668,2013-02-25,6,Dairy,427.0,0,92.74,0.0,0.0,0.0,0.0,0.0,0.0,0.0,0.0,0.0,0.0,0.0,25,0,2,2013
101450,2013-02-26,6,Dairy,383.0,0,92.63,0.0,0.0,0.0,0.0,0.0,0.0,0.0,0.0,0.0,0.0,0.0,26,1,2,2013
103232,2013-02-27,6,Dairy,478.0,0,92.84,0.0,0.0,0.0,0.0,0.0,0.0,0.0,0.0,0.0,0.0,0.0,27,2,2,2013
105014,2013-02-28,6,Dairy,361.0,0,92.03,0.0,0.0,0.0,0.0,0.0,0.0,0.0,0.0,0.0,0.0,0.0,28,3,2,2013
106796,2013-03-01,6,Dairy,455.0,0,90.71,0.0,0.0,0.0,0.0,0.0,0.0,0.0,0.0,0.0,0.0,0.0,1,4,3,2013
108578,2013-03-02,6,Dairy,826.0,0,90.51666666666667,0.0,0.0,0.0,0.0,1.0,0.0,0.0,0.0,0.0,0.0,0.0,2,5,3,2013
110360,2013-03-03,6,Dairy,907.0,0,90.32333333333332,0.0,0.0,0.0,0.0,0.0,0.0,0.0,0.0,0.0,0.0,0.0,3,6,3,2013
112142,2013-03-04,6,Dairy,537.0,0,90.13,0.0,0.0,0.0,0.0,0.0,0.0,0.0,0.0,0.0,0.0,0.0,4,0,3,2013
113924,2013-03-05,6,Dairy,398.0,0,90.88,0.0,0.0,0.0,0.0,0.0,0.0,0.0,0.0,0.0,0.0,0.0,5,1,3,2013
115706,2013-03-06,6,Dairy,502.0,0,90.47,0.0,0.0,0.0,0.0,0.0,0.0,0.0,0.0,0.0,0.0,0.0,6,2,3,2013
117488,2013-03-07,6,Dairy,365.0,0,91.53,0.0,0.0,0.0,0.0,0.0,0.0,0.0,0.0,0.0,0.0,0.0,7,3,3,2013
119270,2013-03-08,6,Dairy,428.0,0,92.01,0.0,0.0,0.0,0.0,0.0,0.0,0.0,0.0,0.0,0.0,0.0,8,4,3,2013
121052,2013-03-09,6,Dairy,663.0,0,92.03,0.0,0.0,0.0,0.0,0.0,0.0,0.0,0.0,0.0,0.0,0.0,9,5,3,2013
122834,2013-03-10,6,Dairy,806.0,0,92.05,0.0,0.0,0.0,0.0,0.0,0.0,0.0,0.0,0.0,0.0,0.0,10,6,3,2013
124616,2013-03-11,6,Dairy,486.0,0,92.07,0.0,0.0,0.0,0.0,0.0,0.0,0.0,0.0,0.0,0.0,0.0,11,0,3,2013
126398,2013-03-12,6,Dairy,389.0,0,92.44,0.0,0.0,0.0,0.0,0.0,0.0,0.0,0.0,0.0,0.0,0.0,12,1,3,2013
128180,2013-03-13,6,Dairy,540.0,0,92.47,0.0,0.0,0.0,0.0,0.0,0.0,0.0,0.0,0.0,0.0,0.0,13,2,3,2013
129962,2013-03-14,6,Dairy,305.0,0,93.03,0.0,0.0,0.0,0.0,0.0,0.0,0.0,0.0,0.0,0.0,0.0,14,3,3,2013
131744,2013-03-15,6,Dairy,456.0,0,93.49,0.0,0.0,0.0,0.0,0.0,0.0,0.0,0.0,0.0,0.0,0.0,15,4,3,2013
133526,2013-03-16,6,Dairy,809.0,0,93.56333333333333,0.0,0.0,0.0,0.0,0.0,0.0,0.0,0.0,0.0,0.0,0.0,16,5,3,2013
135308,2013-03-17,6,Dairy,752.0,0,93.63666666666666,0.0,0.0,0.0,0.0,0.0,0.0,0.0,0.0,0.0,0.0,0.0,17,6,3,2013
137090,2013-03-18,6,Dairy,412.0,0,93.71,0.0,0.0,0.0,0.0,0.0,0.0,0.0,0.0,0.0,0.0,0.0,18,0,3,2013
138872,2013-03-19,6,Dairy,370.0,0,92.44,0.0,0.0,0.0,0.0,0.0,0.0,0.0,0.0,0.0,0.0,0.0,19,1,3,2013
140654,2013-03-20,6,Dairy,484.0,0,93.21,0.0,0.0,0.0,0.0,0.0,0.0,0.0,0.0,0.0,0.0,0.0,20,2,3,2013
142436,2013-03-21,6,Dairy,410.0,0,92.46,0.0,0.0,0.0,0.0,0.0,0.0,0.0,0.0,0.0,0.0,0.0,21,3,3,2013
144218,2013-03-22,6,Dairy,475.0,0,93.41,0.0,0.0,0.0,0.0,0.0,0.0,0.0,0.0,0.0,0.0,0.0,22,4,3,2013
146000,2013-03-23,6,Dairy,808.0,0,93.78999999999999,0.0,0.0,0.0,0.0,0.0,0.0,0.0,0.0,0.0,0.0,0.0,23,5,3,2013
147782,2013-03-24,6,Dairy,794.0,0,94.17,0.0,0.0,0.0,0.0,0.0,0.0,0.0,0.0,0.0,0.0,0.0,24,6,3,2013
149564,2013-03-25,6,Dairy,490.0,0,94.55,0.0,0.0,0.0,0.0,0.0,0.0,0.0,0.0,0.0,0.0,0.0,25,0,3,2013
151346,2013-03-26,6,Dairy,454.0,0,95.99,0.0,0.0,0.0,0.0,0.0,0.0,0.0,0.0,0.0,0.0,0.0,26,1,3,2013
153128,2013-03-27,6,Dairy,681.0,0,96.53,0.0,0.0,0.0,0.0,0.0,0.0,0.0,0.0,0.0,0.0,0.0,27,2,3,2013
154910,2013-03-28,6,Dairy,867.0,0,97.24,0.0,0.0,0.0,0.0,0.0,0.0,0.0,0.0,0.0,0.0,0.0,28,3,3,2013
156692,2013-03-29,6,Dairy,865.0,0,97.205,0.0,0.0,0.0,0.0,0.0,0.0,0.0,0.0,0.0,0.0,0.0,29,4,3,2013
158474,2013-03-30,6,Dairy,608.0,0,97.16999999999999,0.0,0.0,0.0,0.0,0.0,0.0,0.0,0.0,0.0,0.0,0.0,30,5,3,2013
160256,2013-03-31,6,Dairy,754.0,0,97.13499999999999,0.0,0.0,0.0,0.0,0.0,0.0,0.0,0.0,0.0,0.0,0.0,31,6,3,2013
162038,2013-04-01,6,Dairy,522.0,0,97.1,0.0,0.0,0.0,0.0,0.0,0.0,1.0,0.0,0.0,0.0,0.0,1,0,4,2013
163820,2013-04-02,6,Dairy,476.0,0,97.23,0.0,0.0,0.0,0.0,0.0,0.0,0.0,0.0,0.0,0.0,0.0,2,1,4,2013
165602,2013-04-03,6,Dairy,525.0,0,95.02,0.0,0.0,0.0,0.0,0.0,0.0,0.0,0.0,0.0,0.0,0.0,3,2,4,2013
167384,2013-04-04,6,Dairy,414.0,0,93.26,0.0,0.0,0.0,0.0,0.0,0.0,0.0,0.0,0.0,0.0,0.0,4,3,4,2013
169166,2013-04-05,6,Dairy,448.0,0,92.76,0.0,0.0,0.0,0.0,0.0,0.0,0.0,0.0,0.0,0.0,0.0,5,4,4,2013
170948,2013-04-06,6,Dairy,821.0,0,92.96000000000001,0.0,0.0,0.0,0.0,0.0,0.0,0.0,0.0,0.0,0.0,0.0,6,5,4,2013
172730,2013-04-07,6,Dairy,913.0,0,93.16,0.0,0.0,0.0,0.0,0.0,0.0,0.0,0.0,0.0,0.0,0.0,7,6,4,2013
174512,2013-04-08,6,Dairy,452.0,0,93.36,0.0,0.0,0.0,0.0,0.0,0.0,0.0,0.0,0.0,0.0,0.0,8,0,4,2013
176294,2013-04-09,6,Dairy,383.0,0,94.18,0.0,0.0,0.0,0.0,0.0,0.0,0.0,0.0,0.0,0.0,0.0,9,1,4,2013
178076,2013-04-10,6,Dairy,430.0,0,94.59,0.0,0.0,0.0,0.0,0.0,0.0,0.0,0.0,0.0,0.0,0.0,10,2,4,2013
179858,2013-04-11,6,Dairy,317.0,0,93.44,0.0,0.0,0.0,0.0,0.0,0.0,0.0,0.0,0.0,0.0,0.0,11,3,4,2013
181640,2013-04-12,6,Dairy,388.0,0,91.23,0.0,0.0,0.0,0.0,1.0,0.0,0.0,0.0,0.0,0.0,0.0,12,4,4,2013
183422,2013-04-13,6,Dairy,650.0,0,90.40333333333334,0.0,0.0,0.0,0.0,0.0,0.0,0.0,0.0,0.0,0.0,0.0,13,5,4,2013
185204,2013-04-14,6,Dairy,816.0,0,89.57666666666667,0.0,0.0,0.0,0.0,1.0,0.0,0.0,0.0,0.0,0.0,0.0,14,6,4,2013
186986,2013-04-15,6,Dairy,507.0,0,88.75,0.0,0.0,0.0,0.0,0.0,0.0,0.0,0.0,0.0,0.0,0.0,15,0,4,2013
188768,2013-04-16,6,Dairy,439.0,0,88.73,0.0,0.0,0.0,0.0,0.0,0.0,0.0,0.0,0.0,0.0,0.0,16,1,4,2013
190550,2013-04-17,6,Dairy,576.0,0,86.65,0.0,0.0,0.0,0.0,0.0,0.0,0.0,0.0,0.0,0.0,0.0,17,2,4,2013
192332,2013-04-18,6,Dairy,414.0,0,87.83,0.0,0.0,0.0,0.0,0.0,0.0,0.0,0.0,0.0,0.0,0.0,18,3,4,2013
194114,2013-04-19,6,Dairy,465.0,0,88.04,0.0,0.0,0.0,0.0,0.0,0.0,0.0,0.0,0.0,0.0,0.0,19,4,4,2013
195896,2013-04-20,6,Dairy,725.0,0,88.29666666666667,0.0,0.0,0.0,0.0,0.0,0.0,0.0,0.0,0.0,0.0,0.0,20,5,4,2013
197678,2013-04-21,6,Dairy,850.0,0,88.55333333333334,0.0,0.0,0.0,0.0,1.0,0.0,0.0,0.0,0.0,0.0,0.0,21,6,4,2013
199460,2013-04-22,6,Dairy,494.0,0,88.81,0.0,0.0,0.0,0.0,0.0,0.0,0.0,0.0,0.0,0.0,0.0,22,0,4,2013
201242,2013-04-23,6,Dairy,465.0,0,89.21,0.0,0.0,0.0,0.0,0.0,0.0,0.0,0.0,0.0,0.0,0.0,23,1,4,2013
203024,2013-04-24,6,Dairy,477.0,0,91.07,0.0,0.0,0.0,0.0,0.0,0.0,0.0,0.0,0.0,0.0,0.0,24,2,4,2013
204806,2013-04-25,6,Dairy,366.0,0,93.27,0.0,0.0,0.0,0.0,0.0,0.0,0.0,0.0,0.0,0.0,0.0,25,3,4,2013
206588,2013-04-26,6,Dairy,402.0,0,92.63,0.0,0.0,0.0,0.0,0.0,0.0,0.0,0.0,0.0,0.0,0.0,26,4,4,2013
208370,2013-04-27,6,Dairy,674.0,0,93.11666666666666,0.0,0.0,0.0,0.0,0.0,0.0,0.0,0.0,0.0,0.0,0.0,27,5,4,2013
210152,2013-04-28,6,Dairy,811.0,0,93.60333333333334,0.0,0.0,0.0,0.0,0.0,0.0,0.0,0.0,0.0,0.0,0.0,28,6,4,2013
211934,2013-04-29,6,Dairy,447.0,0,94.09,0.0,0.0,0.0,0.0,0.0,1.0,0.0,0.0,0.0,0.0,0.0,29,0,4,2013
213716,2013-04-30,6,Dairy,431.0,0,93.22,0.0,0.0,0.0,0.0,0.0,0.0,0.0,0.0,0.0,0.0,0.0,30,1,4,2013
215498,2013-05-01,6,Dairy,749.0,0,90.74,0.0,0.0,0.0,0.0,0.0,1.0,0.0,0.0,0.0,0.0,0.0,1,2,5,2013
217280,2013-05-02,6,Dairy,456.0,0,93.7,0.0,0.0,0.0,0.0,0.0,0.0,0.0,0.0,0.0,0.0,0.0,2,3,5,2013
219062,2013-05-03,6,Dairy,535.0,0,95.25,0.0,0.0,0.0,0.0,0.0,0.0,0.0,0.0,0.0,0.0,0.0,3,4,5,2013
220844,2013-05-04,6,Dairy,704.0,0,95.43333333333334,0.0,0.0,0.0,0.0,0.0,0.0,0.0,0.0,0.0,0.0,0.0,4,5,5,2013
222626,2013-05-05,6,Dairy,930.0,0,95.61666666666666,0.0,0.0,0.0,0.0,0.0,0.0,0.0,0.0,0.0,0.0,0.0,5,6,5,2013
224408,2013-05-06,6,Dairy,475.0,0,95.8,0.0,0.0,0.0,0.0,0.0,0.0,0.0,0.0,0.0,0.0,0.0,6,0,5,2013
226190,2013-05-07,6,Dairy,418.0,0,95.28,0.0,0.0,0.0,0.0,0.0,0.0,0.0,0.0,0.0,0.0,0.0,7,1,5,2013
227972,2013-05-08,6,Dairy,465.0,0,96.24,0.0,0.0,0.0,0.0,0.0,0.0,0.0,0.0,0.0,0.0,0.0,8,2,5,2013
229754,2013-05-09,6,Dairy,374.0,0,96.09,0.0,0.0,0.0,0.0,0.0,0.0,0.0,0.0,0.0,0.0,0.0,9,3,5,2013
231536,2013-05-10,6,Dairy,563.0,0,95.81,0.0,0.0,0.0,0.0,0.0,0.0,0.0,0.0,0.0,0.0,0.0,10,4,5,2013
233318,2013-05-11,6,Dairy,847.0,0,95.46000000000001,0.0,1.0,0.0,0.0,0.0,0.0,0.0,0.0,0.0,0.0,0.0,11,5,5,2013
235100,2013-05-12,6,Dairy,719.0,0,95.11,0.0,0.0,0.0,1.0,1.0,0.0,0.0,0.0,0.0,0.0,0.0,12,6,5,2013
236882,2013-05-13,6,Dairy,461.0,0,94.76,0.0,0.0,0.0,0.0,0.0,0.0,0.0,0.0,0.0,0.0,0.0,13,0,5,2013
238664,2013-05-14,6,Dairy,396.0,0,93.96,0.0,0.0,0.0,0.0,0.0,0.0,0.0,0.0,0.0,0.0,0.0,14,1,5,2013
240446,2013-05-15,6,Dairy,435.0,0,93.95,0.0,0.0,0.0,0.0,0.0,0.0,0.0,0.0,0.0,0.0,0.0,15,2,5,2013
242228,2013-05-16,6,Dairy,440.0,0,94.85,0.0,0.0,0.0,0.0,0.0,0.0,0.0,0.0,0.0,0.0,0.0,16,3,5,2013
244010,2013-05-17,6,Dairy,439.0,0,95.72,0.0,0.0,0.0,0.0,0.0,0.0,0.0,0.0,0.0,0.0,0.0,17,4,5,2013
245792,2013-05-18,6,Dairy,711.0,0,95.91,0.0,0.0,0.0,0.0,0.0,0.0,0.0,0.0,0.0,0.0,0.0,18,5,5,2013
247574,2013-05-19,6,Dairy,766.0,0,96.10000000000001,0.0,0.0,0.0,0.0,0.0,0.0,0.0,0.0,0.0,0.0,0.0,19,6,5,2013
249356,2013-05-20,6,Dairy,495.0,0,96.29,0.0,0.0,0.0,0.0,0.0,0.0,0.0,0.0,0.0,0.0,0.0,20,0,5,2013
251138,2013-05-21,6,Dairy,453.0,0,95.55,0.0,0.0,0.0,0.0,0.0,0.0,0.0,0.0,0.0,0.0,0.0,21,1,5,2013
252920,2013-05-22,6,Dairy,494.0,0,93.98,0.0,0.0,0.0,0.0,0.0,0.0,0.0,0.0,0.0,0.0,0.0,22,2,5,2013
254702,2013-05-23,6,Dairy,412.0,0,94.12,0.0,0.0,0.0,0.0,0.0,0.0,0.0,0.0,0.0,0.0,0.0,23,3,5,2013
256484,2013-05-24,6,Dairy,596.0,0,93.84,0.0,0.0,0.0,0.0,0.0,1.0,0.0,0.0,0.0,0.0,0.0,24,4,5,2013
258266,2013-05-25,6,Dairy,638.0,0,94.0425,0.0,0.0,0.0,0.0,0.0,0.0,0.0,0.0,0.0,0.0,0.0,25,5,5,2013
260048,2013-05-26,6,Dairy,687.0,0,94.245,0.0,0.0,0.0,0.0,0.0,0.0,0.0,0.0,0.0,0.0,0.0,26,6,5,2013
261830,2013-05-27,6,Dairy,456.0,0,94.4475,0.0,0.0,0.0,0.0,0.0,0.0,0.0,0.0,0.0,0.0,0.0,27,0,5,2013
263612,2013-05-28,6,Dairy,441.0,0,94.65,0.0,0.0,0.0,0.0,0.0,0.0,0.0,0.0,0.0,0.0,0.0,28,1,5,2013
265394,2013-05-29,6,Dairy,546.0,0,93.13,0.0,0.0,0.0,0.0,0.0,0.0,0.0,0.0,0.0,0.0,0.0,29,2,5,2013
267176,2013-05-30,6,Dairy,393.0,0,93.57,0.0,0.0,0.0,0.0,0.0,0.0,0.0,0.0,0.0,0.0,0.0,30,3,5,2013
268958,2013-05-31,6,Dairy,408.0,0,91.93,0.0,0.0,0.0,0.0,0.0,0.0,0.0,0.0,0.0,0.0,0.0,31,4,5,2013
270740,2013-06-01,6,Dairy,810.0,0,92.42333333333333,0.0,0.0,0.0,0.0,0.0,0.0,0.0,0.0,0.0,0.0,0.0,1,5,6,2013
272522,2013-06-02,6,Dairy,881.0,0,92.91666666666667,0.0,0.0,0.0,0.0,0.0,0.0,0.0,0.0,0.0,0.0,0.0,2,6,6,2013
274304,2013-06-03,6,Dairy,564.0,0,93.41,0.0,0.0,0.0,0.0,0.0,0.0,0.0,0.0,0.0,0.0,0.0,3,0,6,2013
276086,2013-06-04,6,Dairy,503.0,0,93.36,0.0,0.0,0.0,0.0,0.0,0.0,0.0,0.0,0.0,0.0,0.0,4,1,6,2013
277868,2013-06-05,6,Dairy,591.0,0,93.66,0.0,0.0,0.0,0.0,0.0,0.0,0.0,0.0,0.0,0.0,0.0,5,2,6,2013
279650,2013-06-06,6,Dairy,411.0,0,94.71,0.0,0.0,0.0,0.0,0.0,0.0,0.0,0.0,0.0,0.0,0.0,6,3,6,2013
281432,2013-06-07,6,Dairy,568.0,0,96.11,0.0,0.0,0.0,0.0,0.0,0.0,0.0,0.0,0.0,0.0,0.0,7,4,6,2013
283214,2013-06-08,6,Dairy,635.0,0,96.01333333333334,0.0,0.0,0.0,0.0,0.0,0.0,0.0,0.0,0.0,0.0,0.0,8,5,6,2013
284996,2013-06-09,6,Dairy,829.0,0,95.91666666666666,0.0,0.0,0.0,0.0,0.0,0.0,0.0,0.0,0.0,0.0,0.0,9,6,6,2013
286778,2013-06-10,6,Dairy,515.0,0,95.82,0.0,0.0,0.0,0.0,0.0,0.0,0.0,0.0,0.0,0.0,0.0,10,0,6,2013
288560,2013-06-11,6,Dairy,437.0,0,95.5,0.0,0.0,0.0,0.0,0.0,0.0,0.0,0.0,0.0,0.0,0.0,11,1,6,2013
290342,2013-06-12,6,Dairy,515.0,0,95.98,0.0,0.0,0.0,0.0,0.0,0.0,0.0,0.0,0.0,0.0,0.0,12,2,6,2013
292124,2013-06-13,6,Dairy,417.0,0,96.66,0.0,0.0,0.0,0.0,0.0,0.0,0.0,0.0,0.0,0.0,0.0,13,3,6,2013
293906,2013-06-14,6,Dairy,517.0,0,97.83,0.0,0.0,0.0,0.0,0.0,0.0,0.0,0.0,0.0,0.0,0.0,14,4,6,2013
295688,2013-06-15,6,Dairy,876.0,0,97.84,0.0,0.0,0.0,0.0,0.0,0.0,0.0,0.0,0.0,0.0,0.0,15,5,6,2013
297470,2013-06-16,6,Dairy,727.0,0,97.85,0.0,0.0,0.0,0.0,0.0,0.0,0.0,0.0,0.0,0.0,0.0,16,6,6,2013
299252,2013-06-17,6,Dairy,551.0,0,97.86,0.0,0.0,0.0,0.0,0.0,0.0,0.0,0.0,0.0,0.0,0.0,17,0,6,2013
301034,2013-06-18,6,Dairy,502.0,0,98.46,0.0,0.0,0.0,0.0,0.0,0.0,0.0,0.0,0.0,0.0,0.0,18,1,6,2013
302816,2013-06-19,6,Dairy,437.0,0,98.24,0.0,0.0,0.0,0.0,0.0,0.0,0.0,0.0,0.0,0.0,0.0,19,2,6,2013
304598,2013-06-20,6,Dairy,377.0,0,94.89,0.0,0.0,0.0,0.0,0.0,0.0,0.0,0.0,0.0,0.0,0.0,20,3,6,2013
306380,2013-06-21,6,Dairy,426.0,0,93.81,0.0,0.0,0.0,0.0,0.0,0.0,0.0,0.0,0.0,0.0,0.0,21,4,6,2013
308162,2013-06-22,6,Dairy,687.0,0,94.23,0.0,0.0,0.0,0.0,0.0,0.0,0.0,0.0,0.0,0.0,0.0,22,5,6,2013
309944,2013-06-23,6,Dairy,758.0,0,94.64999999999999,0.0,0.0,0.0,0.0,1.0,0.0,0.0,0.0,0.0,0.0,0.0,23,6,6,2013
311726,2013-06-24,6,Dairy,549.0,0,95.07,0.0,0.0,0.0,0.0,0.0,0.0,0.0,0.0,0.0,0.0,0.0,24,0,6,2013
313508,2013-06-25,6,Dairy,442.0,0,95.25,0.0,0.0,0.0,0.0,2.0,0.0,1.0,0.0,0.0,0.0,0.0,25,1,6,2013
315290,2013-06-26,6,Dairy,447.0,0,95.47,0.0,0.0,0.0,0.0,0.0,0.0,0.0,0.0,0.0,0.0,0.0,26,2,6,2013
317072,2013-06-27,6,Dairy,421.0,0,97.0,0.0,0.0,0.0,0.0,0.0,0.0,0.0,0.0,0.0,0.0,0.0,27,3,6,2013
318854,2013-06-28,6,Dairy,431.0,0,96.36,0.0,0.0,0.0,0.0,0.0,0.0,0.0,0.0,0.0,0.0,0.0,28,4,6,2013
320636,2013-06-29,6,Dairy,703.0,0,96.88666666666667,0.0,0.0,0.0,0.0,0.0,0.0,0.0,0.0,0.0,0.0,0.0,29,5,6,2013
322418,2013-06-30,6,Dairy,827.0,0,97.41333333333333,0.0,0.0,0.0,0.0,0.0,0.0,0.0,0.0,0.0,0.0,0.0,30,6,6,2013
324200,2013-07-01,6,Dairy,612.0,0,97.94,0.0,0.0,0.0,0.0,0.0,0.0,0.0,0.0,0.0,0.0,0.0,1,0,7,2013
325982,2013-07-02,6,Dairy,599.0,0,99.65,0.0,0.0,0.0,0.0,0.0,0.0,0.0,0.0,0.0,0.0,0.0,2,1,7,2013
327764,2013-07-03,6,Dairy,589.0,0,101.92,0.0,0.0,0.0,0.0,2.0,0.0,0.0,0.0,0.0,0.0,0.0,3,2,7,2013
329546,2013-07-04,6,Dairy,418.0,0,102.505,0.0,0.0,0.0,0.0,0.0,0.0,0.0,0.0,0.0,0.0,0.0,4,3,7,2013
331328,2013-07-05,6,Dairy,415.0,0,103.09,0.0,0.0,0.0,0.0,0.0,0.0,0.0,0.0,0.0,0.0,0.0,5,4,7,2013
333110,2013-07-06,6,Dairy,729.0,0,103.07000000000001,0.0,0.0,0.0,0.0,0.0,0.0,0.0,0.0,0.0,0.0,0.0,6,5,7,2013
334892,2013-07-07,6,Dairy,797.0,0,103.05,0.0,0.0,0.0,0.0,0.0,0.0,0.0,0.0,0.0,0.0,0.0,7,6,7,2013
336674,2013-07-08,6,Dairy,606.0,0,103.03,0.0,0.0,0.0,0.0,0.0,0.0,0.0,0.0,0.0,0.0,0.0,8,0,7,2013
338456,2013-07-09,6,Dairy,419.0,0,103.46,0.0,0.0,0.0,0.0,0.0,0.0,0.0,0.0,0.0,0.0,0.0,9,1,7,2013
340238,2013-07-10,6,Dairy,437.0,0,106.41,0.0,0.0,0.0,0.0,0.0,0.0,0.0,0.0,0.0,0.0,0.0,10,2,7,2013
342020,2013-07-11,6,Dairy,397.0,0,104.77,0.0,0.0,0.0,0.0,0.0,0.0,0.0,0.0,0.0,0.0,0.0,11,3,7,2013
343802,2013-07-12,6,Dairy,451.0,0,105.85,0.0,0.0,0.0,0.0,0.0,0.0,0.0,0.0,0.0,0.0,0.0,12,4,7,2013
345584,2013-07-13,6,Dairy,655.0,0,105.96666666666667,0.0,0.0,0.0,0.0,0.0,0.0,0.0,0.0,0.0,0.0,0.0,13,5,7,2013
347366,2013-07-14,6,Dairy,697.0,0,106.08333333333333,0.0,0.0,0.0,0.0,0.0,0.0,0.0,0.0,0.0,0.0,0.0,14,6,7,2013
349148,2013-07-15,6,Dairy,502.0,0,106.2,0.0,0.0,0.0,0.0,0.0,0.0,0.0,0.0,0.0,0.0,0.0,15,0,7,2013
350930,2013-07-16,6,Dairy,487.0,0,105.88,0.0,0.0,0.0,0.0,0.0,0.0,0.0,0.0,0.0,0.0,0.0,16,1,7,2013
352712,2013-07-17,6,Dairy,515.0,0,106.39,0.0,0.0,0.0,0.0,0.0,0.0,0.0,0.0,0.0,0.0,0.0,17,2,7,2013
354494,2013-07-18,6,Dairy,332.0,0,107.94,0.0,0.0,0.0,0.0,0.0,0.0,0.0,0.0,0.0,0.0,0.0,18,3,7,2013
356276,2013-07-19,6,Dairy,469.0,0,108.0,0.0,0.0,0.0,0.0,0.0,0.0,0.0,0.0,0.0,0.0,0.0,19,4,7,2013
358058,2013-07-20,6,Dairy,634.0,0,107.53666666666666,0.0,0.0,0.0,0.0,0.0,0.0,0.0,0.0,0.0,0.0,0.0,20,5,7,2013
359840,2013-07-21,6,Dairy,747.0,0,107.07333333333334,0.0,0.0,0.0,0.0,0.0,0.0,0.0,0.0,0.0,0.0,0.0,21,6,7,2013
361622,2013-07-22,6,Dairy,617.0,0,106.61,0.0,0.0,0.0,0.0,0.0,0.0,0.0,0.0,0.0,0.0,0.0,22,0,7,2013
363404,2013-07-23,6,Dairy,559.0,0,107.13,0.0,0.0,0.0,0.0,1.0,0.0,0.0,0.0,0.0,0.0,0.0,23,1,7,2013
365186,2013-07-24,6,Dairy,470.0,0,105.41,1.0,0.0,0.0,0.0,0.0,0.0,0.0,0.0,0.0,0.0,0.0,24,2,7,2013
366968,2013-07-25,6,Dairy,392.0,0,105.47,0.0,0.0,0.0,0.0,1.0,0.0,0.0,0.0,0.0,0.0,0.0,25,3,7,2013
368750,2013-07-26,6,Dairy,517.0,0,104.76,0.0,0.0,0.0,0.0,0.0,0.0,0.0,0.0,0.0,0.0,0.0,26,4,7,2013
370532,2013-07-27,6,Dairy,676.0,0,104.71000000000001,0.0,0.0,0.0,0.0,0.0,0.0,0.0,0.0,0.0,0.0,0.0,27,5,7,2013
372314,2013-07-28,6,Dairy,680.0,0,104.66,0.0,0.0,0.0,0.0,0.0,0.0,0.0,0.0,0.0,0.0,0.0,28,6,7,2013
374096,2013-07-29,6,Dairy,449.0,0,104.61,0.0,0.0,0.0,0.0,0.0,0.0,0.0,0.0,0.0,0.0,0.0,29,0,7,2013
375878,2013-07-30,6,Dairy,443.0,0,103.14,0.0,0.0,0.0,0.0,0.0,0.0,0.0,0.0,0.0,0.0,0.0,30,1,7,2013
377660,2013-07-31,6,Dairy,497.0,0,105.1,0.0,0.0,0.0,0.0,0.0,0.0,0.0,0.0,0.0,0.0,0.0,31,2,7,2013
379442,2013-08-01,6,Dairy,449.0,0,107.93,0.0,0.0,0.0,0.0,0.0,0.0,0.0,0.0,0.0,0.0,0.0,1,3,8,2013
381224,2013-08-02,6,Dairy,431.0,0,106.94,0.0,0.0,0.0,0.0,0.0,0.0,0.0,0.0,0.0,0.0,0.0,2,4,8,2013
383006,2013-08-03,6,Dairy,665.0,0,106.83,0.0,0.0,0.0,0.0,0.0,0.0,0.0,0.0,0.0,0.0,0.0,3,5,8,2013
384788,2013-08-04,6,Dairy,769.0,0,106.72,0.0,0.0,0.0,0.0,0.0,0.0,0.0,0.0,0.0,0.0,0.0,4,6,8,2013
386570,2013-08-05,6,Dairy,566.0,0,106.61,0.0,0.0,0.0,0.0,1.0,0.0,0.0,0.0,0.0,0.0,0.0,5,0,8,2013
388352,2013-08-06,6,Dairy,484.0,0,105.32,0.0,0.0,0.0,0.0,0.0,0.0,0.0,0.0,0.0,0.0,0.0,6,1,8,2013
390134,2013-08-07,6,Dairy,525.0,0,104.41,0.0,0.0,0.0,0.0,0.0,0.0,0.0,0.0,0.0,0.0,0.0,7,2,8,2013
391916,2013-08-08,6,Dairy,368.0,0,103.45,0.0,0.0,0.0,0.0,0.0,0.0,0.0,0.0,0.0,0.0,0.0,8,3,8,2013
393698,2013-08-09,6,Dairy,455.0,0,106.04,0.0,0.0,0.0,0.0,0.0,0.0,0.0,0.0,0.0,0.0,0.0,9,4,8,2013
395480,2013-08-10,6,Dairy,605.0,0,106.09,0.0,0.0,0.0,0.0,0.0,1.0,0.0,0.0,0.0,0.0,0.0,10,5,8,2013
397262,2013-08-11,6,Dairy,646.0,0,106.14,0.0,0.0,0.0,0.0,0.0,0.0,0.0,0.0,0.0,0.0,0.0,11,6,8,2013
399044,2013-08-12,6,Dairy,502.0,0,106.19,0.0,0.0,0.0,0.0,0.0,0.0,0.0,0.0,0.0,0.0,0.0,12,0,8,2013
400826,2013-08-13,6,Dairy,477.0,0,106.78,0.0,0.0,0.0,0.0,0.0,0.0,0.0,0.0,0.0,0.0,0.0,13,1,8,2013
402608,2013-08-14,6,Dairy,400.0,0,106.89,0.0,0.0,0.0,0.0,0.0,0.0,0.0,0.0,0.0,0.0,0.0,14,2,8,2013
404390,2013-08-15,6,Dairy,416.0,0,107.43,0.0,0.0,0.0,0.0,1.0,0.0,0.0,0.0,0.0,0.0,0.0,15,3,8,2013
406172,2013-08-16,6,Dairy,463.0,0,107.58,0.0,0.0,0.0,0.0,0.0,0.0,0.0,0.0,0.0,0.0,0.0,16,4,8,2013
407954,2013-08-17,6,Dairy,633.0,0,107.43333333333334,0.0,0.0,0.0,0.0,0.0,0.0,0.0,0.0,0.0,0.0,0.0,17,5,8,2013
409736,2013-08-18,6,Dairy,700.0,0,107.28666666666666,0.0,0.0,0.0,0.0,0.0,0.0,0.0,0.0,0.0,0.0,0.0,18,6,8,2013
411518,2013-08-19,6,Dairy,433.0,0,107.14,0.0,0.0,0.0,0.0,0.0,0.0,0.0,0.0,0.0,0.0,0.0,19,0,8,2013
413300,2013-08-20,6,Dairy,442.0,0,104.9,0.0,0.0,0.0,0.0,0.0,0.0,0.0,0.0,0.0,0.0,0.0,20,1,8,2013
415082,2013-08-21,6,Dairy,460.0,0,103.93,0.0,0.0,0.0,0.0,0.0,0.0,0.0,0.0,0.0,0.0,0.0,21,2,8,2013
416864,2013-08-22,6,Dairy,333.0,0,104.93,0.0,0.0,0.0,0.0,0.0,0.0,0.0,0.0,0.0,0.0,0.0,22,3,8,2013
418646,2013-08-23,6,Dairy,450.0,0,106.48,0.0,0.0,0.0,0.0,0.0,0.0,0.0,0.0,0.0,0.0,0.0,23,4,8,2013
420428,2013-08-24,6,Dairy,667.0,0,106.28,0.0,0.0,0.0,0.0,1.0,0.0,0.0,0.0,0.0,0.0,0.0,24,5,8,2013
422210,2013-08-25,6,Dairy,756.0,0,106.08,0.0,0.0,0.0,0.0,0.0,0.0,0.0,0.0,0.0,0.0,0.0,25,6,8,2013
423992,2013-08-26,6,Dairy,477.0,0,105.88,0.0,0.0,0.0,0.0,0.0,0.0,0.0,0.0,0.0,0.0,0.0,26,0,8,2013
425774,2013-08-27,6,Dairy,400.0,0,109.11,0.0,0.0,0.0,0.0,0.0,0.0,0.0,0.0,0.0,0.0,0.0,27,1,8,2013
427556,2013-08-28,6,Dairy,526.0,0,110.17,0.0,0.0,0.0,0.0,0.0,0.0,0.0,0.0,0.0,0.0,0.0,28,2,8,2013
429338,2013-08-29,6,Dairy,347.0,0,108.51,0.0,0.0,0.0,0.0,0.0,0.0,0.0,0.0,0.0,0.0,0.0,29,3,8,2013
431120,2013-08-30,6,Dairy,453.0,0,107.98,0.0,0.0,0.0,0.0,0.0,0.0,0.0,0.0,0.0,0.0,0.0,30,4,8,2013
432902,2013-08-31,6,Dairy,715.0,0,108.1525,0.0,0.0,0.0,0.0,0.0,0.0,0.0,0.0,0.0,0.0,0.0,31,5,8,2013
434684,2013-09-01,6,Dairy,874.0,0,108.325,0.0,0.0,0.0,0.0,0.0,0.0,0.0,0.0,0.0,0.0,0.0,1,6,9,2013
436466,2013-09-02,6,Dairy,546.0,0,108.4975,0.0,0.0,0.0,0.0,0.0,0.0,0.0,0.0,0.0,0.0,0.0,2,0,9,2013
438248,2013-09-03,6,Dairy,513.0,0,108.67,0.0,0.0,0.0,0.0,0.0,0.0,0.0,0.0,0.0,0.0,0.0,3,1,9,2013
440030,2013-09-04,6,Dairy,578.0,0,107.29,0.0,0.0,0.0,0.0,0.0,0.0,0.0,0.0,0.0,0.0,0.0,4,2,9,2013
441812,2013-09-05,6,Dairy,471.0,0,108.5,0.0,0.0,0.0,0.0,0.0,0.0,0.0,0.0,0.0,0.0,0.0,5,3,9,2013
443594,2013-09-06,6,Dairy,412.0,0,110.62,0.0,0.0,0.0,0.0,0.0,0.0,0.0,0.0,0.0,0.0,0.0,6,4,9,2013
445376,2013-09-07,6,Dairy,749.0,0,110.28666666666668,0.0,0.0,0.0,0.0,0.0,0.0,0.0,0.0,0.0,0.0,0.0,7,5,9,2013
447158,2013-09-08,6,Dairy,887.0,0,109.95333333333333,0.0,0.0,0.0,0.0,0.0,0.0,0.0,0.0,0.0,0.0,0.0,8,6,9,2013
448940,2013-09-09,6,Dairy,406.0,0,109.62,0.0,0.0,0.0,0.0,0.0,0.0,0.0,0.0,0.0,0.0,0.0,9,0,9,2013
450722,2013-09-10,6,Dairy,400.0,0,107.48,0.0,0.0,0.0,0.0,0.0,0.0,0.0,0.0,0.0,0.0,0.0,10,1,9,2013
452504,2013-09-11,6,Dairy,536.0,0,107.65,0.0,0.0,0.0,0.0,0.0,0.0,0.0,0.0,0.0,0.0,0.0,11,2,9,2013
454286,2013-09-12,6,Dairy,392.0,0,108.72,0.0,0.0,0.0,0.0,0.0,0.0,0.0,0.0,0.0,0.0,0.0,12,3,9,2013
456068,2013-09-13,6,Dairy,463.0,0,108.31,0.0,0.0,0.0,0.0,0.0,0.0,0.0,0.0,0.0,0.0,0.0,13,4,9,2013
457850,2013-09-14,6,Dairy,644.0,0,107.72,0.0,0.0,0.0,0.0,0.0,0.0,0.0,0.0,0.0,0.0,0.0,14,5,9,2013
459632,2013-09-15,6,Dairy,869.0,0,107.13000000000001,0.0,0.0,0.0,0.0,0.0,0.0,0.0,0.0,0.0,0.0,0.0,15,6,9,2013
461414,2013-09-16,6,Dairy,451.0,0,106.54,0.0,0.0,0.0,0.0,0.0,0.0,0.0,0.0,0.0,0.0,0.0,16,0,9,2013
463196,2013-09-17,6,Dairy,403.0,0,105.36,0.0,0.0,0.0,0.0,0.0,0.0,0.0,0.0,0.0,0.0,0.0,17,1,9,2013
464978,2013-09-18,6,Dairy,546.0,0,108.23,0.0,0.0,0.0,0.0,0.0,0.0,0.0,0.0,0.0,0.0,0.0,18,2,9,2013
466760,2013-09-19,6,Dairy,392.0,0,106.26,0.0,0.0,0.0,0.0,0.0,0.0,0.0,0.0,0.0,0.0,0.0,19,3,9,2013
468542,2013-09-20,6,Dairy,446.0,0,104.7,0.0,0.0,0.0,0.0,0.0,0.0,0.0,0.0,0.0,0.0,0.0,20,4,9,2013
470324,2013-09-21,6,Dairy,762.0,0,104.34,0.0,0.0,0.0,0.0,0.0,0.0,0.0,0.0,0.0,0.0,0.0,21,5,9,2013
472106,2013-09-22,6,Dairy,826.0,0,103.98,0.0,0.0,0.0,0.0,0.0,0.0,0.0,0.0,0.0,0.0,0.0,22,6,9,2013
473888,2013-09-23,6,Dairy,449.0,0,103.62,0.0,0.0,0.0,0.0,0.0,0.0,0.0,0.0,0.0,0.0,0.0,23,0,9,2013
475670,2013-09-24,6,Dairy,436.0,0,103.22,0.0,0.0,0.0,0.0,0.0,0.0,0.0,0.0,0.0,0.0,0.0,24,1,9,2013
477452,2013-09-25,6,Dairy,483.0,0,102.68,0.0,0.0,0.0,0.0,0.0,0.0,0.0,0.0,0.0,0.0,0.0,25,2,9,2013
479234,2013-09-26,6,Dairy,409.0,0,103.1,0.0,0.0,0.0,0.0,0.0,0.0,0.0,0.0,0.0,0.0,0.0,26,3,9,2013
481016,2013-09-27,6,Dairy,486.0,0,102.86,0.0,0.0,0.0,0.0,0.0,0.0,0.0,0.0,0.0,0.0,0.0,27,4,9,2013
482798,2013-09-28,6,Dairy,698.0,0,102.69333333333333,0.0,0.0,0.0,0.0,1.0,0.0,0.0,0.0,0.0,0.0,0.0,28,5,9,2013
484580,2013-09-29,6,Dairy,946.0,0,102.52666666666667,0.0,0.0,0.0,0.0,0.0,0.0,0.0,0.0,0.0,0.0,0.0,29,6,9,2013
486362,2013-09-30,6,Dairy,448.0,0,102.36,0.0,0.0,0.0,0.0,0.0,0.0,0.0,0.0,0.0,0.0,0.0,30,0,9,2013
488144,2013-10-01,6,Dairy,490.0,0,102.09,0.0,0.0,0.0,0.0,0.0,0.0,0.0,0.0,0.0,0.0,0.0,1,1,10,2013
489926,2013-10-02,6,Dairy,539.0,0,104.15,0.0,0.0,0.0,0.0,0.0,0.0,0.0,0.0,0.0,0.0,0.0,2,2,10,2013
491708,2013-10-03,6,Dairy,427.0,0,103.29,0.0,0.0,0.0,0.0,0.0,0.0,0.0,0.0,0.0,0.0,0.0,3,3,10,2013
493490,2013-10-04,6,Dairy,562.0,0,103.83,0.0,0.0,0.0,0.0,0.0,0.0,0.0,0.0,0.0,0.0,0.0,4,4,10,2013
495272,2013-10-05,6,Dairy,727.0,0,103.57666666666667,0.0,0.0,0.0,0.0,0.0,0.0,0.0,0.0,0.0,0.0,0.0,5,5,10,2013
497054,2013-10-06,6,Dairy,826.0,0,103.32333333333332,0.0,0.0,0.0,0.0,0.0,0.0,0.0,0.0,0.0,0.0,0.0,6,6,10,2013
498836,2013-10-07,6,Dairy,507.0,0,103.07,0.0,0.0,0.0,0.0,1.0,0.0,0.0,0.0,0.0,0.0,0.0,7,0,10,2013
500618,2013-10-08,6,Dairy,355.0,0,103.54,0.0,0.0,0.0,0.0,0.0,0.0,0.0,0.0,0.0,0.0,0.0,8,1,10,2013
502400,2013-10-09,6,Dairy,447.0,0,101.63,0.0,0.0,0.0,0.0,0.0,0.0,0.0,0.0,1.0,0.0,0.0,9,2,10,2013
504182,2013-10-10,6,Dairy,382.0,0,103.08,0.0,0.0,0.0,0.0,0.0,0.0,0.0,0.0,0.0,0.0,0.0,10,3,10,2013
505964,2013-10-11,6,Dairy,638.0,0,102.17,0.0,0.0,0.0,0.0,0.0,0.0,0.0,0.0,0.0,0.0,1.0,11,4,10,2013
507746,2013-10-12,6,Dairy,615.0,0,102.26666666666667,0.0,0.0,0.0,0.0,0.0,0.0,0.0,0.0,0.0,0.0,0.0,12,5,10,2013
509528,2013-10-13,6,Dairy,734.0,0,102.36333333333333,0.0,0.0,0.0,0.0,0.0,0.0,0.0,0.0,0.0,0.0,0.0,13,6,10,2013
511310,2013-10-14,6,Dairy,402.0,0,102.46,0.0,0.0,0.0,0.0,0.0,0.0,0.0,0.0,0.0,0.0,0.0,14,0,10,2013
513092,2013-10-15,6,Dairy,495.0,0,101.15,0.0,0.0,0.0,0.0,0.0,0.0,0.0,0.0,0.0,0.0,0.0,15,1,10,2013
514874,2013-10-16,6,Dairy,515.0,0,102.34,0.0,0.0,0.0,0.0,0.0,0.0,0.0,0.0,0.0,0.0,0.0,16,2,10,2013
516656,2013-10-17,6,Dairy,425.0,0,100.72,0.0,0.0,0.0,0.0,0.0,0.0,0.0,0.0,0.0,0.0,0.0,17,3,10,2013
518438,2013-10-18,6,Dairy,457.0,0,100.87,0.0,0.0,0.0,0.0,0.0,0.0,0.0,0.0,0.0,0.0,0.0,18,4,10,2013
520220,2013-10-19,6,Dairy,813.0,0,100.34,0.0,0.0,0.0,0.0,0.0,0.0,0.0,0.0,0.0,0.0,0.0,19,5,10,2013
522002,2013-10-20,6,Dairy,858.0,0,99.81,0.0,0.0,0.0,0.0,0.0,0.0,0.0,0.0,0.0,0.0,0.0,20,6,10,2013
523784,2013-10-21,6,Dairy,470.0,0,99.28,0.0,0.0,0.0,0.0,0.0,0.0,0.0,0.0,0.0,0.0,0.0,21,0,10,2013
525566,2013-10-22,6,Dairy,436.0,0,97.63,0.0,0.0,0.0,0.0,0.0,0.0,0.0,0.0,0.0,0.0,0.0,22,1,10,2013
527348,2013-10-23,6,Dairy,516.0,0,96.9,0.0,0.0,0.0,0.0,0.0,0.0,0.0,0.0,0.0,0.0,0.0,23,2,10,2013
529130,2013-10-24,6,Dairy,351.0,0,96.65,0.0,0.0,0.0,0.0,0.0,0.0,0.0,0.0,0.0,0.0,0.0,24,3,10,2013
530912,2013-10-25,6,Dairy,483.0,0,97.4,0.0,0.0,0.0,0.0,0.0,0.0,0.0,0.0,0.0,0.0,0.0,25,4,10,2013
532694,2013-10-26,6,Dairy,687.0,0,97.84666666666666,0.0,0.0,0.0,0.0,0.0,0.0,0.0,0.0,0.0,0.0,0.0,26,5,10,2013
534476,2013-10-27,6,Dairy,863.0,0,98.29333333333334,0.0,0.0,0.0,0.0,0.0,0.0,0.0,0.0,0.0,0.0,0.0,27,6,10,2013
536258,2013-10-28,6,Dairy,446.0,0,98.74,0.0,0.0,0.0,0.0,0.0,0.0,0.0,0.0,0.0,0.0,0.0,28,0,10,2013
538040,2013-10-29,6,Dairy,477.0,0,98.29,0.0,0.0,0.0,0.0,0.0,0.0,0.0,0.0,0.0,0.0,0.0,29,1,10,2013
539822,2013-10-30,6,Dairy,457.0,0,96.81,0.0,0.0,0.0,0.0,0.0,0.0,0.0,0.0,0.0,0.0,0.0,30,2,10,2013
541604,2013-10-31,6,Dairy,359.0,0,96.29,0.0,0.0,0.0,0.0,0.0,0.0,0.0,0.0,0.0,0.0,0.0,31,3,10,2013
543386,2013-11-01,6,Dairy,554.0,0,94.56,0.0,0.0,0.0,0.0,0.0,0.0,0.0,0.0,0.0,0.0,0.0,1,4,11,2013
545168,2013-11-02,6,Dairy,818.0,0,94.56666666666666,0.0,0.0,0.0,0.0,0.0,1.0,0.0,0.0,0.0,0.0,0.0,2,5,11,2013
546950,2013-11-03,6,Dairy,903.0,0,94.57333333333334,0.0,0.0,0.0,0.0,0.0,1.0,0.0,0.0,0.0,0.0,0.0,3,6,11,2013
548732,2013-11-04,6,Dairy,588.0,0,94.58,0.0,0.0,0.0,0.0,0.0,0.0,0.0,0.0,0.0,0.0,0.0,4,0,11,2013
550514,2013-11-05,6,Dairy,749.0,0,93.4,0.0,0.0,0.0,0.0,0.0,0.0,0.0,0.0,0.0,0.0,0.0,5,1,11,2013
552296,2013-11-06,6,Dairy,749.0,0,94.74,0.0,0.0,0.0,0.0,0.0,0.0,1.0,0.0,0.0,0.0,0.0,6,2,11,2013
554078,2013-11-07,6,Dairy,553.0,0,94.25,0.0,0.0,0.0,0.0,0.0,0.0,1.0,0.0,0.0,0.0,0.0,7,3,11,2013
555860,2013-11-08,6,Dairy,601.0,0,94.56,0.0,0.0,0.0,0.0,0.0,0.0,0.0,0.0,0.0,0.0,0.0,8,4,11,2013
557642,2013-11-09,6,Dairy,1041.0,0,94.75,0.0,0.0,0.0,0.0,0.0,0.0,0.0,0.0,0.0,0.0,0.0,9,5,11,2013
559424,2013-11-10,6,Dairy,1391.0,0,94.94,0.0,0.0,0.0,0.0,1.0,0.0,0.0,0.0,0.0,0.0,0.0,10,6,11,2013
561206,2013-11-11,6,Dairy,805.0,0,95.13,0.0,0.0,0.0,0.0,1.0,0.0,0.0,0.0,0.0,0.0,0.0,11,0,11,2013
562988,2013-11-12,6,Dairy,651.0,0,93.12,0.0,0.0,0.0,0.0,1.0,0.0,0.0,0.0,0.0,0.0,0.0,12,1,11,2013
564770,2013-11-13,6,Dairy,693.0,0,93.91,0.0,0.0,0.0,0.0,0.0,0.0,0.0,0.0,0.0,0.0,0.0,13,2,11,2013
566552,2013-11-14,6,Dairy,524.0,0,93.76,0.0,0.0,0.0,0.0,0.0,0.0,0.0,0.0,0.0,0.0,0.0,14,3,11,2013
568334,2013-11-15,6,Dairy,653.0,0,93.8,0.0,0.0,0.0,0.0,0.0,0.0,0.0,0.0,0.0,0.0,0.0,15,4,11,2013
570116,2013-11-16,6,Dairy,1080.0,0,93.54333333333334,0.0,0.0,0.0,0.0,0.0,0.0,0.0,0.0,0.0,0.0,0.0,16,5,11,2013
571898,2013-11-17,6,Dairy,1358.0,0,93.28666666666666,0.0,0.0,0.0,0.0,0.0,0.0,0.0,0.0,0.0,0.0,0.0,17,6,11,2013
573680,2013-11-18,6,Dairy,864.0,0,93.03,0.0,0.0,0.0,0.0,0.0,0.0,0.0,0.0,0.0,0.0,0.0,18,0,11,2013
575462,2013-11-19,6,Dairy,587.0,0,93.35,0.0,0.0,0.0,0.0,0.0,0.0,0.0,0.0,0.0,0.0,0.0,19,1,11,2013
577244,2013-11-20,6,Dairy,825.0,0,93.34,0.0,0.0,0.0,0.0,0.0,0.0,0.0,0.0,0.0,0.0,0.0,20,2,11,2013
579026,2013-11-21,6,Dairy,542.0,0,95.35,0.0,0.0,0.0,0.0,0.0,0.0,0.0,0.0,0.0,0.0,0.0,21,3,11,2013
580808,2013-11-22,6,Dairy,632.0,0,94.53,0.0,0.0,0.0,0.0,0.0,0.0,0.0,0.0,0.0,0.0,0.0,22,4,11,2013
582590,2013-11-23,6,Dairy,1012.0,0,94.30666666666667,0.0,0.0,0.0,0.0,0.0,0.0,0.0,0.0,0.0,0.0,0.0,23,5,11,2013
584372,2013-11-24,6,Dairy,1342.0,0,94.08333333333333,0.0,0.0,0.0,0.0,0.0,0.0,0.0,0.0,0.0,0.0,0.0,24,6,11,2013
586154,2013-11-25,6,Dairy,761.0,0,93.86,0.0,0.0,0.0,0.0,0.0,0.0,0.0,0.0,0.0,0.0,0.0,25,0,11,2013
587936,2013-11-26,6,Dairy,708.0,0,93.41,0.0,0.0,0.0,0.0,0.0,0.0,0.0,0.0,0.0,0.0,0.0,26,1,11,2013
589718,2013-11-27,6,Dairy,692.0,0,92.05,0.0,0.0,0.0,0.0,0.0,0.0,0.0,0.0,0.0,0.0,0.0,27,2,11,2013
591500,2013-11-28,6,Dairy,531.0,0,92.3,0.0,0.0,0.0,0.0,0.0,0.0,0.0,0.0,0.0,0.0,0.0,28,3,11,2013
593282,2013-11-29,6,Dairy,547.0,0,92.55,0.0,0.0,0.0,0.0,0.0,0.0,0.0,0.0,0.0,0.0,0.0,29,4,11,2013
595064,2013-11-30,6,Dairy,1092.0,0,92.90333333333334,0.0,0.0,0.0,0.0,0.0,0.0,0.0,0.0,0.0,0.0,0.0,30,5,11,2013
596846,2013-12-01,6,Dairy,1765.0,0,93.25666666666666,0.0,0.0,0.0,0.0,0.0,0.0,0.0,0.0,0.0,0.0,0.0,1,6,12,2013
598628,2013-12-02,6,Dairy,1068.0,0,93.61,0.0,0.0,0.0,0.0,0.0,0.0,0.0,0.0,0.0,0.0,0.0,2,0,12,2013
600410,2013-12-03,6,Dairy,906.0,0,95.83,0.0,0.0,0.0,0.0,0.0,0.0,0.0,0.0,0.0,0.0,0.0,3,1,12,2013
602192,2013-12-04,6,Dairy,848.0,0,96.97,0.0,0.0,0.0,0.0,0.0,0.0,0.0,0.0,0.0,0.0,0.0,4,2,12,2013
603974,2013-12-05,6,Dairy,652.0,0,97.14,1.0,0.0,0.0,0.0,0.0,0.0,0.0,0.0,0.0,0.0,0.0,5,3,12,2013
605756,2013-12-06,6,Dairy,744.0,0,97.48,0.0,0.0,0.0,0.0,1.0,0.0,0.0,0.0,0.0,0.0,0.0,6,4,12,2013
607538,2013-12-07,6,Dairy,1058.0,0,97.35333333333334,0.0,0.0,0.0,0.0,0.0,0.0,0.0,0.0,0.0,0.0,0.0,7,5,12,2013
609320,2013-12-08,6,Dairy,1454.0,0,97.22666666666666,0.0,0.0,0.0,0.0,1.0,0.0,0.0,0.0,0.0,0.0,0.0,8,6,12,2013
611102,2013-12-09,6,Dairy,990.0,0,97.1,0.0,0.0,0.0,0.0,0.0,0.0,0.0,0.0,0.0,0.0,0.0,9,0,12,2013
612884,2013-12-10,6,Dairy,740.0,0,98.32,0.0,0.0,0.0,0.0,0.0,0.0,0.0,0.0,0.0,0.0,0.0,10,1,12,2013
614666,2013-12-11,6,Dairy,770.0,0,97.25,0.0,0.0,0.0,0.0,0.0,0.0,0.0,0.0,0.0,0.0,0.0,11,2,12,2013
616448,2013-12-12,6,Dairy,619.0,0,97.21,0.0,0.0,0.0,0.0,0.0,0.0,0.0,0.0,0.0,0.0,0.0,12,3,12,2013
618230,2013-12-13,6,Dairy,617.0,0,96.27,0.0,0.0,0.0,0.0,0.0,0.0,0.0,0.0,0.0,0.0,0.0,13,4,12,2013
620012,2013-12-14,6,Dairy,996.0,0,96.57333333333334,0.0,0.0,0.0,0.0,0.0,0.0,0.0,0.0,0.0,0.0,0.0,14,5,12,2013
621794,2013-12-15,6,Dairy,1481.0,0,96.87666666666667,0.0,0.0,0.0,0.0,0.0,0.0,0.0,0.0,0.0,0.0,0.0,15,6,12,2013
623576,2013-12-16,6,Dairy,897.0,0,97.18,0.0,0.0,0.0,0.0,0.0,0.0,0.0,0.0,0.0,0.0,0.0,16,0,12,2013
625358,2013-12-17,6,Dairy,753.0,0,96.99,0.0,0.0,0.0,0.0,0.0,0.0,0.0,0.0,0.0,0.0,0.0,17,1,12,2013
627140,2013-12-18,6,Dairy,950.0,0,97.59,0.0,0.0,0.0,0.0,0.0,0.0,0.0,0.0,0.0,0.0,0.0,18,2,12,2013
628922,2013-12-19,6,Dairy,785.0,0,98.4,0.0,0.0,0.0,0.0,0.0,0.0,0.0,0.0,0.0,0.0,0.0,19,3,12,2013
630704,2013-12-20,6,Dairy,832.0,0,99.11,0.0,0.0,0.0,0.0,0.0,0.0,0.0,0.0,0.0,0.0,0.0,20,4,12,2013
632486,2013-12-21,6,Dairy,1167.0,0,98.94666666666667,0.0,1.0,0.0,0.0,0.0,0.0,0.0,0.0,0.0,0.0,0.0,21,5,12,2013
634268,2013-12-22,6,Dairy,1422.0,0,98.78333333333333,0.0,1.0,0.0,0.0,1.0,0.0,0.0,0.0,0.0,0.0,0.0,22,6,12,2013
636050,2013-12-23,6,Dairy,1431.0,0,98.62,0.0,1.0,0.0,0.0,0.0,0.0,0.0,0.0,0.0,0.0,0.0,23,0,12,2013
637832,2013-12-24,6,Dairy,1444.0,0,98.87,0.0,1.0,0.0,0.0,0.0,0.0,0.0,0.0,0.0,0.0,0.0,24,1,12,2013
639614,2013-12-26,6,Dairy,765.0,0,99.18,0.0,1.0,0.0,0.0,0.0,0.0,0.0,0.0,0.0,0.0,0.0,26,3,12,2013
641396,2013-12-27,6,Dairy,767.0,0,99.94,0.0,0.0,0.0,0.0,0.0,0.0,0.0,0.0,0.0,0.0,0.0,27,4,12,2013
643178,2013-12-28,6,Dairy,923.0,0,99.59333333333333,0.0,0.0,0.0,0.0,0.0,0.0,0.0,0.0,0.0,0.0,0.0,28,5,12,2013
644960,2013-12-29,6,Dairy,893.0,0,99.24666666666667,0.0,0.0,0.0,0.0,0.0,0.0,0.0,0.0,0.0,0.0,0.0,29,6,12,2013
646742,2013-12-30,6,Dairy,1299.0,0,98.9,0.0,0.0,0.0,0.0,0.0,0.0,0.0,0.0,0.0,0.0,0.0,30,0,12,2013
648524,2013-12-31,6,Dairy,1262.0,0,98.17,0.0,1.0,0.0,0.0,0.0,0.0,0.0,0.0,0.0,0.0,0.0,31,1,12,2013
652088,2014-01-02,6,Dairy,1208.0,0,95.14,0.0,0.0,0.0,0.0,0.0,0.0,0.0,0.0,0.0,0.0,0.0,2,3,1,2014
653870,2014-01-03,6,Dairy,1042.0,0,93.66,0.0,0.0,0.0,0.0,0.0,0.0,0.0,0.0,0.0,0.0,0.0,3,4,1,2014
655652,2014-01-04,6,Dairy,1447.0,0,93.48,0.0,0.0,0.0,0.0,0.0,0.0,0.0,0.0,0.0,0.0,0.0,4,5,1,2014
657434,2014-01-05,6,Dairy,1777.0,0,93.3,0.0,0.0,0.0,0.0,0.0,0.0,0.0,0.0,0.0,0.0,0.0,5,6,1,2014
659216,2014-01-06,6,Dairy,844.0,0,93.12,0.0,0.0,0.0,0.0,0.0,0.0,0.0,0.0,0.0,0.0,0.0,6,0,1,2014
660998,2014-01-07,6,Dairy,835.0,0,93.31,0.0,0.0,0.0,0.0,0.0,0.0,0.0,0.0,0.0,0.0,0.0,7,1,1,2014
662780,2014-01-08,6,Dairy,975.0,0,91.9,0.0,0.0,0.0,0.0,0.0,0.0,0.0,0.0,0.0,0.0,0.0,8,2,1,2014
664562,2014-01-09,6,Dairy,728.0,0,91.36,0.0,0.0,0.0,0.0,0.0,0.0,0.0,0.0,0.0,0.0,0.0,9,3,1,2014
666344,2014-01-10,6,Dairy,823.0,0,92.39,0.0,0.0,0.0,0.0,0.0,0.0,0.0,0.0,0.0,0.0,0.0,10,4,1,2014
668126,2014-01-11,6,Dairy,1311.0,0,92.07666666666667,0.0,0.0,0.0,0.0,0.0,0.0,0.0,0.0,0.0,0.0,0.0,11,5,1,2014
669908,2014-01-12,6,Dairy,1626.0,0,91.76333333333334,0.0,0.0,0.0,0.0,0.0,0.0,0.0,0.0,0.0,0.0,0.0,12,6,1,2014
671690,2014-01-13,6,Dairy,847.0,0,91.45,0.0,0.0,0.0,0.0,0.0,0.0,0.0,0.0,0.0,0.0,0.0,13,0,1,2014
673472,2014-01-14,6,Dairy,734.0,0,92.15,0.0,0.0,0.0,0.0,0.0,0.0,0.0,0.0,0.0,0.0,0.0,14,1,1,2014
675254,2014-01-15,6,Dairy,819.0,0,93.78,0.0,0.0,0.0,0.0,0.0,0.0,0.0,0.0,0.0,0.0,0.0,15,2,1,2014
677036,2014-01-16,6,Dairy,764.0,0,93.54,0.0,0.0,0.0,0.0,0.0,0.0,0.0,0.0,0.0,0.0,0.0,16,3,1,2014
678818,2014-01-17,6,Dairy,856.0,0,93.96,0.0,0.0,0.0,0.0,0.0,0.0,0.0,0.0,0.0,0.0,0.0,17,4,1,2014
680600,2014-01-18,6,Dairy,1358.0,0,94.0975,0.0,0.0,0.0,0.0,0.0,0.0,0.0,0.0,0.0,0.0,0.0,18,5,1,2014
682382,2014-01-19,6,Dairy,1719.0,0,94.235,0.0,0.0,0.0,0.0,0.0,0.0,0.0,0.0,0.0,0.0,0.0,19,6,1,2014
684164,2014-01-20,6,Dairy,926.0,0,94.3725,0.0,0.0,0.0,0.0,0.0,0.0,0.0,0.0,0.0,0.0,0.0,20,0,1,2014
685946,2014-01-21,6,Dairy,940.0,0,94.51,0.0,0.0,0.0,0.0,0.0,0.0,0.0,0.0,0.0,0.0,0.0,21,1,1,2014
687728,2014-01-22,6,Dairy,893.0,0,96.35,0.0,0.0,0.0,0.0,0.0,0.0,0.0,0.0,0.0,0.0,0.0,22,2,1,2014
689510,2014-01-23,6,Dairy,729.0,0,97.23,0.0,0.0,0.0,0.0,0.0,0.0,0.0,0.0,0.0,0.0,0.0,23,3,1,2014
691292,2014-01-24,6,Dairy,917.0,0,96.66,0.0,0.0,0.0,0.0,0.0,0.0,0.0,0.0,0.0,0.0,0.0,24,4,1,2014
693074,2014-01-25,6,Dairy,1136.0,0,96.38,0.0,0.0,0.0,0.0,0.0,0.0,0.0,0.0,0.0,0.0,0.0,25,5,1,2014
694856,2014-01-26,6,Dairy,1673.0,0,96.1,0.0,0.0,0.0,0.0,0.0,0.0,0.0,0.0,0.0,0.0,0.0,26,6,1,2014
696638,2014-01-27,6,Dairy,966.0,0,95.82,0.0,0.0,0.0,0.0,0.0,0.0,0.0,0.0,0.0,0.0,0.0,27,0,1,2014
698420,2014-01-28,6,Dairy,765.0,0,97.49,0.0,0.0,0.0,0.0,0.0,0.0,0.0,0.0,0.0,0.0,0.0,28,1,1,2014
700202,2014-01-29,6,Dairy,764.0,0,97.34,0.0,0.0,0.0,0.0,0.0,0.0,0.0,0.0,0.0,0.0,0.0,29,2,1,2014
701984,2014-01-30,6,Dairy,706.0,0,98.25,0.0,0.0,0.0,0.0,0.0,0.0,0.0,0.0,0.0,0.0,0.0,30,3,1,2014
703766,2014-01-31,6,Dairy,950.0,0,97.55,0.0,0.0,0.0,0.0,0.0,0.0,0.0,0.0,0.0,0.0,0.0,31,4,1,2014
705548,2014-02-01,6,Dairy,1351.0,0,97.17999999999999,0.0,0.0,0.0,0.0,0.0,0.0,0.0,0.0,0.0,0.0,0.0,1,5,2,2014
707330,2014-02-02,6,Dairy,1481.0,0,96.81,0.0,0.0,0.0,0.0,0.0,0.0,0.0,0.0,0.0,0.0,0.0,2,6,2,2014
709112,2014-02-03,6,Dairy,1034.0,0,96.44,0.0,0.0,0.0,0.0,0.0,0.0,0.0,0.0,0.0,0.0,0.0,3,0,2,2014
710894,2014-02-04,6,Dairy,819.0,0,97.24,0.0,0.0,0.0,0.0,0.0,0.0,0.0,0.0,0.0,0.0,0.0,4,1,2,2014
712676,2014-02-05,6,Dairy,874.0,0,97.4,0.0,0.0,0.0,0.0,0.0,0.0,0.0,0.0,0.0,0.0,0.0,5,2,2,2014
714458,2014-02-06,6,Dairy,683.0,0,97.84,0.0,0.0,0.0,0.0,0.0,0.0,0.0,0.0,0.0,0.0,0.0,6,3,2,2014
716240,2014-02-07,6,Dairy,758.0,0,99.98,0.0,0.0,0.0,0.0,0.0,0.0,0.0,0.0,0.0,0.0,0.0,7,4,2,2014
718022,2014-02-08,6,Dairy,1171.0,0,100.02666666666667,0.0,0.0,0.0,0.0,0.0,0.0,0.0,0.0,0.0,0.0,0.0,8,5,2,2014
719804,2014-02-09,6,Dairy,1369.0,0,100.07333333333334,0.0,0.0,0.0,0.0,0.0,0.0,0.0,0.0,0.0,0.0,0.0,9,6,2,2014
721586,2014-02-10,6,Dairy,891.0,0,100.12,0.0,0.0,0.0,0.0,0.0,0.0,0.0,0.0,0.0,0.0,0.0,10,0,2,2014
723368,2014-02-11,6,Dairy,879.0,0,99.96,0.0,0.0,0.0,0.0,0.0,0.0,0.0,0.0,0.0,0.0,0.0,11,1,2,2014
725150,2014-02-12,6,Dairy,895.0,0,100.38,0.0,0.0,0.0,0.0,0.0,0.0,0.0,0.0,0.0,0.0,0.0,12,2,2,2014
726932,2014-02-13,6,Dairy,792.0,0,100.27,0.0,0.0,0.0,0.0,0.0,0.0,0.0,0.0,0.0,0.0,0.0,13,3,2,2014
728714,2014-02-14,6,Dairy,825.0,0,100.31,0.0,0.0,0.0,0.0,0.0,0.0,0.0,0.0,0.0,0.0,0.0,14,4,2,2014
730496,2014-02-15,6,Dairy,1156.0,0,100.8675,0.0,0.0,0.0,0.0,0.0,0.0,0.0,0.0,0.0,0.0,0.0,15,5,2,2014
732278,2014-02-16,6,Dairy,1619.0,0,101.42500000000001,0.0,0.0,0.0,0.0,0.0,0.0,0.0,0.0,0.0,0.0,0.0,16,6,2,2014
734060,2014-02-17,6,Dairy,988.0,0,101.9825,0.0,0.0,0.0,0.0,0.0,0.0,0.0,0.0,0.0,0.0,0.0,17,0,2,2014
735842,2014-02-18,6,Dairy,861.0,0,102.54,0.0,0.0,0.0,0.0,0.0,0.0,0.0,0.0,0.0,0.0,0.0,18,1,2,2014
737624,2014-02-19,6,Dairy,795.0,0,103.46,0.0,0.0,0.0,0.0,0.0,0.0,0.0,0.0,0.0,0.0,0.0,19,2,2,2014
739406,2014-02-20,6,Dairy,679.0,0,103.2,0.0,0.0,0.0,0.0,0.0,0.0,0.0,0.0,0.0,0.0,0.0,20,3,2,2014
741188,2014-02-21,6,Dairy,775.0,0,102.53,0.0,0.0,0.0,0.0,0.0,0.0,0.0,0.0,0.0,0.0,0.0,21,4,2,2014
742970,2014-02-22,6,Dairy,1233.0,0,102.74333333333334,0.0,0.0,0.0,0.0,0.0,0.0,0.0,0.0,0.0,0.0,0.0,22,5,2,2014
744752,2014-02-23,6,Dairy,1389.0,0,102.95666666666666,0.0,0.0,0.0,0.0,0.0,0.0,0.0,0.0,0.0,0.0,0.0,23,6,2,2014
746534,2014-02-24,6,Dairy,1043.0,0,103.17,0.0,0.0,0.0,0.0,0.0,0.0,0.0,0.0,0.0,0.0,0.0,24,0,2,2014
748316,2014-02-25,6,Dairy,751.0,0,102.2,0.0,0.0,0.0,0.0,0.0,0.0,0.0,0.0,0.0,0.0,0.0,25,1,2,2014
750098,2014-02-26,6,Dairy,907.0,0,102.93,0.0,0.0,0.0,0.0,0.0,0.0,0.0,0.0,0.0,0.0,0.0,26,2,2,2014
751880,2014-02-27,6,Dairy,597.0,0,102.68,0.0,0.0,0.0,0.0,0.0,0.0,0.0,0.0,0.0,0.0,0.0,27,3,2,2014
753662,2014-02-28,6,Dairy,712.0,0,102.88,0.0,0.0,0.0,0.0,0.0,0.0,0.0,0.0,0.0,0.0,0.0,28,4,2,2014
755444,2014-03-01,6,Dairy,1222.0,0,103.7,0.0,0.0,0.0,0.0,0.0,0.0,0.0,0.0,0.0,0.0,0.0,1,5,3,2014
757226,2014-03-02,6,Dairy,899.0,0,104.52,0.0,0.0,0.0,0.0,1.0,0.0,0.0,0.0,0.0,0.0,0.0,2,6,3,2014
759008,2014-03-03,6,Dairy,971.0,0,105.34,0.0,0.0,0.0,0.0,0.0,1.0,0.0,0.0,0.0,0.0,0.0,3,0,3,2014
760790,2014-03-04,6,Dairy,1480.0,0,103.64,0.0,0.0,0.0,0.0,0.0,1.0,0.0,0.0,0.0,0.0,0.0,4,1,3,2014
762572,2014-03-05,6,Dairy,1004.0,0,101.75,0.0,0.0,0.0,0.0,0.0,0.0,0.0,0.0,0.0,0.0,0.0,5,2,3,2014
764354,2014-03-06,6,Dairy,806.0,0,101.82,0.0,0.0,0.0,0.0,0.0,0.0,0.0,0.0,0.0,0.0,0.0,6,3,3,2014
766136,2014-03-07,6,Dairy,858.0,0,102.82,0.0,0.0,0.0,0.0,0.0,0.0,0.0,0.0,0.0,0.0,0.0,7,4,3,2014
767918,2014-03-08,6,Dairy,1110.0,0,102.34333333333333,0.0,0.0,0.0,0.0,0.0,0.0,0.0,0.0,0.0,0.0,0.0,8,5,3,2014
769700,2014-03-09,6,Dairy,1683.0,0,101.86666666666666,0.0,0.0,0.0,0.0,0.0,0.0,0.0,0.0,0.0,0.0,0.0,9,6,3,2014
771482,2014-03-10,6,Dairy,943.0,0,101.39,0.0,0.0,0.0,0.0,0.0,0.0,0.0,0.0,0.0,0.0,0.0,10,0,3,2014
773264,2014-03-11,6,Dairy,775.0,0,100.29,0.0,0.0,0.0,0.0,0.0,0.0,0.0,0.0,0.0,0.0,0.0,11,1,3,2014
775046,2014-03-12,6,Dairy,781.0,0,98.29,0.0,0.0,0.0,0.0,0.0,0.0,0.0,0.0,0.0,0.0,0.0,12,2,3,2014
776828,2014-03-13,6,Dairy,656.0,0,98.57,0.0,0.0,0.0,0.0,0.0,0.0,0.0,0.0,0.0,0.0,0.0,13,3,3,2014
778610,2014-03-14,6,Dairy,802.0,0,99.23,0.0,0.0,0.0,0.0,0.0,0.0,0.0,0.0,0.0,0.0,0.0,14,4,3,2014
780392,2014-03-15,6,Dairy,1097.0,0,98.96333333333334,0.0,0.0,0.0,0.0,0.0,0.0,0.0,0.0,0.0,0.0,0.0,15,5,3,2014
782174,2014-03-16,6,Dairy,1841.0,0,98.69666666666667,0.0,0.0,0.0,0.0,0.0,0.0,0.0,0.0,0.0,0.0,0.0,16,6,3,2014
783956,2014-03-17,6,Dairy,981.0,0,98.43,0.0,0.0,0.0,0.0,0.0,0.0,0.0,0.0,0.0,0.0,0.0,17,0,3,2014
785738,2014-03-18,6,Dairy,750.0,0,100.08,0.0,0.0,0.0,0.0,0.0,0.0,0.0,0.0,0.0,0.0,0.0,18,1,3,2014
787520,2014-03-19,6,Dairy,881.0,0,100.71,0.0,0.0,0.0,0.0,0.0,0.0,0.0,0.0,0.0,0.0,0.0,19,2,3,2014
789302,2014-03-20,6,Dairy,654.0,0,99.68,0.0,0.0,0.0,0.0,0.0,0.0,0.0,0.0,0.0,0.0,0.0,20,3,3,2014
791084,2014-03-21,6,Dairy,801.0,0,99.97,0.0,0.0,0.0,0.0,0.0,0.0,0.0,0.0,0.0,0.0,0.0,21,4,3,2014
792866,2014-03-22,6,Dairy,1194.0,0,99.99666666666667,0.0,0.0,0.0,0.0,0.0,0.0,0.0,0.0,0.0,0.0,0.0,22,5,3,2014
794648,2014-03-23,6,Dairy,1585.0,0,100.02333333333333,0.0,0.0,0.0,0.0,0.0,0.0,0.0,0.0,0.0,0.0,0.0,23,6,3,2014
796430,2014-03-24,6,Dairy,1019.0,0,100.05,0.0,0.0,0.0,0.0,0.0,0.0,0.0,0.0,0.0,0.0,0.0,24,0,3,2014
798212,2014-03-25,6,Dairy,754.0,0,99.66,0.0,0.0,0.0,0.0,0.0,0.0,0.0,0.0,0.0,0.0,0.0,25,1,3,2014
799994,2014-03-26,6,Dairy,982.0,0,100.61,0.0,0.0,0.0,0.0,0.0,0.0,0.0,0.0,0.0,0.0,0.0,26,2,3,2014
801776,2014-03-27,6,Dairy,624.0,0,101.25,0.0,0.0,0.0,0.0,0.0,0.0,0.0,0.0,0.0,0.0,0.0,27,3,3,2014
803558,2014-03-28,6,Dairy,804.0,0,101.73,0.0,0.0,0.0,0.0,0.0,0.0,0.0,0.0,0.0,0.0,0.0,28,4,3,2014
805340,2014-03-29,6,Dairy,1222.0,0,101.67666666666666,0.0,0.0,0.0,0.0,0.0,0.0,0.0,0.0,0.0,0.0,0.0,29,5,3,2014
807122,2014-03-30,6,Dairy,1619.0,0,101.62333333333333,0.0,0.0,0.0,0.0,0.0,0.0,0.0,0.0,0.0,0.0,0.0,30,6,3,2014
808904,2014-03-31,6,Dairy,930.0,0,101.57,0.0,0.0,0.0,0.0,0.0,0.0,0.0,0.0,0.0,0.0,0.0,31,0,3,2014
810686,2014-04-01,6,Dairy,903.0,0,99.69,0.0,0.0,0.0,0.0,0.0,0.0,1.0,0.0,0.0,0.0,0.0,1,1,4,2014
812468,2014-04-02,6,Dairy,1100.0,0,99.6,0.0,0.0,0.0,0.0,0.0,0.0,0.0,0.0,0.0,0.0,0.0,2,2,4,2014
814250,2014-04-03,6,Dairy,739.0,0,100.29,0.0,0.0,0.0,0.0,0.0,0.0,0.0,0.0,0.0,0.0,0.0,3,3,4,2014
816032,2014-04-04,6,Dairy,826.0,0,101.16,0.0,0.0,0.0,0.0,0.0,0.0,0.0,0.0,0.0,0.0,0.0,4,4,4,2014
817814,2014-04-05,6,Dairy,1376.0,0,100.91666666666667,0.0,0.0,0.0,0.0,0.0,0.0,0.0,0.0,0.0,0.0,0.0,5,5,4,2014
819596,2014-04-06,6,Dairy,1593.0,0,100.67333333333333,0.0,0.0,0.0,0.0,0.0,0.0,0.0,0.0,0.0,0.0,0.0,6,6,4,2014
821378,2014-04-07,6,Dairy,937.0,0,100.43,0.0,0.0,0.0,0.0,0.0,0.0,0.0,0.0,0.0,0.0,0.0,7,0,4,2014
823160,2014-04-08,6,Dairy,922.0,0,102.57,0.0,0.0,0.0,0.0,0.0,0.0,0.0,0.0,0.0,0.0,0.0,8,1,4,2014
824942,2014-04-09,6,Dairy,809.0,0,103.55,0.0,0.0,0.0,0.0,0.0,0.0,0.0,0.0,0.0,0.0,0.0,9,2,4,2014
826724,2014-04-10,6,Dairy,758.0,0,103.37,0.0,0.0,0.0,0.0,0.0,0.0,0.0,0.0,0.0,0.0,0.0,10,3,4,2014
828506,2014-04-11,6,Dairy,920.0,0,103.68,0.0,0.0,0.0,0.0,0.0,0.0,0.0,0.0,0.0,0.0,0.0,11,4,4,2014
830288,2014-04-12,6,Dairy,1239.0,0,103.80333333333334,0.0,0.0,0.0,0.0,1.0,0.0,0.0,0.0,0.0,0.0,0.0,12,5,4,2014
832070,2014-04-13,6,Dairy,1532.0,0,103.92666666666666,0.0,0.0,0.0,0.0,0.0,0.0,0.0,0.0,0.0,0.0,0.0,13,6,4,2014
833852,2014-04-14,6,Dairy,824.0,0,104.05,0.0,0.0,0.0,0.0,1.0,0.0,0.0,0.0,0.0,0.0,0.0,14,0,4,2014
835634,2014-04-15,6,Dairy,900.0,0,103.7,0.0,0.0,0.0,0.0,0.0,0.0,0.0,0.0,0.0,0.0,0.0,15,1,4,2014
837416,2014-04-16,6,Dairy,1073.0,0,103.71,0.0,0.0,0.0,0.0,0.0,0.0,0.0,0.0,0.0,0.0,0.0,16,2,4,2014
839198,2014-04-17,6,Dairy,1077.0,0,104.33,0.0,0.0,0.0,0.0,0.0,0.0,0.0,0.0,0.0,0.0,0.0,17,3,4,2014
840980,2014-04-18,6,Dairy,1181.0,0,104.335,0.0,0.0,0.0,0.0,0.0,1.0,0.0,0.0,0.0,0.0,0.0,18,4,4,2014
842762,2014-04-19,6,Dairy,964.0,0,104.34,0.0,0.0,0.0,0.0,0.0,0.0,0.0,0.0,0.0,0.0,0.0,19,5,4,2014
844544,2014-04-20,6,Dairy,1504.0,0,104.345,0.0,0.0,0.0,0.0,0.0,0.0,0.0,0.0,0.0,0.0,0.0,20,6,4,2014
846326,2014-04-21,6,Dairy,806.0,0,104.35,0.0,0.0,0.0,0.0,1.0,0.0,0.0,0.0,0.0,0.0,0.0,21,0,4,2014
848108,2014-04-22,6,Dairy,743.0,0,101.69,0.0,0.0,0.0,0.0,0.0,0.0,0.0,0.0,0.0,0.0,0.0,22,1,4,2014
849890,2014-04-23,6,Dairy,908.0,0,101.47,0.0,0.0,0.0,0.0,0.0,0.0,0.0,0.0,0.0,0.0,0.0,23,2,4,2014
851672,2014-04-24,6,Dairy,690.0,0,102.2,0.0,0.0,0.0,0.0,0.0,0.0,0.0,0.0,0.0,0.0,0.0,24,3,4,2014
853454,2014-04-25,6,Dairy,717.0,0,100.85,0.0,0.0,0.0,0.0,0.0,0.0,0.0,0.0,0.0,0.0,0.0,25,4,4,2014
855236,2014-04-26,6,Dairy,1156.0,0,100.94333333333333,0.0,0.0,0.0,0.0,0.0,0.0,0.0,0.0,0.0,0.0,0.0,26,5,4,2014
857018,2014-04-27,6,Dairy,1433.0,0,101.03666666666666,0.0,0.0,0.0,0.0,0.0,0.0,0.0,0.0,0.0,0.0,0.0,27,6,4,2014
858800,2014-04-28,6,Dairy,900.0,0,101.13,0.0,0.0,0.0,0.0,0.0,0.0,0.0,0.0,0.0,0.0,0.0,28,0,4,2014
860582,2014-04-29,6,Dairy,715.0,2,101.56,0.0,0.0,0.0,0.0,0.0,0.0,0.0,0.0,0.0,0.0,0.0,29,1,4,2014
862364,2014-04-30,6,Dairy,663.0,2,100.07,0.0,0.0,0.0,0.0,0.0,0.0,0.0,0.0,0.0,0.0,0.0,30,2,4,2014
864146,2014-05-01,6,Dairy,1159.0,3,99.69,0.0,0.0,0.0,0.0,0.0,1.0,0.0,0.0,0.0,0.0,0.0,1,3,5,2014
865928,2014-05-02,6,Dairy,882.0,3,100.09,0.0,0.0,0.0,0.0,0.0,0.0,0.0,0.0,0.0,0.0,0.0,2,4,5,2014
867710,2014-05-03,6,Dairy,1306.0,2,99.97333333333333,0.0,0.0,0.0,0.0,0.0,0.0,0.0,0.0,0.0,0.0,0.0,3,5,5,2014
869492,2014-05-04,6,Dairy,1449.0,1,99.85666666666667,0.0,0.0,0.0,0.0,0.0,0.0,0.0,0.0,0.0,0.0,0.0,4,6,5,2014
871274,2014-05-05,6,Dairy,803.0,1,99.74,0.0,0.0,0.0,0.0,0.0,0.0,0.0,0.0,0.0,0.0,0.0,5,0,5,2014
873056,2014-05-06,6,Dairy,643.0,1,99.81,0.0,0.0,0.0,0.0,0.0,0.0,0.0,0.0,0.0,0.0,0.0,6,1,5,2014
874838,2014-05-07,6,Dairy,876.0,5,101.06,0.0,0.0,0.0,0.0,0.0,0.0,0.0,0.0,0.0,0.0,0.0,7,2,5,2014
876620,2014-05-08,6,Dairy,563.0,2,100.52,0.0,0.0,0.0,0.0,0.0,0.0,0.0,0.0,0.0,0.0,0.0,8,3,5,2014
878402,2014-05-09,6,Dairy,775.0,2,100.32,0.0,0.0,0.0,0.0,0.0,0.0,0.0,0.0,0.0,0.0,0.0,9,4,5,2014
880184,2014-05-10,6,Dairy,1350.0,3,100.50999999999999,0.0,1.0,0.0,0.0,0.0,0.0,0.0,0.0,0.0,0.0,0.0,10,5,5,2014
881966,2014-05-11,6,Dairy,1184.0,2,100.7,0.0,0.0,0.0,1.0,0.0,0.0,0.0,0.0,0.0,0.0,0.0,11,6,5,2014
883748,2014-05-12,6,Dairy,800.0,2,100.89,0.0,0.0,0.0,0.0,1.0,0.0,0.0,0.0,0.0,0.0,0.0,12,0,5,2014
885530,2014-05-13,6,Dairy,712.0,1,102.01,0.0,0.0,0.0,0.0,0.0,0.0,0.0,0.0,0.0,0.0,0.0,13,1,5,2014
887312,2014-05-14,6,Dairy,862.0,1,102.63,0.0,0.0,0.0,0.0,0.0,0.0,0.0,0.0,0.0,0.0,0.0,14,2,5,2014
889094,2014-05-15,6,Dairy,676.0,0,101.74,0.0,0.0,0.0,0.0,0.0,0.0,0.0,0.0,0.0,0.0,0.0,15,3,5,2014
890876,2014-05-16,6,Dairy,828.0,0,102.31,0.0,0.0,0.0,0.0,0.0,0.0,0.0,0.0,0.0,0.0,0.0,16,4,5,2014
892658,2014-05-17,6,Dairy,1120.0,0,102.52333333333334,0.0,0.0,0.0,0.0,0.0,0.0,0.0,0.0,0.0,0.0,0.0,17,5,5,2014
894440,2014-05-18,6,Dairy,1411.0,2,102.73666666666666,0.0,0.0,0.0,0.0,0.0,0.0,0.0,0.0,0.0,0.0,0.0,18,6,5,2014
896222,2014-05-19,6,Dairy,935.0,0,102.95,0.0,0.0,0.0,0.0,0.0,0.0,0.0,0.0,0.0,0.0,0.0,19,0,5,2014
898004,2014-05-20,6,Dairy,737.0,0,102.8,0.0,0.0,0.0,0.0,0.0,0.0,0.0,0.0,0.0,0.0,0.0,20,1,5,2014
899786,2014-05-21,6,Dairy,776.0,2,104.31,0.0,0.0,0.0,0.0,0.0,0.0,0.0,0.0,0.0,0.0,0.0,21,2,5,2014
901568,2014-05-22,6,Dairy,633.0,3,104.03,0.0,0.0,0.0,0.0,0.0,0.0,0.0,0.0,0.0,0.0,0.0,22,3,5,2014
903350,2014-05-23,6,Dairy,693.0,2,105.01,0.0,0.0,0.0,0.0,0.0,0.0,0.0,0.0,0.0,0.0,0.0,23,4,5,2014
905132,2014-05-24,6,Dairy,1154.0,1,104.9525,0.0,0.0,0.0,0.0,0.0,1.0,0.0,0.0,0.0,0.0,0.0,24,5,5,2014
906914,2014-05-25,6,Dairy,1528.0,2,104.89500000000001,0.0,0.0,0.0,0.0,0.0,0.0,0.0,0.0,0.0,0.0,0.0,25,6,5,2014
908696,2014-05-26,6,Dairy,1021.0,1,104.8375,0.0,0.0,0.0,0.0,0.0,0.0,0.0,0.0,0.0,0.0,0.0,26,0,5,2014
910478,2014-05-27,6,Dairy,750.0,1,104.78,0.0,0.0,0.0,0.0,0.0,0.0,0.0,0.0,0.0,0.0,0.0,27,1,5,2014
912260,2014-05-28,6,Dairy,853.0,1,103.37,0.0,0.0,0.0,0.0,0.0,0.0,0.0,0.0,0.0,0.0,0.0,28,2,5,2014
914042,2014-05-29,6,Dairy,584.0,7,104.26,0.0,0.0,0.0,0.0,0.0,0.0,0.0,0.0,0.0,0.0,0.0,29,3,5,2014
915824,2014-05-30,6,Dairy,717.0,3,103.4,0.0,0.0,0.0,0.0,0.0,0.0,0.0,0.0,0.0,0.0,0.0,30,4,5,2014
917606,2014-05-31,6,Dairy,1219.0,0,103.29,0.0,0.0,0.0,0.0,0.0,0.0,0.0,0.0,0.0,0.0,0.0,31,5,5,2014
919388,2014-06-01,6,Dairy,1640.0,0,103.17999999999999,0.0,0.0,0.0,0.0,0.0,0.0,0.0,0.0,0.0,0.0,0.0,1,6,6,2014
921170,2014-06-02,6,Dairy,1174.0,0,103.07,0.0,0.0,0.0,0.0,0.0,0.0,0.0,0.0,0.0,0.0,0.0,2,0,6,2014
922952,2014-06-03,6,Dairy,916.0,1,103.34,0.0,0.0,0.0,0.0,0.0,0.0,0.0,0.0,0.0,0.0,0.0,3,1,6,2014
924734,2014-06-04,6,Dairy,882.0,2,103.27,0.0,0.0,0.0,0.0,0.0,0.0,0.0,0.0,0.0,0.0,0.0,4,2,6,2014
926516,2014-06-05,6,Dairy,688.0,4,103.17,0.0,0.0,0.0,0.0,0.0,0.0,0.0,0.0,0.0,0.0,0.0,5,3,6,2014
928298,2014-06-06,6,Dairy,720.0,2,103.32,0.0,0.0,0.0,0.0,0.0,0.0,0.0,0.0,0.0,0.0,0.0,6,4,6,2014
930080,2014-06-07,6,Dairy,1123.0,2,103.91,0.0,0.0,0.0,0.0,0.0,0.0,0.0,0.0,0.0,0.0,0.0,7,5,6,2014
931862,2014-06-08,6,Dairy,1554.0,1,104.5,0.0,0.0,0.0,0.0,0.0,0.0,0.0,0.0,0.0,0.0,0.0,8,6,6,2014
933644,2014-06-09,6,Dairy,947.0,0,105.09,0.0,0.0,0.0,0.0,0.0,0.0,0.0,0.0,0.0,0.0,0.0,9,0,6,2014
935426,2014-06-10,6,Dairy,650.0,0,105.02,0.0,0.0,0.0,0.0,0.0,0.0,0.0,0.0,0.0,0.0,0.0,10,1,6,2014
937208,2014-06-11,6,Dairy,799.0,1,105.04,0.0,0.0,0.0,0.0,0.0,0.0,0.0,0.0,0.0,0.0,0.0,11,2,6,2014
938990,2014-06-12,6,Dairy,649.0,0,107.2,0.0,0.0,0.0,1.0,0.0,0.0,0.0,0.0,0.0,0.0,0.0,12,3,6,2014
940772,2014-06-13,6,Dairy,729.0,0,107.49,0.0,0.0,0.0,0.0,0.0,0.0,0.0,0.0,0.0,0.0,0.0,13,4,6,2014
942554,2014-06-14,6,Dairy,1340.0,2,107.5,0.0,0.0,0.0,0.0,0.0,0.0,0.0,0.0,0.0,0.0,0.0,14,5,6,2014
944336,2014-06-15,6,Dairy,1144.0,0,107.50999999999999,0.0,0.0,0.0,1.0,0.0,0.0,0.0,0.0,0.0,0.0,0.0,15,6,6,2014
946118,2014-06-16,6,Dairy,1012.0,0,107.52,0.0,0.0,0.0,0.0,0.0,0.0,0.0,0.0,0.0,0.0,0.0,16,0,6,2014
947900,2014-06-17,6,Dairy,877.0,2,106.95,0.0,0.0,0.0,0.0,0.0,0.0,0.0,0.0,0.0,0.0,0.0,17,1,6,2014
949682,2014-06-18,6,Dairy,881.0,2,106.64,0.0,0.0,0.0,0.0,0.0,0.0,0.0,0.0,0.0,0.0,0.0,18,2,6,2014
951464,2014-06-19,6,Dairy,627.0,3,107.08,0.0,0.0,0.0,0.0,0.0,0.0,0.0,0.0,0.0,0.0,0.0,19,3,6,2014
953246,2014-06-20,6,Dairy,774.0,0,107.95,0.0,0.0,0.0,1.0,0.0,0.0,0.0,0.0,0.0,0.0,0.0,20,4,6,2014
955028,2014-06-21,6,Dairy,1178.0,0,107.57666666666667,0.0,0.0,0.0,0.0,0.0,0.0,0.0,0.0,0.0,0.0,0.0,21,5,6,2014
956810,2014-06-22,6,Dairy,1500.0,1,107.20333333333333,0.0,0.0,0.0,0.0,0.0,0.0,0.0,0.0,0.0,0.0,0.0,22,6,6,2014
958592,2014-06-23,6,Dairy,847.0,2,106.83,0.0,0.0,0.0,0.0,1.0,0.0,0.0,0.0,0.0,0.0,0.0,23,0,6,2014
960374,2014-06-24,6,Dairy,694.0,0,106.64,0.0,0.0,0.0,0.0,0.0,0.0,0.0,0.0,0.0,0.0,0.0,24,1,6,2014
962156,2014-06-25,6,Dairy,837.0,0,107.04,0.0,0.0,0.0,1.0,2.0,0.0,1.0,0.0,0.0,0.0,0.0,25,2,6,2014
963938,2014-06-26,6,Dairy,673.0,0,106.49,0.0,0.0,0.0,0.0,0.0,0.0,0.0,0.0,0.0,0.0,0.0,26,3,6,2014
965720,2014-06-27,6,Dairy,655.0,0,106.46,0.0,0.0,0.0,0.0,0.0,0.0,0.0,0.0,0.0,0.0,0.0,27,4,6,2014
967502,2014-06-28,6,Dairy,1092.0,1,106.33,0.0,0.0,0.0,1.0,0.0,0.0,0.0,0.0,0.0,0.0,0.0,28,5,6,2014
969284,2014-06-29,6,Dairy,1433.0,1,106.19999999999999,0.0,0.0,0.0,1.0,0.0,0.0,0.0,0.0,0.0,0.0,0.0,29,6,6,2014
971066,2014-06-30,6,Dairy,870.0,1,106.07,0.0,0.0,0.0,1.0,0.0,0.0,0.0,0.0,0.0,0.0,0.0,30,0,6,2014
972848,2014-07-01,6,Dairy,1007.0,0,106.06,0.0,0.0,0.0,1.0,0.0,0.0,0.0,0.0,0.0,0.0,0.0,1,1,7,2014
974630,2014-07-02,6,Dairy,1027.0,0,105.18,0.0,0.0,0.0,0.0,0.0,0.0,0.0,0.0,0.0,0.0,0.0,2,2,7,2014
976412,2014-07-03,6,Dairy,824.0,1,104.76,0.0,0.0,0.0,0.0,2.0,0.0,0.0,0.0,0.0,0.0,0.0,3,3,7,2014
978194,2014-07-04,6,Dairy,867.0,1,104.6175,0.0,0.0,0.0,1.0,0.0,0.0,0.0,0.0,0.0,0.0,0.0,4,4,7,2014
979976,2014-07-05,6,Dairy,1230.0,0,104.475,0.0,0.0,0.0,1.0,0.0,0.0,0.0,0.0,0.0,0.0,0.0,5,5,7,2014
981758,2014-07-06,6,Dairy,1573.0,1,104.3325,0.0,0.0,0.0,0.0,0.0,0.0,0.0,0.0,0.0,0.0,0.0,6,6,7,2014
983540,2014-07-07,6,Dairy,992.0,2,104.19,0.0,0.0,0.0,0.0,0.0,0.0,0.0,0.0,0.0,0.0,0.0,7,0,7,2014
985322,2014-07-08,6,Dairy,893.0,0,104.06,0.0,0.0,0.0,1.0,0.0,0.0,0.0,0.0,0.0,0.0,0.0,8,1,7,2014
987104,2014-07-09,6,Dairy,801.0,0,102.93,0.0,0.0,0.0,1.0,0.0,0.0,0.0,0.0,0.0,0.0,0.0,9,2,7,2014
988886,2014-07-10,6,Dairy,582.0,1,103.61,0.0,0.0,0.0,0.0,0.0,0.0,0.0,0.0,0.0,0.0,0.0,10,3,7,2014
990668,2014-07-11,6,Dairy,796.0,3,101.48,0.0,0.0,0.0,0.0,0.0,0.0,0.0,0.0,0.0,0.0,0.0,11,4,7,2014
992450,2014-07-12,6,Dairy,1205.0,2,101.56333333333333,0.0,0.0,0.0,1.0,0.0,0.0,0.0,0.0,0.0,0.0,0.0,12,5,7,2014
994232,2014-07-13,6,Dairy,1138.0,2,101.64666666666668,0.0,0.0,0.0,1.0,0.0,0.0,0.0,0.0,0.0,0.0,0.0,13,6,7,2014
996014,2014-07-14,6,Dairy,831.0,4,101.73,0.0,0.0,0.0,0.0,0.0,0.0,0.0,0.0,0.0,0.0,0.0,14,0,7,2014
997796,2014-07-15,6,Dairy,799.0,1,100.56,0.0,0.0,0.0,0.0,0.0,0.0,0.0,0.0,0.0,0.0,0.0,15,1,7,2014
999578,2014-07-16,6,Dairy,867.0,0,101.88,0.0,0.0,0.0,0.0,0.0,0.0,0.0,0.0,0.0,0.0,0.0,16,2,7,2014
1001360,2014-07-17,6,Dairy,731.0,0,103.84,0.0,0.0,0.0,0.0,0.0,0.0,0.0,0.0,0.0,0.0,0.0,17,3,7,2014
1003142,2014-07-18,6,Dairy,817.0,1,103.83,0.0,0.0,0.0,0.0,0.0,0.0,0.0,0.0,0.0,0.0,0.0,18,4,7,2014
1004924,2014-07-19,6,Dairy,1043.0,2,104.33333333333333,0.0,0.0,0.0,0.0,0.0,0.0,0.0,0.0,0.0,0.0,0.0,19,5,7,2014
1006706,2014-07-20,6,Dairy,1312.0,0,104.83666666666667,0.0,0.0,0.0,0.0,0.0,0.0,0.0,0.0,0.0,0.0,0.0,20,6,7,2014
1008488,2014-07-21,6,Dairy,866.0,0,105.34,0.0,0.0,0.0,0.0,0.0,0.0,0.0,0.0,0.0,0.0,0.0,21,0,7,2014
1010270,2014-07-22,6,Dairy,773.0,0,104.59,0.0,0.0,0.0,0.0,0.0,0.0,0.0,0.0,0.0,0.0,0.0,22,1,7,2014
1012052,2014-07-23,6,Dairy,928.0,0,103.81,0.0,0.0,0.0,0.0,1.0,0.0,0.0,0.0,0.0,0.0,0.0,23,2,7,2014
1013834,2014-07-24,6,Dairy,737.0,0,102.76,1.0,0.0,0.0,0.0,0.0,0.0,0.0,0.0,0.0,0.0,0.0,24,3,7,2014
1015616,2014-07-25,6,Dairy,732.0,0,105.23,0.0,0.0,0.0,0.0,1.0,0.0,0.0,0.0,0.0,0.0,0.0,25,4,7,2014
1017398,2014-07-26,6,Dairy,951.0,1,105.38000000000001,0.0,0.0,0.0,0.0,0.0,0.0,0.0,0.0,0.0,0.0,0.0,26,5,7,2014
1019180,2014-07-27,6,Dairy,1124.0,1,105.53,0.0,0.0,0.0,0.0,0.0,0.0,0.0,0.0,0.0,0.0,0.0,27,6,7,2014
1020962,2014-07-28,6,Dairy,895.0,2,105.68,0.0,0.0,0.0,0.0,0.0,0.0,0.0,0.0,0.0,0.0,0.0,28,0,7,2014
1022744,2014-07-29,6,Dairy,721.0,2,104.91,0.0,0.0,0.0,0.0,0.0,0.0,0.0,0.0,0.0,0.0,0.0,29,1,7,2014
1024526,2014-07-30,6,Dairy,877.0,1,104.29,0.0,0.0,0.0,0.0,0.0,0.0,0.0,0.0,0.0,0.0,0.0,30,2,7,2014
1026308,2014-07-31,6,Dairy,689.0,0,98.23,0.0,0.0,0.0,0.0,0.0,0.0,0.0,0.0,0.0,0.0,0.0,31,3,7,2014
1028090,2014-08-01,6,Dairy,879.0,2,97.86,0.0,0.0,0.0,0.0,0.0,0.0,0.0,0.0,0.0,0.0,0.0,1,4,8,2014
1029872,2014-08-02,6,Dairy,1178.0,2,97.99333333333334,0.0,0.0,0.0,0.0,0.0,0.0,0.0,0.0,0.0,0.0,0.0,2,5,8,2014
1031654,2014-08-03,6,Dairy,1274.0,1,98.12666666666667,0.0,0.0,0.0,0.0,0.0,0.0,0.0,0.0,0.0,0.0,0.0,3,6,8,2014
1033436,2014-08-04,6,Dairy,801.0,0,98.26,0.0,0.0,0.0,0.0,0.0,0.0,0.0,0.0,0.0,0.0,0.0,4,0,8,2014
1035218,2014-08-05,6,Dairy,811.0,0,97.34,0.0,0.0,0.0,0.0,1.0,0.0,0.0,0.0,0.0,0.0,0.0,5,1,8,2014
1037000,2014-08-06,6,Dairy,697.0,1,96.93,0.0,0.0,0.0,0.0,0.0,0.0,0.0,0.0,0.0,0.0,0.0,6,2,8,2014
1038782,2014-08-07,6,Dairy,546.0,0,97.34,0.0,0.0,0.0,0.0,0.0,0.0,0.0,0.0,0.0,0.0,0.0,7,3,8,2014
1040564,2014-08-08,6,Dairy,752.0,0,97.61,0.0,0.0,0.0,0.0,0.0,0.0,0.0,0.0,0.0,0.0,0.0,8,4,8,2014
1042346,2014-08-09,6,Dairy,880.0,0,97.77,0.0,0.0,0.0,0.0,0.0,0.0,0.0,0.0,0.0,0.0,0.0,9,5,8,2014
1044128,2014-08-10,6,Dairy,1156.0,1,97.93,0.0,0.0,0.0,0.0,0.0,1.0,0.0,0.0,0.0,0.0,0.0,10,6,8,2014
1045910,2014-08-11,6,Dairy,692.0,0,98.09,0.0,0.0,0.0,0.0,0.0,0.0,0.0,0.0,0.0,0.0,0.0,11,0,8,2014
1047692,2014-08-12,6,Dairy,572.0,1,97.36,0.0,0.0,0.0,0.0,0.0,0.0,0.0,0.0,0.0,0.0,0.0,12,1,8,2014
1049474,2014-08-13,6,Dairy,737.0,0,97.57,0.0,0.0,0.0,0.0,0.0,0.0,0.0,0.0,0.0,0.0,0.0,13,2,8,2014
1051256,2014-08-14,6,Dairy,703.0,0,95.54,0.0,0.0,0.0,0.0,0.0,0.0,0.0,0.0,0.0,0.0,0.0,14,3,8,2014
1053038,2014-08-15,6,Dairy,799.0,1,97.3,0.0,0.0,0.0,0.0,1.0,0.0,0.0,0.0,0.0,0.0,0.0,15,4,8,2014
1054820,2014-08-16,6,Dairy,951.0,0,97.01333333333334,0.0,0.0,0.0,0.0,0.0,0.0,0.0,0.0,0.0,0.0,0.0,16,5,8,2014
1056602,2014-08-17,6,Dairy,1236.0,1,96.72666666666666,0.0,0.0,0.0,0.0,0.0,0.0,0.0,0.0,0.0,0.0,0.0,17,6,8,2014
1058384,2014-08-18,6,Dairy,768.0,4,96.44,0.0,0.0,0.0,0.0,0.0,0.0,0.0,0.0,0.0,0.0,0.0,18,0,8,2014
1060166,2014-08-19,6,Dairy,775.0,0,94.35,0.0,0.0,0.0,0.0,0.0,0.0,0.0,0.0,0.0,0.0,0.0,19,1,8,2014
1061948,2014-08-20,6,Dairy,780.0,0,96.4,0.0,0.0,0.0,0.0,0.0,0.0,0.0,0.0,0.0,0.0,0.0,20,2,8,2014
1063730,2014-08-21,6,Dairy,673.0,0,93.97,0.0,0.0,0.0,0.0,0.0,0.0,0.0,0.0,0.0,0.0,0.0,21,3,8,2014
1065512,2014-08-22,6,Dairy,705.0,1,93.61,0.0,0.0,0.0,0.0,0.0,0.0,0.0,0.0,0.0,0.0,0.0,22,4,8,2014
1067294,2014-08-23,6,Dairy,974.0,3,94.20333333333333,0.0,0.0,0.0,0.0,0.0,0.0,0.0,0.0,0.0,0.0,0.0,23,5,8,2014
1069076,2014-08-24,6,Dairy,1201.0,3,94.79666666666667,0.0,0.0,0.0,0.0,1.0,0.0,0.0,0.0,0.0,0.0,0.0,24,6,8,2014
1070858,2014-08-25,6,Dairy,782.0,0,95.39,0.0,0.0,0.0,0.0,0.0,0.0,0.0,0.0,0.0,0.0,0.0,25,0,8,2014
1072640,2014-08-26,6,Dairy,593.0,1,95.78,0.0,0.0,0.0,0.0,0.0,0.0,0.0,0.0,0.0,0.0,0.0,26,1,8,2014
1074422,2014-08-27,6,Dairy,817.0,1,95.82,0.0,0.0,0.0,0.0,0.0,0.0,0.0,0.0,0.0,0.0,0.0,27,2,8,2014
1076204,2014-08-28,6,Dairy,699.0,1,96.44,0.0,0.0,0.0,0.0,0.0,0.0,0.0,0.0,0.0,0.0,0.0,28,3,8,2014
1077986,2014-08-29,6,Dairy,806.0,0,97.86,0.0,0.0,0.0,0.0,0.0,0.0,0.0,0.0,0.0,0.0,0.0,29,4,8,2014
1079768,2014-08-30,6,Dairy,1216.0,3,96.625,0.0,0.0,0.0,0.0,0.0,0.0,0.0,0.0,0.0,0.0,0.0,30,5,8,2014
1081550,2014-08-31,6,Dairy,1400.0,2,95.39,0.0,0.0,0.0,0.0,0.0,0.0,0.0,0.0,0.0,0.0,0.0,31,6,8,2014
1083332,2014-09-01,6,Dairy,1273.0,1,94.155,0.0,0.0,0.0,0.0,0.0,0.0,0.0,0.0,0.0,0.0,0.0,1,0,9,2014
1085114,2014-09-02,6,Dairy,1112.0,4,92.92,0.0,0.0,0.0,0.0,0.0,0.0,0.0,0.0,0.0,0.0,0.0,2,1,9,2014
1086896,2014-09-03,6,Dairy,1170.0,3,95.5,0.0,0.0,0.0,0.0,0.0,0.0,0.0,0.0,0.0,0.0,0.0,3,2,9,2014
1088678,2014-09-04,6,Dairy,715.0,2,94.51,0.0,0.0,0.0,0.0,0.0,0.0,0.0,0.0,0.0,0.0,0.0,4,3,9,2014
1090460,2014-09-05,6,Dairy,900.0,1,93.32,0.0,0.0,0.0,0.0,0.0,0.0,0.0,0.0,0.0,0.0,0.0,5,4,9,2014
1092242,2014-09-06,6,Dairy,1361.0,5,93.09333333333333,0.0,0.0,0.0,0.0,0.0,0.0,0.0,0.0,0.0,0.0,0.0,6,5,9,2014
1094024,2014-09-07,6,Dairy,1772.0,2,92.86666666666666,0.0,0.0,0.0,0.0,0.0,0.0,0.0,0.0,0.0,0.0,0.0,7,6,9,2014
1095806,2014-09-08,6,Dairy,949.0,2,92.64,0.0,0.0,0.0,0.0,0.0,0.0,0.0,0.0,0.0,0.0,0.0,8,0,9,2014
1097588,2014-09-09,6,Dairy,792.0,1,92.73,0.0,0.0,0.0,0.0,0.0,0.0,0.0,0.0,0.0,0.0,0.0,9,1,9,2014
1099370,2014-09-10,6,Dairy,903.0,2,91.71,0.0,0.0,0.0,0.0,0.0,0.0,0.0,0.0,0.0,0.0,0.0,10,2,9,2014
1101152,2014-09-11,6,Dairy,698.0,1,92.89,0.0,0.0,0.0,0.0,0.0,0.0,0.0,0.0,0.0,0.0,0.0,11,3,9,2014
1102934,2014-09-12,6,Dairy,831.0,7,92.18,0.0,0.0,0.0,0.0,0.0,0.0,0.0,0.0,0.0,0.0,0.0,12,4,9,2014
1104716,2014-09-13,6,Dairy,1256.0,6,92.40666666666667,0.0,0.0,0.0,0.0,0.0,0.0,0.0,0.0,0.0,0.0,0.0,13,5,9,2014
1106498,2014-09-14,6,Dairy,1689.0,8,92.63333333333334,0.0,0.0,0.0,0.0,0.0,0.0,0.0,0.0,0.0,0.0,0.0,14,6,9,2014
1108280,2014-09-15,6,Dairy,958.0,6,92.86,0.0,0.0,0.0,0.0,0.0,0.0,0.0,0.0,0.0,0.0,0.0,15,0,9,2014
1110062,2014-09-16,6,Dairy,884.0,3,94.91,0.0,0.0,0.0,0.0,0.0,0.0,0.0,0.0,0.0,0.0,0.0,16,1,9,2014
1111844,2014-09-17,6,Dairy,951.0,4,94.33,0.0,0.0,0.0,0.0,0.0,0.0,0.0,0.0,0.0,0.0,0.0,17,2,9,2014
1113626,2014-09-18,6,Dairy,688.0,5,93.07,0.0,0.0,0.0,0.0,0.0,0.0,0.0,0.0,0.0,0.0,0.0,18,3,9,2014
1115408,2014-09-19,6,Dairy,828.0,6,92.43,0.0,0.0,0.0,0.0,0.0,0.0,0.0,0.0,0.0,0.0,0.0,19,4,9,2014
1117190,2014-09-20,6,Dairy,1232.0,3,92.10666666666667,0.0,0.0,0.0,0.0,0.0,0.0,0.0,0.0,0.0,0.0,0.0,20,5,9,2014
1118972,2014-09-21,6,Dairy,1790.0,4,91.78333333333333,0.0,0.0,0.0,0.0,0.0,0.0,0.0,0.0,0.0,0.0,0.0,21,6,9,2014
1120754,2014-09-22,6,Dairy,1113.0,5,91.46,0.0,0.0,0.0,0.0,0.0,0.0,0.0,0.0,0.0,0.0,0.0,22,0,9,2014
1122536,2014-09-23,6,Dairy,966.0,3,91.55,0.0,0.0,0.0,0.0,0.0,0.0,0.0,0.0,0.0,0.0,0.0,23,1,9,2014
1124318,2014-09-24,6,Dairy,916.0,1,93.6,0.0,0.0,0.0,0.0,0.0,0.0,0.0,0.0,0.0,0.0,0.0,24,2,9,2014
1126100,2014-09-25,6,Dairy,773.0,3,93.59,0.0,0.0,0.0,0.0,0.0,0.0,0.0,0.0,0.0,0.0,0.0,25,3,9,2014
1127882,2014-09-26,6,Dairy,772.0,4,95.55,0.0,0.0,0.0,0.0,0.0,0.0,0.0,0.0,0.0,0.0,0.0,26,4,9,2014
1129664,2014-09-27,6,Dairy,1380.0,2,95.21,0.0,0.0,0.0,0.0,0.0,0.0,0.0,0.0,0.0,0.0,0.0,27,5,9,2014
1131446,2014-09-28,6,Dairy,1799.0,2,94.87,0.0,0.0,0.0,0.0,1.0,0.0,0.0,0.0,0.0,0.0,0.0,28,6,9,2014
1133228,2014-09-29,6,Dairy,882.0,4,94.53,0.0,0.0,0.0,0.0,0.0,0.0,0.0,0.0,0.0,0.0,0.0,29,0,9,2014
1135010,2014-09-30,6,Dairy,882.0,3,91.17,0.0,0.0,0.0,0.0,0.0,0.0,0.0,0.0,0.0,0.0,0.0,30,1,9,2014
1136792,2014-10-01,6,Dairy,1137.0,3,90.74,0.0,0.0,0.0,0.0,0.0,0.0,0.0,0.0,0.0,0.0,0.0,1,2,10,2014
1138574,2014-10-02,6,Dairy,856.0,3,91.02,0.0,0.0,0.0,0.0,0.0,0.0,0.0,0.0,0.0,0.0,0.0,2,3,10,2014
1140356,2014-10-03,6,Dairy,968.0,4,89.76,0.0,0.0,0.0,0.0,0.0,0.0,0.0,0.0,0.0,0.0,0.0,3,4,10,2014
1142138,2014-10-04,6,Dairy,1409.0,5,89.95,0.0,0.0,0.0,0.0,0.0,0.0,0.0,0.0,0.0,0.0,0.0,4,5,10,2014
1143920,2014-10-05,6,Dairy,1906.0,3,90.14,0.0,0.0,0.0,0.0,0.0,0.0,0.0,0.0,0.0,0.0,0.0,5,6,10,2014
1145702,2014-10-06,6,Dairy,938.0,5,90.33,0.0,0.0,0.0,0.0,0.0,0.0,0.0,0.0,0.0,0.0,0.0,6,0,10,2014
1147484,2014-10-07,6,Dairy,899.0,2,88.89,0.0,0.0,0.0,0.0,1.0,0.0,0.0,0.0,0.0,0.0,0.0,7,1,10,2014
1149266,2014-10-08,6,Dairy,847.0,2,87.29,0.0,0.0,0.0,0.0,0.0,0.0,0.0,0.0,0.0,0.0,0.0,8,2,10,2014
1151048,2014-10-09,6,Dairy,612.0,1,85.76,0.0,0.0,0.0,0.0,0.0,0.0,0.0,0.0,1.0,0.0,0.0,9,3,10,2014
1152830,2014-10-10,6,Dairy,886.0,1,85.87,0.0,0.0,0.0,0.0,0.0,0.0,0.0,0.0,0.0,0.0,1.0,10,4,10,2014
1154612,2014-10-11,6,Dairy,1111.0,1,85.82333333333334,0.0,0.0,0.0,0.0,0.0,0.0,0.0,0.0,0.0,0.0,0.0,11,5,10,2014
1156394,2014-10-12,6,Dairy,1292.0,1,85.77666666666667,0.0,0.0,0.0,0.0,0.0,0.0,0.0,0.0,0.0,0.0,0.0,12,6,10,2014
1158176,2014-10-13,6,Dairy,903.0,1,85.73,0.0,0.0,0.0,0.0,0.0,0.0,0.0,0.0,0.0,0.0,0.0,13,0,10,2014
1159958,2014-10-14,6,Dairy,810.0,1,81.72,0.0,0.0,0.0,0.0,0.0,0.0,0.0,0.0,0.0,0.0,0.0,14,1,10,2014
1161740,2014-10-15,6,Dairy,857.0,2,81.82,0.0,0.0,0.0,0.0,0.0,0.0,0.0,0.0,0.0,0.0,0.0,15,2,10,2014
1163522,2014-10-16,6,Dairy,753.0,3,82.33,0.0,0.0,0.0,0.0,0.0,0.0,0.0,0.0,0.0,0.0,0.0,16,3,10,2014
1165304,2014-10-17,6,Dairy,828.0,1,82.8,0.0,0.0,0.0,0.0,0.0,0.0,0.0,0.0,0.0,0.0,0.0,17,4,10,2014
1167086,2014-10-18,6,Dairy,1268.0,2,82.78666666666666,0.0,0.0,0.0,0.0,0.0,0.0,0.0,0.0,0.0,0.0,0.0,18,5,10,2014
1168868,2014-10-19,6,Dairy,1651.0,1,82.77333333333334,0.0,0.0,0.0,0.0,0.0,0.0,0.0,0.0,0.0,0.0,0.0,19,6,10,2014
1170650,2014-10-20,6,Dairy,993.0,1,82.76,0.0,0.0,0.0,0.0,0.0,0.0,0.0,0.0,0.0,0.0,0.0,20,0,10,2014
1172432,2014-10-21,6,Dairy,795.0,1,83.25,0.0,0.0,0.0,0.0,0.0,0.0,0.0,0.0,0.0,0.0,0.0,21,1,10,2014
1174214,2014-10-22,6,Dairy,848.0,1,80.52,0.0,0.0,0.0,0.0,0.0,0.0,0.0,0.0,0.0,0.0,0.0,22,2,10,2014
1175996,2014-10-23,6,Dairy,672.0,4,82.81,0.0,0.0,0.0,0.0,0.0,0.0,0.0,0.0,0.0,0.0,0.0,23,3,10,2014
1177778,2014-10-24,6,Dairy,769.0,1,81.27,0.0,0.0,0.0,0.0,0.0,0.0,0.0,0.0,0.0,0.0,0.0,24,4,10,2014
1179560,2014-10-25,6,Dairy,1227.0,1,81.26666666666667,0.0,0.0,0.0,0.0,0.0,0.0,0.0,0.0,0.0,0.0,0.0,25,5,10,2014
1181342,2014-10-26,6,Dairy,1618.0,1,81.26333333333334,0.0,0.0,0.0,0.0,0.0,0.0,0.0,0.0,0.0,0.0,0.0,26,6,10,2014
1183124,2014-10-27,6,Dairy,788.0,0,81.26,0.0,0.0,0.0,0.0,0.0,0.0,0.0,0.0,0.0,0.0,0.0,27,0,10,2014
1184906,2014-10-28,6,Dairy,790.0,1,81.36,0.0,0.0,0.0,0.0,0.0,0.0,0.0,0.0,0.0,0.0,0.0,28,1,10,2014
1186688,2014-10-29,6,Dairy,792.0,3,82.25,0.0,0.0,0.0,0.0,0.0,0.0,0.0,0.0,0.0,0.0,0.0,29,2,10,2014
1188470,2014-10-30,6,Dairy,603.0,1,81.06,0.0,0.0,0.0,0.0,0.0,0.0,0.0,0.0,0.0,0.0,0.0,30,3,10,2014
1190252,2014-10-31,6,Dairy,804.0,2,80.53,0.0,0.0,0.0,0.0,0.0,0.0,0.0,0.0,0.0,0.0,0.0,31,4,10,2014
1192034,2014-11-01,6,Dairy,1145.0,2,79.94333333333333,0.0,0.0,0.0,0.0,0.0,0.0,0.0,0.0,0.0,0.0,0.0,1,5,11,2014
1193816,2014-11-02,6,Dairy,944.0,1,79.35666666666667,0.0,0.0,0.0,0.0,0.0,1.0,0.0,0.0,0.0,0.0,0.0,2,6,11,2014
1195598,2014-11-03,6,Dairy,1804.0,1,78.77,0.0,0.0,0.0,0.0,0.0,1.0,0.0,0.0,0.0,0.0,0.0,3,0,11,2014
1197380,2014-11-04,6,Dairy,1026.0,1,77.15,0.0,0.0,0.0,0.0,0.0,0.0,0.0,0.0,0.0,0.0,0.0,4,1,11,2014
1199162,2014-11-05,6,Dairy,904.0,1,78.71,0.0,0.0,0.0,0.0,0.0,0.0,0.0,0.0,0.0,0.0,0.0,5,2,11,2014
1200944,2014-11-06,6,Dairy,723.0,0,77.87,0.0,0.0,0.0,0.0,0.0,0.0,1.0,0.0,0.0,0.0,0.0,6,3,11,2014
1202726,2014-11-07,6,Dairy,755.0,0,78.71,0.0,0.0,0.0,0.0,0.0,0.0,1.0,0.0,0.0,0.0,0.0,7,4,11,2014
1204508,2014-11-08,6,Dairy,1226.0,2,78.28333333333333,0.0,0.0,0.0,0.0,0.0,0.0,0.0,0.0,0.0,0.0,0.0,8,5,11,2014
1206290,2014-11-09,6,Dairy,1592.0,0,77.85666666666667,0.0,0.0,0.0,0.0,0.0,0.0,0.0,0.0,0.0,0.0,0.0,9,6,11,2014
1208072,2014-11-10,6,Dairy,822.0,0,77.43,0.0,0.0,0.0,0.0,1.0,0.0,0.0,0.0,0.0,0.0,0.0,10,0,11,2014
1209854,2014-11-11,6,Dairy,764.0,0,77.85,0.0,0.0,0.0,0.0,1.0,0.0,0.0,0.0,0.0,0.0,0.0,11,1,11,2014
1211636,2014-11-12,6,Dairy,804.0,0,77.16,0.0,0.0,0.0,0.0,1.0,0.0,0.0,0.0,0.0,0.0,0.0,12,2,11,2014
1213418,2014-11-13,6,Dairy,672.0,0,74.13,0.0,0.0,0.0,0.0,0.0,0.0,0.0,0.0,0.0,0.0,0.0,13,3,11,2014
1215200,2014-11-14,6,Dairy,726.0,0,75.91,0.0,0.0,0.0,0.0,0.0,0.0,0.0,0.0,0.0,0.0,0.0,14,4,11,2014
1216982,2014-11-15,6,Dairy,1121.0,0,75.82,0.0,0.0,0.0,0.0,0.0,0.0,0.0,0.0,0.0,0.0,0.0,15,5,11,2014
1218764,2014-11-16,6,Dairy,1675.0,0,75.73,0.0,0.0,0.0,0.0,0.0,0.0,0.0,0.0,0.0,0.0,0.0,16,6,11,2014
1220546,2014-11-17,6,Dairy,996.0,2,75.64,0.0,0.0,0.0,0.0,0.0,0.0,0.0,0.0,0.0,0.0,0.0,17,0,11,2014
1222328,2014-11-18,6,Dairy,811.0,2,74.55,0.0,0.0,0.0,0.0,0.0,0.0,0.0,0.0,0.0,0.0,0.0,18,1,11,2014
1224110,2014-11-19,6,Dairy,780.0,1,74.55,0.0,0.0,0.0,0.0,0.0,0.0,0.0,0.0,0.0,0.0,0.0,19,2,11,2014
1225892,2014-11-20,6,Dairy,701.0,2,75.63,0.0,0.0,0.0,0.0,0.0,0.0,0.0,0.0,0.0,0.0,0.0,20,3,11,2014
1227674,2014-11-21,6,Dairy,781.0,0,76.52,0.0,0.0,0.0,0.0,0.0,0.0,0.0,0.0,0.0,0.0,0.0,21,4,11,2014
1229456,2014-11-22,6,Dairy,1190.0,0,76.25999999999999,0.0,0.0,0.0,0.0,0.0,0.0,0.0,0.0,0.0,0.0,0.0,22,5,11,2014
1231238,2014-11-23,6,Dairy,1700.0,1,76.0,0.0,0.0,0.0,0.0,0.0,0.0,0.0,0.0,0.0,0.0,0.0,23,6,11,2014
1233020,2014-11-24,6,Dairy,890.0,0,75.74,0.0,0.0,0.0,0.0,0.0,0.0,0.0,0.0,0.0,0.0,0.0,24,0,11,2014
1234802,2014-11-25,6,Dairy,657.0,3,74.04,0.0,0.0,0.0,0.0,0.0,0.0,0.0,0.0,0.0,0.0,0.0,25,1,11,2014
1236584,2014-11-26,6,Dairy,822.0,0,73.7,0.0,0.0,0.0,0.0,0.0,0.0,0.0,0.0,0.0,0.0,0.0,26,2,11,2014
1238366,2014-11-27,6,Dairy,609.0,0,69.82,0.0,0.0,0.0,0.0,0.0,0.0,0.0,0.0,0.0,0.0,0.0,27,3,11,2014
1240148,2014-11-28,6,Dairy,799.0,0,65.94,0.0,0.0,0.0,1.0,0.0,0.0,0.0,0.0,0.0,0.0,0.0,28,4,11,2014
1241930,2014-11-29,6,Dairy,1181.0,2,66.95333333333333,0.0,0.0,0.0,0.0,0.0,0.0,0.0,0.0,0.0,0.0,0.0,29,5,11,2014
1243712,2014-11-30,6,Dairy,1673.0,0,67.96666666666667,0.0,0.0,0.0,0.0,0.0,0.0,0.0,0.0,0.0,0.0,0.0,30,6,11,2014
1245494,2014-12-01,6,Dairy,1122.0,4,68.98,0.0,0.0,0.0,1.0,0.0,0.0,0.0,0.0,0.0,0.0,0.0,1,0,12,2014
1247276,2014-12-02,6,Dairy,929.0,1,66.99,0.0,0.0,0.0,0.0,0.0,0.0,0.0,0.0,0.0,0.0,0.0,2,1,12,2014
1249058,2014-12-03,6,Dairy,825.0,0,67.3,0.0,0.0,0.0,0.0,0.0,0.0,0.0,0.0,0.0,0.0,0.0,3,2,12,2014
1250840,2014-12-04,6,Dairy,633.0,1,66.73,0.0,0.0,0.0,0.0,0.0,0.0,0.0,0.0,0.0,0.0,0.0,4,3,12,2014
1252622,2014-12-05,6,Dairy,755.0,0,65.89,1.0,0.0,0.0,0.0,0.0,0.0,0.0,0.0,0.0,0.0,0.0,5,4,12,2014
1254404,2014-12-06,6,Dairy,1068.0,2,64.97,0.0,0.0,0.0,0.0,1.0,0.0,0.0,0.0,0.0,0.0,0.0,6,5,12,2014
1256186,2014-12-07,6,Dairy,1540.0,1,64.05,0.0,0.0,0.0,0.0,0.0,0.0,0.0,0.0,0.0,0.0,0.0,7,6,12,2014
1257968,2014-12-08,6,Dairy,1015.0,0,63.13,0.0,0.0,0.0,0.0,1.0,0.0,0.0,0.0,0.0,0.0,0.0,8,0,12,2014
1259750,2014-12-09,6,Dairy,829.0,5,63.74,0.0,0.0,0.0,0.0,0.0,0.0,0.0,0.0,0.0,0.0,0.0,9,1,12,2014
1261532,2014-12-10,6,Dairy,883.0,5,60.99,0.0,0.0,0.0,0.0,0.0,0.0,0.0,0.0,0.0,0.0,0.0,10,2,12,2014
1263314,2014-12-11,6,Dairy,664.0,2,60.01,0.0,0.0,0.0,0.0,0.0,0.0,0.0,0.0,0.0,0.0,0.0,11,3,12,2014
1265096,2014-12-12,6,Dairy,786.0,1,57.81,0.0,0.0,0.0,0.0,0.0,0.0,0.0,0.0,0.0,0.0,0.0,12,4,12,2014
1266878,2014-12-13,6,Dairy,1083.0,0,57.193333333333335,0.0,0.0,0.0,0.0,0.0,0.0,0.0,0.0,0.0,0.0,0.0,13,5,12,2014
1268660,2014-12-14,6,Dairy,1398.0,1,56.57666666666667,0.0,0.0,0.0,0.0,0.0,0.0,0.0,0.0,0.0,0.0,0.0,14,6,12,2014
1270442,2014-12-15,6,Dairy,923.0,2,55.96,0.0,0.0,0.0,0.0,0.0,0.0,0.0,0.0,0.0,0.0,0.0,15,0,12,2014
1272224,2014-12-16,6,Dairy,842.0,1,55.97,0.0,0.0,0.0,0.0,0.0,0.0,0.0,0.0,0.0,0.0,0.0,16,1,12,2014
1274006,2014-12-17,6,Dairy,910.0,2,56.43,0.0,0.0,0.0,0.0,0.0,0.0,0.0,0.0,0.0,0.0,0.0,17,2,12,2014
1275788,2014-12-18,6,Dairy,782.0,1,54.18,0.0,0.0,0.0,0.0,0.0,0.0,0.0,0.0,0.0,0.0,0.0,18,3,12,2014
1277570,2014-12-19,6,Dairy,749.0,2,56.91,0.0,0.0,0.0,0.0,0.0,0.0,0.0,0.0,0.0,0.0,0.0,19,4,12,2014
1279352,2014-12-20,6,Dairy,1108.0,1,56.35666666666666,0.0,0.0,0.0,0.0,0.0,0.0,0.0,0.0,0.0,0.0,0.0,20,5,12,2014
1281134,2014-12-21,6,Dairy,1350.0,6,55.803333333333335,0.0,1.0,0.0,0.0,0.0,0.0,0.0,0.0,0.0,0.0,0.0,21,6,12,2014
1282916,2014-12-22,6,Dairy,1043.0,2,55.25,0.0,1.0,0.0,0.0,1.0,0.0,0.0,0.0,0.0,0.0,0.0,22,0,12,2014
1284698,2014-12-23,6,Dairy,1077.0,3,56.78,0.0,1.0,0.0,0.0,0.0,0.0,0.0,0.0,0.0,0.0,0.0,23,1,12,2014
1286480,2014-12-24,6,Dairy,1114.0,2,55.7,0.0,1.0,0.0,0.0,0.0,0.0,0.0,0.0,0.0,0.0,0.0,24,2,12,2014
1288262,2014-12-26,6,Dairy,986.0,2,54.59,0.0,1.0,1.0,0.0,0.0,0.0,0.0,0.0,0.0,0.0,0.0,26,4,12,2014
1290044,2014-12-27,6,Dairy,926.0,4,54.21333333333334,0.0,0.0,0.0,0.0,0.0,0.0,0.0,0.0,0.0,0.0,0.0,27,5,12,2014
1291826,2014-12-28,6,Dairy,992.0,4,53.836666666666666,0.0,0.0,0.0,0.0,0.0,0.0,0.0,0.0,0.0,0.0,0.0,28,6,12,2014
1293608,2014-12-29,6,Dairy,879.0,3,53.46,0.0,0.0,0.0,0.0,0.0,0.0,0.0,0.0,0.0,0.0,0.0,29,0,12,2014
1295390,2014-12-30,6,Dairy,1060.0,5,54.14,0.0,0.0,0.0,0.0,0.0,0.0,0.0,0.0,0.0,0.0,0.0,30,1,12,2014
1297172,2014-12-31,6,Dairy,978.0,4,53.45,0.0,1.0,0.0,0.0,0.0,0.0,0.0,0.0,0.0,0.0,0.0,31,2,12,2014
1300736,2015-01-02,6,Dairy,1013.0,4,52.72,0.0,0.0,1.0,0.0,0.0,0.0,0.0,0.0,0.0,0.0,0.0,2,4,1,2015
1302518,2015-01-03,6,Dairy,1097.0,4,51.83,0.0,0.0,0.0,0.0,0.0,0.0,0.0,0.0,0.0,0.0,0.0,3,5,1,2015
1304300,2015-01-04,6,Dairy,1620.0,4,50.94,0.0,0.0,0.0,0.0,0.0,0.0,0.0,0.0,0.0,0.0,0.0,4,6,1,2015
1306082,2015-01-05,6,Dairy,975.0,3,50.05,0.0,0.0,0.0,0.0,0.0,0.0,0.0,0.0,0.0,0.0,0.0,5,0,1,2015
1307864,2015-01-06,6,Dairy,807.0,1,47.98,0.0,0.0,0.0,0.0,0.0,0.0,0.0,0.0,0.0,0.0,0.0,6,1,1,2015
1309646,2015-01-07,6,Dairy,940.0,3,48.69,0.0,0.0,0.0,0.0,0.0,0.0,0.0,0.0,0.0,0.0,0.0,7,2,1,2015
1311428,2015-01-08,6,Dairy,680.0,3,48.8,0.0,0.0,0.0,0.0,0.0,0.0,0.0,0.0,0.0,0.0,0.0,8,3,1,2015
1313210,2015-01-09,6,Dairy,699.0,5,48.35,0.0,0.0,0.0,0.0,0.0,0.0,0.0,0.0,0.0,0.0,0.0,9,4,1,2015
1314992,2015-01-10,6,Dairy,1079.0,4,47.586666666666666,0.0,0.0,0.0,0.0,0.0,0.0,0.0,0.0,0.0,0.0,0.0,10,5,1,2015
1316774,2015-01-11,6,Dairy,1417.0,2,46.82333333333334,0.0,0.0,0.0,0.0,0.0,0.0,0.0,0.0,0.0,0.0,0.0,11,6,1,2015
1318556,2015-01-12,6,Dairy,835.0,3,46.06,0.0,0.0,0.0,0.0,0.0,0.0,0.0,0.0,0.0,0.0,0.0,12,0,1,2015
1320338,2015-01-13,6,Dairy,739.0,5,45.92,0.0,0.0,0.0,0.0,0.0,0.0,0.0,0.0,0.0,0.0,0.0,13,1,1,2015
1322120,2015-01-14,6,Dairy,751.0,5,48.49,0.0,0.0,0.0,0.0,0.0,0.0,0.0,0.0,0.0,0.0,0.0,14,2,1,2015
1323902,2015-01-15,6,Dairy,688.0,0,46.37,0.0,0.0,0.0,0.0,0.0,0.0,0.0,0.0,0.0,0.0,0.0,15,3,1,2015
1325684,2015-01-16,6,Dairy,622.0,0,48.49,0.0,0.0,0.0,0.0,0.0,0.0,0.0,0.0,0.0,0.0,0.0,16,4,1,2015
1327466,2015-01-17,6,Dairy,1158.0,1,48.065,0.0,0.0,0.0,0.0,0.0,0.0,0.0,0.0,0.0,0.0,0.0,17,5,1,2015
1329248,2015-01-18,6,Dairy,1532.0,0,47.64,0.0,0.0,0.0,0.0,0.0,0.0,0.0,0.0,0.0,0.0,0.0,18,6,1,2015
1331030,2015-01-19,6,Dairy,899.0,2,47.215,0.0,0.0,0.0,0.0,0.0,0.0,0.0,0.0,0.0,0.0,0.0,19,0,1,2015
1332812,2015-01-20,6,Dairy,735.0,0,46.79,0.0,0.0,0.0,0.0,0.0,0.0,0.0,0.0,0.0,0.0,0.0,20,1,1,2015
1334594,2015-01-21,6,Dairy,833.0,2,47.85,0.0,0.0,0.0,0.0,0.0,0.0,0.0,0.0,0.0,0.0,0.0,21,2,1,2015
1336376,2015-01-22,6,Dairy,672.0,1,45.93,0.0,0.0,0.0,0.0,0.0,0.0,0.0,0.0,0.0,0.0,0.0,22,3,1,2015
1338158,2015-01-23,6,Dairy,650.0,2,45.26,0.0,0.0,0.0,0.0,0.0,0.0,0.0,0.0,0.0,0.0,0.0,23,4,1,2015
1339940,2015-01-24,6,Dairy,1293.0,4,45.10666666666666,0.0,0.0,0.0,0.0,0.0,0.0,0.0,0.0,0.0,0.0,0.0,24,5,1,2015
1341722,2015-01-25,6,Dairy,1502.0,2,44.95333333333333,0.0,0.0,0.0,0.0,0.0,0.0,0.0,0.0,0.0,0.0,0.0,25,6,1,2015
1343504,2015-01-26,6,Dairy,854.0,0,44.8,0.0,0.0,0.0,0.0,0.0,0.0,0.0,0.0,0.0,0.0,0.0,26,0,1,2015
1345286,2015-01-27,6,Dairy,709.0,1,45.84,0.0,0.0,0.0,0.0,0.0,0.0,0.0,0.0,0.0,0.0,0.0,27,1,1,2015
1347068,2015-01-28,6,Dairy,834.0,1,44.08,0.0,0.0,0.0,0.0,0.0,0.0,0.0,0.0,0.0,0.0,0.0,28,2,1,2015
1348850,2015-01-29,6,Dairy,652.0,4,44.12,0.0,0.0,0.0,0.0,0.0,0.0,0.0,0.0,0.0,0.0,0.0,29,3,1,2015
1350632,2015-01-30,6,Dairy,712.0,2,47.79,0.0,0.0,0.0,0.0,0.0,0.0,0.0,0.0,0.0,0.0,0.0,30,4,1,2015
1352414,2015-01-31,6,Dairy,1352.0,5,48.276666666666664,0.0,0.0,0.0,0.0,0.0,0.0,0.0,0.0,0.0,0.0,0.0,31,5,1,2015
1354196,2015-02-01,6,Dairy,1858.0,3,48.763333333333335,0.0,0.0,0.0,0.0,0.0,0.0,0.0,0.0,0.0,0.0,0.0,1,6,2,2015
1355978,2015-02-02,6,Dairy,975.0,6,49.25,0.0,0.0,0.0,0.0,0.0,0.0,0.0,0.0,0.0,0.0,0.0,2,0,2,2015
1357760,2015-02-03,6,Dairy,835.0,1,53.04,0.0,0.0,0.0,0.0,0.0,0.0,0.0,0.0,0.0,0.0,0.0,3,1,2,2015
1359542,2015-02-04,6,Dairy,969.0,1,48.45,0.0,0.0,0.0,0.0,0.0,0.0,0.0,0.0,0.0,0.0,0.0,4,2,2,2015
1361324,2015-02-05,6,Dairy,739.0,3,50.48,0.0,0.0,0.0,0.0,0.0,0.0,0.0,0.0,0.0,0.0,0.0,5,3,2,2015
1363106,2015-02-06,6,Dairy,743.0,3,51.66,0.0,0.0,0.0,0.0,0.0,0.0,0.0,0.0,0.0,0.0,0.0,6,4,2,2015
1364888,2015-02-07,6,Dairy,1161.0,5,52.10333333333333,0.0,0.0,0.0,0.0,0.0,0.0,0.0,0.0,0.0,0.0,0.0,7,5,2,2015
1366670,2015-02-08,6,Dairy,1226.0,5,52.54666666666667,0.0,0.0,0.0,0.0,0.0,0.0,0.0,0.0,0.0,0.0,0.0,8,6,2,2015
1368452,2015-02-09,6,Dairy,750.0,1,52.99,0.0,0.0,0.0,0.0,0.0,0.0,0.0,0.0,0.0,0.0,0.0,9,0,2,2015
1370234,2015-02-10,6,Dairy,592.0,2,50.06,0.0,0.0,0.0,0.0,0.0,0.0,0.0,0.0,0.0,0.0,0.0,10,1,2,2015
1372016,2015-02-11,6,Dairy,693.0,2,48.8,0.0,0.0,0.0,0.0,0.0,0.0,0.0,0.0,0.0,0.0,0.0,11,2,2,2015
1373798,2015-02-12,6,Dairy,581.0,4,51.17,0.0,0.0,0.0,0.0,0.0,0.0,0.0,0.0,0.0,0.0,0.0,12,3,2,2015
1375580,2015-02-13,6,Dairy,698.0,3,52.66,0.0,0.0,0.0,0.0,0.0,0.0,0.0,0.0,0.0,0.0,0.0,13,4,2,2015
1377362,2015-02-14,6,Dairy,784.0,2,52.885,0.0,0.0,0.0,0.0,0.0,0.0,0.0,0.0,0.0,0.0,0.0,14,5,2,2015
1379144,2015-02-15,6,Dairy,829.0,4,53.11,0.0,0.0,0.0,0.0,0.0,0.0,0.0,0.0,0.0,0.0,0.0,15,6,2,2015
1380926,2015-02-16,6,Dairy,787.0,2,53.335,0.0,0.0,0.0,0.0,0.0,1.0,0.0,0.0,0.0,0.0,0.0,16,0,2,2015
1382708,2015-02-17,6,Dairy,1045.0,3,53.56,0.0,0.0,0.0,0.0,0.0,1.0,0.0,0.0,0.0,0.0,0.0,17,1,2,2015
1384490,2015-02-18,6,Dairy,990.0,2,52.13,0.0,0.0,0.0,0.0,0.0,0.0,0.0,0.0,0.0,0.0,0.0,18,2,2,2015
1386272,2015-02-19,6,Dairy,744.0,1,51.12,0.0,0.0,0.0,0.0,0.0,0.0,0.0,0.0,0.0,0.0,0.0,19,3,2,2015
1388054,2015-02-20,6,Dairy,878.0,2,49.95,0.0,0.0,0.0,0.0,0.0,0.0,0.0,0.0,0.0,0.0,0.0,20,4,2,2015
1389836,2015-02-21,6,Dairy,996.0,1,49.82,0.0,0.0,0.0,0.0,0.0,0.0,0.0,0.0,0.0,0.0,0.0,21,5,2,2015
1391618,2015-02-22,6,Dairy,1647.0,4,49.690000000000005,0.0,0.0,0.0,0.0,0.0,0.0,0.0,0.0,0.0,0.0,0.0,22,6,2,2015
1393400,2015-02-23,6,Dairy,799.0,6,49.56,0.0,0.0,0.0,0.0,0.0,0.0,0.0,0.0,0.0,0.0,0.0,23,0,2,2015
1395182,2015-02-24,6,Dairy,818.0,1,48.48,0.0,0.0,0.0,0.0,0.0,0.0,0.0,0.0,0.0,0.0,0.0,24,1,2,2015
1396964,2015-02-25,6,Dairy,843.0,1,50.25,0.0,0.0,0.0,0.0,0.0,0.0,0.0,0.0,0.0,0.0,0.0,25,2,2,2015
1398746,2015-02-26,6,Dairy,684.0,0,47.65,0.0,0.0,0.0,0.0,0.0,0.0,0.0,0.0,0.0,0.0,0.0,26,3,2,2015
1400528,2015-02-27,6,Dairy,767.0,1,49.84,0.0,0.0,0.0,0.0,0.0,0.0,0.0,0.0,0.0,0.0,0.0,27,4,2,2015
1402310,2015-02-28,6,Dairy,1096.0,2,49.75666666666667,0.0,0.0,0.0,0.0,0.0,0.0,0.0,0.0,0.0,0.0,0.0,28,5,2,2015
1404092,2015-03-01,6,Dairy,1717.0,3,49.67333333333334,0.0,0.0,0.0,0.0,0.0,0.0,0.0,0.0,0.0,0.0,0.0,1,6,3,2015
1405874,2015-03-02,6,Dairy,1084.0,1,49.59,0.0,0.0,0.0,0.0,1.0,0.0,0.0,0.0,0.0,0.0,0.0,2,0,3,2015
1407656,2015-03-03,6,Dairy,957.0,3,50.43,0.0,0.0,0.0,0.0,0.0,0.0,0.0,0.0,0.0,0.0,0.0,3,1,3,2015
1409438,2015-03-04,6,Dairy,877.0,2,51.53,0.0,0.0,0.0,0.0,0.0,0.0,0.0,0.0,0.0,0.0,0.0,4,2,3,2015
1411220,2015-03-05,6,Dairy,695.0,1,50.76,0.0,0.0,0.0,0.0,0.0,0.0,0.0,0.0,0.0,0.0,0.0,5,3,3,2015
1413002,2015-03-06,6,Dairy,781.0,3,49.61,0.0,0.0,0.0,0.0,0.0,0.0,0.0,0.0,0.0,0.0,0.0,6,4,3,2015
1414784,2015-03-07,6,Dairy,1444.0,1,49.723333333333336,0.0,0.0,0.0,0.0,0.0,0.0,0.0,0.0,0.0,0.0,0.0,7,5,3,2015
1416566,2015-03-08,6,Dairy,1698.0,2,49.836666666666666,0.0,0.0,0.0,0.0,0.0,0.0,0.0,0.0,0.0,0.0,0.0,8,6,3,2015
1418348,2015-03-09,6,Dairy,1018.0,1,49.95,0.0,0.0,0.0,0.0,0.0,0.0,0.0,0.0,0.0,0.0,0.0,9,0,3,2015
1420130,2015-03-10,6,Dairy,835.0,1,48.42,0.0,0.0,0.0,0.0,0.0,0.0,0.0,0.0,0.0,0.0,0.0,10,1,3,2015
1421912,2015-03-11,6,Dairy,888.0,1,48.06,0.0,0.0,0.0,0.0,0.0,0.0,0.0,0.0,0.0,0.0,0.0,11,2,3,2015
1423694,2015-03-12,6,Dairy,656.0,1,47.12,0.0,0.0,0.0,0.0,0.0,0.0,0.0,0.0,0.0,0.0,0.0,12,3,3,2015
1425476,2015-03-13,6,Dairy,818.0,1,44.88,0.0,0.0,0.0,0.0,0.0,0.0,0.0,0.0,0.0,0.0,0.0,13,4,3,2015
1427258,2015-03-14,6,Dairy,1228.0,2,44.56333333333333,0.0,0.0,0.0,0.0,0.0,0.0,0.0,0.0,0.0,0.0,0.0,14,5,3,2015
1429040,2015-03-15,6,Dairy,1635.0,2,44.24666666666667,0.0,0.0,0.0,0.0,0.0,0.0,0.0,0.0,0.0,0.0,0.0,15,6,3,2015
1430822,2015-03-16,6,Dairy,948.0,1,43.93,0.0,0.0,0.0,0.0,0.0,0.0,0.0,0.0,0.0,0.0,0.0,16,0,3,2015
1432604,2015-03-17,6,Dairy,733.0,1,43.39,0.0,0.0,0.0,0.0,0.0,0.0,0.0,0.0,0.0,0.0,0.0,17,1,3,2015
1434386,2015-03-18,6,Dairy,819.0,1,44.63,0.0,0.0,0.0,0.0,0.0,0.0,0.0,0.0,0.0,0.0,0.0,18,2,3,2015
1436168,2015-03-19,6,Dairy,760.0,0,44.02,0.0,0.0,0.0,0.0,0.0,0.0,0.0,0.0,0.0,0.0,0.0,19,3,3,2015
1437950,2015-03-20,6,Dairy,825.0,2,46.0,0.0,0.0,0.0,0.0,0.0,0.0,0.0,0.0,0.0,0.0,0.0,20,4,3,2015
1439732,2015-03-21,6,Dairy,1298.0,1,46.46666666666667,0.0,0.0,0.0,0.0,0.0,0.0,0.0,0.0,0.0,0.0,0.0,21,5,3,2015
1441514,2015-03-22,6,Dairy,1684.0,2,46.93333333333333,0.0,0.0,0.0,0.0,0.0,0.0,0.0,0.0,0.0,0.0,0.0,22,6,3,2015
1443296,2015-03-23,6,Dairy,1001.0,2,47.4,0.0,0.0,0.0,0.0,0.0,0.0,0.0,0.0,0.0,0.0,0.0,23,0,3,2015
1445078,2015-03-24,6,Dairy,824.0,1,47.03,0.0,0.0,0.0,0.0,0.0,0.0,0.0,0.0,0.0,0.0,0.0,24,1,3,2015
1446860,2015-03-25,6,Dairy,941.0,1,48.75,0.0,0.0,0.0,0.0,0.0,0.0,0.0,0.0,0.0,0.0,0.0,25,2,3,2015
1448642,2015-03-26,6,Dairy,687.0,1,51.41,0.0,0.0,0.0,0.0,0.0,0.0,0.0,0.0,0.0,0.0,0.0,26,3,3,2015
1450424,2015-03-27,6,Dairy,953.0,7,48.83,0.0,0.0,0.0,0.0,0.0,0.0,0.0,0.0,0.0,0.0,0.0,27,4,3,2015
1452206,2015-03-28,6,Dairy,1400.0,1,48.77333333333333,0.0,0.0,0.0,0.0,0.0,0.0,0.0,0.0,0.0,0.0,0.0,28,5,3,2015
1453988,2015-03-29,6,Dairy,1709.0,1,48.71666666666666,0.0,0.0,0.0,0.0,0.0,0.0,0.0,0.0,0.0,0.0,0.0,29,6,3,2015
1455770,2015-03-30,6,Dairy,904.0,1,48.66,0.0,0.0,0.0,0.0,0.0,0.0,0.0,0.0,0.0,0.0,0.0,30,0,3,2015
1457552,2015-03-31,6,Dairy,1007.0,1,47.72,0.0,0.0,0.0,0.0,0.0,0.0,0.0,0.0,0.0,0.0,0.0,31,1,3,2015
1459334,2015-04-01,6,Dairy,1263.0,2,50.12,0.0,0.0,0.0,0.0,0.0,0.0,1.0,0.0,0.0,0.0,0.0,1,2,4,2015
1461116,2015-04-02,6,Dairy,1154.0,0,49.13,0.0,0.0,0.0,0.0,0.0,0.0,0.0,0.0,0.0,0.0,0.0,2,3,4,2015
1462898,2015-04-03,6,Dairy,1299.0,0,49.8675,0.0,0.0,0.0,0.0,0.0,1.0,0.0,0.0,0.0,0.0,0.0,3,4,4,2015
1464680,2015-04-04,6,Dairy,1296.0,0,50.605000000000004,0.0,0.0,0.0,0.0,0.0,0.0,0.0,0.0,0.0,0.0,0.0,4,5,4,2015
1466462,2015-04-05,6,Dairy,1602.0,3,51.3425,0.0,0.0,0.0,0.0,0.0,0.0,0.0,0.0,0.0,0.0,0.0,5,6,4,2015
1468244,2015-04-06,6,Dairy,1035.0,0,52.08,0.0,0.0,0.0,0.0,0.0,0.0,0.0,0.0,0.0,0.0,0.0,6,0,4,2015
1470026,2015-04-07,6,Dairy,851.0,0,53.95,0.0,0.0,0.0,0.0,0.0,0.0,0.0,0.0,0.0,0.0,0.0,7,1,4,2015
1471808,2015-04-08,6,Dairy,939.0,1,50.44,0.0,0.0,0.0,0.0,0.0,0.0,0.0,0.0,0.0,0.0,0.0,8,2,4,2015
1473590,2015-04-09,6,Dairy,795.0,2,50.79,0.0,0.0,0.0,0.0,0.0,0.0,0.0,0.0,0.0,0.0,0.0,9,3,4,2015
1475372,2015-04-10,6,Dairy,818.0,2,51.63,0.0,0.0,0.0,0.0,0.0,0.0,0.0,0.0,0.0,0.0,0.0,10,4,4,2015
1477154,2015-04-11,6,Dairy,1254.0,3,51.73666666666667,0.0,0.0,0.0,0.0,0.0,0.0,0.0,0.0,0.0,0.0,0.0,11,5,4,2015
1478936,2015-04-12,6,Dairy,1654.0,6,51.843333333333334,0.0,0.0,0.0,0.0,1.0,0.0,0.0,0.0,0.0,0.0,0.0,12,6,4,2015
1480718,2015-04-13,6,Dairy,842.0,1,51.95,0.0,0.0,0.0,0.0,0.0,0.0,0.0,0.0,0.0,0.0,0.0,13,0,4,2015
1482500,2015-04-14,6,Dairy,768.0,1,53.3,0.0,0.0,0.0,0.0,1.0,0.0,0.0,0.0,0.0,0.0,0.0,14,1,4,2015
1484282,2015-04-15,6,Dairy,829.0,3,56.25,0.0,0.0,0.0,0.0,0.0,0.0,0.0,0.0,0.0,0.0,0.0,15,2,4,2015
1486064,2015-04-16,6,Dairy,805.0,3,56.69,0.0,0.0,0.0,0.0,0.0,0.0,0.0,0.0,0.0,0.0,0.0,16,3,4,2015
1487846,2015-04-17,6,Dairy,838.0,2,55.71,0.0,0.0,0.0,0.0,0.0,0.0,0.0,0.0,0.0,0.0,0.0,17,4,4,2015
1489628,2015-04-18,6,Dairy,1304.0,1,55.93,0.0,0.0,0.0,0.0,0.0,0.0,0.0,0.0,0.0,0.0,0.0,18,5,4,2015
1491410,2015-04-19,6,Dairy,1734.0,1,56.15,0.0,0.0,0.0,0.0,0.0,0.0,0.0,0.0,0.0,0.0,0.0,19,6,4,2015
1493192,2015-04-20,6,Dairy,1010.0,2,56.37,0.0,0.0,0.0,0.0,0.0,0.0,0.0,0.0,0.0,0.0,0.0,20,0,4,2015
1494974,2015-04-21,6,Dairy,931.0,3,55.58,0.0,0.0,0.0,0.0,1.0,0.0,0.0,0.0,0.0,0.0,0.0,21,1,4,2015
1496756,2015-04-22,6,Dairy,928.0,0,56.17,0.0,0.0,0.0,0.0,0.0,0.0,0.0,0.0,0.0,0.0,0.0,22,2,4,2015
1498538,2015-04-23,6,Dairy,723.0,2,56.59,0.0,0.0,0.0,0.0,0.0,0.0,0.0,0.0,0.0,0.0,0.0,23,3,4,2015
1500320,2015-04-24,6,Dairy,812.0,2,55.98,0.0,0.0,0.0,0.0,0.0,0.0,0.0,0.0,0.0,0.0,0.0,24,4,4,2015
1502102,2015-04-25,6,Dairy,1207.0,2,55.839999999999996,0.0,0.0,0.0,0.0,0.0,0.0,0.0,0.0,0.0,0.0,0.0,25,5,4,2015
1503884,2015-04-26,6,Dairy,1625.0,1,55.7,0.0,0.0,0.0,0.0,0.0,0.0,0.0,0.0,0.0,0.0,0.0,26,6,4,2015
1505666,2015-04-27,6,Dairy,945.0,1,55.56,0.0,0.0,0.0,0.0,0.0,0.0,0.0,0.0,0.0,0.0,0.0,27,0,4,2015
1507448,2015-04-28,6,Dairy,801.0,1,57.05,0.0,0.0,0.0,0.0,0.0,0.0,0.0,0.0,0.0,0.0,0.0,28,1,4,2015
1509230,2015-04-29,6,Dairy,691.0,3,58.55,0.0,0.0,0.0,0.0,0.0,0.0,0.0,0.0,0.0,0.0,0.0,29,2,4,2015
1511012,2015-04-30,6,Dairy,787.0,1,59.62,0.0,0.0,0.0,0.0,0.0,0.0,0.0,0.0,0.0,0.0,0.0,30,3,4,2015
1512794,2015-05-01,6,Dairy,1234.0,4,59.1,0.0,0.0,0.0,0.0,0.0,1.0,0.0,0.0,0.0,0.0,0.0,1,4,5,2015
1514576,2015-05-02,6,Dairy,1217.0,1,59.04,0.0,0.0,0.0,0.0,0.0,0.0,0.0,0.0,0.0,0.0,0.0,2,5,5,2015
1516358,2015-05-03,6,Dairy,1585.0,2,58.980000000000004,0.0,0.0,0.0,0.0,0.0,0.0,0.0,0.0,0.0,0.0,0.0,3,6,5,2015
1518140,2015-05-04,6,Dairy,1061.0,2,58.92,0.0,0.0,0.0,0.0,0.0,0.0,0.0,0.0,0.0,0.0,0.0,4,0,5,2015
1519922,2015-05-05,6,Dairy,846.0,0,60.38,0.0,0.0,0.0,0.0,0.0,0.0,0.0,0.0,0.0,0.0,0.0,5,1,5,2015
1521704,2015-05-06,6,Dairy,953.0,3,60.93,0.0,0.0,0.0,0.0,0.0,0.0,0.0,0.0,0.0,0.0,0.0,6,2,5,2015
1523486,2015-05-07,6,Dairy,662.0,3,58.99,0.0,0.0,0.0,0.0,0.0,0.0,0.0,0.0,0.0,0.0,0.0,7,3,5,2015
1525268,2015-05-08,6,Dairy,872.0,3,59.41,0.0,0.0,0.0,0.0,0.0,0.0,0.0,0.0,0.0,0.0,0.0,8,4,5,2015
1527050,2015-05-09,6,Dairy,1480.0,2,59.349999999999994,0.0,1.0,0.0,0.0,0.0,0.0,0.0,0.0,0.0,0.0,0.0,9,5,5,2015
1528832,2015-05-10,6,Dairy,1263.0,1,59.29,0.0,0.0,0.0,1.0,0.0,0.0,0.0,0.0,0.0,0.0,0.0,10,6,5,2015
1530614,2015-05-11,6,Dairy,996.0,1,59.23,0.0,0.0,0.0,0.0,0.0,0.0,0.0,0.0,0.0,0.0,0.0,11,0,5,2015
1532396,2015-05-12,6,Dairy,844.0,5,60.72,0.0,0.0,0.0,0.0,1.0,0.0,0.0,0.0,0.0,0.0,0.0,12,1,5,2015
1534178,2015-05-13,6,Dairy,867.0,2,60.5,0.0,0.0,0.0,0.0,0.0,0.0,0.0,0.0,0.0,0.0,0.0,13,2,5,2015
1535960,2015-05-14,6,Dairy,678.0,1,59.89,0.0,0.0,0.0,0.0,0.0,0.0,0.0,0.0,0.0,0.0,0.0,14,3,5,2015
1537742,2015-05-15,6,Dairy,748.0,4,59.73,0.0,0.0,0.0,0.0,0.0,0.0,0.0,0.0,0.0,0.0,0.0,15,4,5,2015
1539524,2015-05-16,6,Dairy,1305.0,2,59.63333333333333,0.0,0.0,0.0,0.0,0.0,0.0,0.0,0.0,0.0,0.0,0.0,16,5,5,2015
1541306,2015-05-17,6,Dairy,1654.0,1,59.53666666666666,0.0,0.0,0.0,0.0,0.0,0.0,0.0,0.0,0.0,0.0,0.0,17,6,5,2015
1543088,2015-05-18,6,Dairy,1026.0,1,59.44,0.0,0.0,0.0,0.0,0.0,0.0,0.0,0.0,0.0,0.0,0.0,18,0,5,2015
1544870,2015-05-19,6,Dairy,815.0,2,57.3,0.0,0.0,0.0,0.0,0.0,0.0,0.0,0.0,0.0,0.0,0.0,19,1,5,2015
1546652,2015-05-20,6,Dairy,860.0,2,58.96,0.0,0.0,0.0,0.0,0.0,0.0,0.0,0.0,0.0,0.0,0.0,20,2,5,2015
1548434,2015-05-21,6,Dairy,770.0,1,60.18,0.0,0.0,0.0,0.0,0.0,0.0,0.0,0.0,0.0,0.0,0.0,21,3,5,2015
1550216,2015-05-22,6,Dairy,839.0,1,58.88,0.0,0.0,0.0,0.0,0.0,0.0,0.0,0.0,0.0,0.0,0.0,22,4,5,2015
1551998,2015-05-23,6,Dairy,1196.0,3,58.4825,0.0,0.0,0.0,0.0,0.0,0.0,0.0,0.0,0.0,0.0,0.0,23,5,5,2015
1553780,2015-05-24,6,Dairy,1677.0,3,58.085,0.0,0.0,0.0,0.0,0.0,1.0,0.0,0.0,0.0,0.0,0.0,24,6,5,2015
1555562,2015-05-25,6,Dairy,1027.0,3,57.6875,0.0,0.0,0.0,0.0,0.0,0.0,0.0,0.0,0.0,0.0,0.0,25,0,5,2015
1557344,2015-05-26,6,Dairy,831.0,1,57.29,0.0,0.0,0.0,0.0,0.0,0.0,0.0,0.0,0.0,0.0,0.0,26,1,5,2015
1559126,2015-05-27,6,Dairy,806.0,1,57.51,0.0,0.0,0.0,0.0,0.0,0.0,0.0,0.0,0.0,0.0,0.0,27,2,5,2015
1560908,2015-05-28,6,Dairy,702.0,3,57.69,0.0,0.0,0.0,0.0,0.0,0.0,0.0,0.0,0.0,0.0,0.0,28,3,5,2015
1562690,2015-05-29,6,Dairy,861.0,3,60.25,0.0,0.0,0.0,0.0,0.0,0.0,0.0,0.0,0.0,0.0,0.0,29,4,5,2015
1564472,2015-05-30,6,Dairy,1331.0,3,60.24666666666667,0.0,0.0,0.0,0.0,0.0,0.0,0.0,0.0,0.0,0.0,0.0,30,5,5,2015
1566254,2015-05-31,6,Dairy,1804.0,3,60.24333333333333,0.0,0.0,0.0,0.0,0.0,0.0,0.0,0.0,0.0,0.0,0.0,31,6,5,2015
1568036,2015-06-01,6,Dairy,1128.0,1,60.24,0.0,0.0,0.0,0.0,0.0,0.0,0.0,0.0,0.0,0.0,0.0,1,0,6,2015
1569818,2015-06-02,6,Dairy,966.0,4,61.3,0.0,0.0,0.0,0.0,0.0,0.0,0.0,0.0,0.0,0.0,0.0,2,1,6,2015
1571600,2015-06-03,6,Dairy,1047.0,2,59.67,0.0,0.0,0.0,0.0,0.0,0.0,0.0,0.0,0.0,0.0,0.0,3,2,6,2015
1573382,2015-06-04,6,Dairy,818.0,2,58.0,0.0,0.0,0.0,0.0,0.0,0.0,0.0,0.0,0.0,0.0,0.0,4,3,6,2015
1575164,2015-06-05,6,Dairy,912.0,3,59.11,0.0,0.0,0.0,0.0,0.0,0.0,0.0,0.0,0.0,0.0,0.0,5,4,6,2015
1576946,2015-06-06,6,Dairy,1322.0,2,58.79,0.0,0.0,0.0,0.0,0.0,0.0,0.0,0.0,0.0,0.0,0.0,6,5,6,2015
1578728,2015-06-07,6,Dairy,1738.0,4,58.47,0.0,0.0,0.0,0.0,0.0,0.0,0.0,0.0,0.0,0.0,0.0,7,6,6,2015
1580510,2015-06-08,6,Dairy,989.0,5,58.15,0.0,0.0,0.0,0.0,0.0,0.0,0.0,0.0,0.0,0.0,0.0,8,0,6,2015
1582292,2015-06-09,6,Dairy,772.0,0,60.15,0.0,0.0,0.0,0.0,0.0,0.0,0.0,0.0,0.0,0.0,0.0,9,1,6,2015
1584074,2015-06-10,6,Dairy,948.0,4,61.36,0.0,0.0,0.0,0.0,0.0,0.0,0.0,0.0,0.0,0.0,0.0,10,2,6,2015
1585856,2015-06-11,6,Dairy,771.0,4,60.74,0.0,0.0,0.0,0.0,0.0,0.0,0.0,0.0,0.0,0.0,0.0,11,3,6,2015
1587638,2015-06-12,6,Dairy,867.0,4,59.96,0.0,0.0,0.0,0.0,0.0,0.0,0.0,0.0,0.0,0.0,0.0,12,4,6,2015
1589420,2015-06-13,6,Dairy,1238.0,1,59.81666666666667,0.0,0.0,0.0,0.0,0.0,0.0,0.0,0.0,0.0,0.0,0.0,13,5,6,2015
1591202,2015-06-14,6,Dairy,1695.0,2,59.67333333333333,0.0,0.0,0.0,0.0,0.0,0.0,0.0,0.0,0.0,0.0,0.0,14,6,6,2015
1592984,2015-06-15,6,Dairy,1024.0,2,59.53,0.0,0.0,0.0,0.0,0.0,0.0,0.0,0.0,0.0,0.0,0.0,15,0,6,2015
1594766,2015-06-16,6,Dairy,953.0,3,60.01,0.0,0.0,0.0,0.0,0.0,0.0,0.0,0.0,0.0,0.0,0.0,16,1,6,2015
1596548,2015-06-17,6,Dairy,877.0,2,59.89,0.0,0.0,0.0,0.0,0.0,0.0,0.0,0.0,0.0,0.0,0.0,17,2,6,2015
1598330,2015-06-18,6,Dairy,739.0,2,60.41,0.0,0.0,0.0,0.0,0.0,0.0,0.0,0.0,0.0,0.0,0.0,18,3,6,2015
1600112,2015-06-19,6,Dairy,898.0,3,59.62,0.0,0.0,0.0,0.0,0.0,0.0,0.0,0.0,0.0,0.0,0.0,19,4,6,2015
1601894,2015-06-20,6,Dairy,1450.0,4,59.75,0.0,0.0,0.0,0.0,0.0,0.0,0.0,0.0,0.0,0.0,0.0,20,5,6,2015
1603676,2015-06-21,6,Dairy,1454.0,1,59.879999999999995,0.0,0.0,0.0,0.0,0.0,0.0,0.0,0.0,0.0,0.0,0.0,21,6,6,2015
1605458,2015-06-22,6,Dairy,1045.0,3,60.01,0.0,0.0,0.0,0.0,0.0,0.0,0.0,0.0,0.0,0.0,0.0,22,0,6,2015
1607240,2015-06-23,6,Dairy,992.0,5,61.05,0.0,0.0,0.0,0.0,1.0,0.0,0.0,0.0,0.0,0.0,0.0,23,1,6,2015
1609022,2015-06-24,6,Dairy,973.0,8,60.01,0.0,0.0,0.0,0.0,0.0,0.0,0.0,0.0,0.0,0.0,0.0,24,2,6,2015
1610804,2015-06-25,6,Dairy,832.0,4,59.59,0.0,0.0,0.0,0.0,2.0,0.0,1.0,0.0,0.0,0.0,0.0,25,3,6,2015
1612586,2015-06-26,6,Dairy,842.0,5,59.41,0.0,0.0,0.0,0.0,0.0,0.0,0.0,0.0,0.0,0.0,0.0,26,4,6,2015
1614368,2015-06-27,6,Dairy,1266.0,3,59.053333333333335,0.0,0.0,0.0,0.0,0.0,0.0,0.0,0.0,0.0,0.0,0.0,27,5,6,2015
1616150,2015-06-28,6,Dairy,1744.0,2,58.696666666666665,0.0,0.0,0.0,0.0,0.0,0.0,0.0,0.0,0.0,0.0,0.0,28,6,6,2015
1617932,2015-06-29,6,Dairy,966.0,6,58.34,0.0,0.0,0.0,0.0,0.0,0.0,0.0,0.0,0.0,0.0,0.0,29,0,6,2015
1619714,2015-06-30,6,Dairy,1002.0,3,59.48,0.0,0.0,0.0,0.0,0.0,0.0,0.0,0.0,0.0,0.0,0.0,30,1,6,2015
1621496,2015-07-01,6,Dairy,1136.0,2,56.94,0.0,0.0,0.0,0.0,0.0,0.0,0.0,0.0,0.0,0.0,0.0,1,2,7,2015
1623278,2015-07-02,6,Dairy,1034.0,3,56.93,0.0,0.0,0.0,0.0,0.0,0.0,0.0,0.0,0.0,0.0,0.0,2,3,7,2015
1625060,2015-07-03,6,Dairy,943.0,3,55.817499999999995,0.0,0.0,0.0,0.0,2.0,0.0,0.0,0.0,0.0,0.0,0.0,3,4,7,2015
1626842,2015-07-04,6,Dairy,1499.0,2,54.705,0.0,0.0,0.0,0.0,0.0,0.0,0.0,0.0,0.0,0.0,0.0,4,5,7,2015
1628624,2015-07-05,6,Dairy,1516.0,1,53.5925,0.0,0.0,0.0,0.0,0.0,0.0,0.0,0.0,0.0,0.0,0.0,5,6,7,2015
1630406,2015-07-06,6,Dairy,1291.0,1,52.48,0.0,0.0,0.0,0.0,0.0,0.0,0.0,0.0,0.0,0.0,0.0,6,0,7,2015
1632188,2015-07-07,6,Dairy,989.0,1,52.33,0.0,0.0,0.0,0.0,0.0,0.0,0.0,0.0,0.0,0.0,0.0,7,1,7,2015
1633970,2015-07-08,6,Dairy,1170.0,2,51.61,0.0,0.0,0.0,0.0,0.0,0.0,0.0,0.0,0.0,0.0,0.0,8,2,7,2015
1635752,2015-07-09,6,Dairy,941.0,4,52.76,0.0,0.0,0.0,0.0,0.0,0.0,0.0,0.0,0.0,0.0,0.0,9,3,7,2015
1637534,2015-07-10,6,Dairy,876.0,0,52.74,0.0,0.0,0.0,0.0,0.0,0.0,0.0,0.0,0.0,0.0,0.0,10,4,7,2015
1639316,2015-07-11,6,Dairy,1050.0,1,52.556666666666665,0.0,0.0,0.0,0.0,0.0,0.0,0.0,0.0,0.0,0.0,0.0,11,5,7,2015
1641098,2015-07-12,6,Dairy,1375.0,3,52.373333333333335,0.0,0.0,0.0,0.0,0.0,0.0,0.0,0.0,0.0,0.0,0.0,12,6,7,2015
1642880,2015-07-13,6,Dairy,982.0,1,52.19,0.0,0.0,0.0,0.0,0.0,0.0,0.0,0.0,0.0,0.0,0.0,13,0,7,2015
1644662,2015-07-14,6,Dairy,834.0,2,53.05,0.0,0.0,0.0,0.0,0.0,0.0,0.0,0.0,0.0,0.0,0.0,14,1,7,2015
1646444,2015-07-15,6,Dairy,934.0,2,51.4,0.0,0.0,0.0,0.0,0.0,0.0,0.0,0.0,0.0,0.0,0.0,15,2,7,2015
1648226,2015-07-16,6,Dairy,837.0,1,50.9,0.0,0.0,0.0,0.0,0.0,0.0,0.0,0.0,0.0,0.0,0.0,16,3,7,2015
1650008,2015-07-17,6,Dairy,1029.0,5,50.88,0.0,0.0,0.0,0.0,0.0,0.0,0.0,0.0,0.0,0.0,0.0,17,4,7,2015
1651790,2015-07-18,6,Dairy,1286.0,0,50.623333333333335,0.0,0.0,0.0,0.0,0.0,0.0,0.0,0.0,0.0,0.0,0.0,18,5,7,2015
1653572,2015-07-19,6,Dairy,1514.0,0,50.36666666666667,0.0,0.0,0.0,0.0,0.0,0.0,0.0,0.0,0.0,0.0,0.0,19,6,7,2015
1655354,2015-07-20,6,Dairy,979.0,1,50.11,0.0,0.0,0.0,0.0,0.0,0.0,0.0,0.0,0.0,0.0,0.0,20,0,7,2015
1657136,2015-07-21,6,Dairy,833.0,0,50.59,0.0,0.0,0.0,0.0,0.0,0.0,0.0,0.0,0.0,0.0,0.0,21,1,7,2015
1658918,2015-07-22,6,Dairy,796.0,0,49.27,0.0,0.0,0.0,0.0,0.0,0.0,0.0,0.0,0.0,0.0,0.0,22,2,7,2015
1660700,2015-07-23,6,Dairy,752.0,4,48.11,0.0,0.0,0.0,0.0,1.0,0.0,0.0,0.0,0.0,0.0,0.0,23,3,7,2015
1662482,2015-07-24,6,Dairy,793.0,1,47.98,0.0,0.0,0.0,0.0,1.0,0.0,0.0,0.0,0.0,0.0,0.0,24,4,7,2015
1664264,2015-07-25,6,Dairy,1135.0,2,47.71,0.0,0.0,0.0,0.0,1.0,0.0,0.0,0.0,0.0,0.0,0.0,25,5,7,2015
1666046,2015-07-26,6,Dairy,1303.0,3,47.44,0.0,0.0,0.0,0.0,0.0,0.0,0.0,0.0,0.0,0.0,0.0,26,6,7,2015
1667828,2015-07-27,6,Dairy,877.0,3,47.17,0.0,0.0,0.0,0.0,0.0,0.0,0.0,0.0,0.0,0.0,0.0,27,0,7,2015
1669610,2015-07-28,6,Dairy,806.0,1,47.97,0.0,0.0,0.0,0.0,0.0,0.0,0.0,0.0,0.0,0.0,0.0,28,1,7,2015
1671392,2015-07-29,6,Dairy,885.0,2,48.77,0.0,0.0,0.0,0.0,0.0,0.0,0.0,0.0,0.0,0.0,0.0,29,2,7,2015
1673174,2015-07-30,6,Dairy,799.0,6,48.53,0.0,0.0,0.0,0.0,0.0,0.0,0.0,0.0,0.0,0.0,0.0,30,3,7,2015
1674956,2015-07-31,6,Dairy,972.0,4,47.11,0.0,0.0,0.0,0.0,0.0,0.0,0.0,0.0,0.0,0.0,0.0,31,4,7,2015
1676738,2015-08-01,6,Dairy,1343.0,1,46.49,0.0,0.0,0.0,0.0,0.0,0.0,0.0,0.0,0.0,0.0,0.0,1,5,8,2015
1678520,2015-08-02,6,Dairy,1498.0,4,45.87,0.0,0.0,0.0,0.0,0.0,0.0,0.0,0.0,0.0,0.0,0.0,2,6,8,2015
1680302,2015-08-03,6,Dairy,1051.0,3,45.25,0.0,0.0,0.0,0.0,0.0,0.0,0.0,0.0,0.0,0.0,0.0,3,0,8,2015
1682084,2015-08-04,6,Dairy,1014.0,4,45.75,0.0,0.0,0.0,0.0,0.0,0.0,0.0,0.0,0.0,0.0,0.0,4,1,8,2015
1683866,2015-08-05,6,Dairy,941.0,5,45.13,0.0,0.0,0.0,0.0,1.0,0.0,0.0,0.0,0.0,0.0,0.0,5,2,8,2015
1685648,2015-08-06,6,Dairy,718.0,1,44.69,0.0,0.0,0.0,0.0,0.0,0.0,0.0,0.0,0.0,0.0,0.0,6,3,8,2015
1687430,2015-08-07,6,Dairy,799.0,0,43.87,0.0,0.0,0.0,0.0,0.0,0.0,0.0,0.0,0.0,0.0,0.0,7,4,8,2015
1689212,2015-08-08,6,Dairy,1089.0,1,44.22666666666667,0.0,0.0,0.0,0.0,0.0,0.0,0.0,0.0,0.0,0.0,0.0,8,5,8,2015
1690994,2015-08-09,6,Dairy,929.0,0,44.58333333333333,0.0,0.0,0.0,0.0,0.0,0.0,0.0,0.0,0.0,0.0,0.0,9,6,8,2015
1692776,2015-08-10,6,Dairy,1203.0,1,44.94,0.0,0.0,0.0,0.0,0.0,1.0,0.0,0.0,0.0,0.0,0.0,10,0,8,2015
1694558,2015-08-11,6,Dairy,788.0,1,43.11,0.0,0.0,0.0,0.0,0.0,0.0,0.0,0.0,0.0,0.0,0.0,11,1,8,2015
1696340,2015-08-12,6,Dairy,917.0,0,43.22,0.0,0.0,0.0,0.0,0.0,0.0,0.0,0.0,0.0,0.0,0.0,12,2,8,2015
1698122,2015-08-13,6,Dairy,805.0,0,42.27,0.0,0.0,0.0,0.0,0.0,0.0,0.0,0.0,0.0,0.0,0.0,13,3,8,2015
1699904,2015-08-14,6,Dairy,871.0,1,42.45,0.0,0.0,0.0,0.0,0.0,0.0,0.0,0.0,0.0,0.0,0.0,14,4,8,2015
1701686,2015-08-15,6,Dairy,1189.0,1,42.27666666666667,0.0,0.0,0.0,0.0,1.0,0.0,0.0,0.0,0.0,0.0,0.0,15,5,8,2015
1703468,2015-08-16,6,Dairy,1305.0,1,42.10333333333333,0.0,0.0,0.0,0.0,0.0,0.0,0.0,0.0,0.0,0.0,0.0,16,6,8,2015
1705250,2015-08-17,6,Dairy,901.0,2,41.93,0.0,0.0,0.0,0.0,0.0,0.0,0.0,0.0,0.0,0.0,0.0,17,0,8,2015
1707032,2015-08-18,6,Dairy,880.0,1,42.58,0.0,0.0,0.0,0.0,0.0,0.0,0.0,0.0,0.0,0.0,0.0,18,1,8,2015
1708814,2015-08-19,6,Dairy,904.0,0,40.75,0.0,0.0,0.0,0.0,0.0,0.0,0.0,0.0,0.0,0.0,0.0,19,2,8,2015
1710596,2015-08-20,6,Dairy,677.0,0,41.0,0.0,0.0,0.0,0.0,0.0,0.0,0.0,0.0,0.0,0.0,0.0,20,3,8,2015
1712378,2015-08-21,6,Dairy,902.0,0,40.45,0.0,0.0,0.0,0.0,0.0,0.0,0.0,0.0,0.0,0.0,0.0,21,4,8,2015
1714160,2015-08-22,6,Dairy,1099.0,1,39.70666666666667,0.0,0.0,0.0,0.0,0.0,0.0,0.0,0.0,0.0,0.0,0.0,22,5,8,2015
1715942,2015-08-23,6,Dairy,1254.0,2,38.96333333333333,0.0,0.0,0.0,0.0,0.0,0.0,0.0,0.0,0.0,0.0,0.0,23,6,8,2015
1717724,2015-08-24,6,Dairy,951.0,0,38.22,0.0,0.0,0.0,0.0,1.0,0.0,0.0,0.0,0.0,0.0,0.0,24,0,8,2015
1719506,2015-08-25,6,Dairy,814.0,1,39.15,0.0,0.0,0.0,0.0,0.0,0.0,0.0,0.0,0.0,0.0,0.0,25,1,8,2015
1721288,2015-08-26,6,Dairy,865.0,2,38.5,0.0,0.0,0.0,0.0,0.0,0.0,0.0,0.0,0.0,0.0,0.0,26,2,8,2015
1723070,2015-08-27,6,Dairy,768.0,0,42.47,0.0,0.0,0.0,0.0,0.0,0.0,0.0,0.0,0.0,0.0,0.0,27,3,8,2015
1724852,2015-08-28,6,Dairy,886.0,0,45.29,0.0,0.0,0.0,0.0,0.0,0.0,0.0,0.0,0.0,0.0,0.0,28,4,8,2015
1726634,2015-08-29,6,Dairy,1114.0,0,46.593333333333334,0.0,0.0,0.0,0.0,0.0,0.0,0.0,0.0,0.0,0.0,0.0,29,5,8,2015
1728416,2015-08-30,6,Dairy,1444.0,0,47.89666666666667,0.0,0.0,0.0,0.0,0.0,0.0,0.0,0.0,0.0,0.0,0.0,30,6,8,2015
1730198,2015-08-31,6,Dairy,1107.0,1,49.2,0.0,0.0,0.0,0.0,0.0,0.0,0.0,0.0,0.0,0.0,0.0,31,0,8,2015
1731980,2015-09-01,6,Dairy,1146.0,2,45.38,0.0,0.0,0.0,0.0,0.0,0.0,0.0,0.0,0.0,0.0,0.0,1,1,9,2015
1733762,2015-09-02,6,Dairy,1036.0,1,46.3,0.0,0.0,0.0,0.0,0.0,0.0,0.0,0.0,0.0,0.0,0.0,2,2,9,2015
1735544,2015-09-03,6,Dairy,852.0,3,46.75,0.0,0.0,0.0,0.0,0.0,0.0,0.0,0.0,0.0,0.0,0.0,3,3,9,2015
1737326,2015-09-04,6,Dairy,926.0,3,46.02,0.0,0.0,0.0,0.0,0.0,0.0,0.0,0.0,0.0,0.0,0.0,4,4,9,2015
1739108,2015-09-05,6,Dairy,1315.0,3,45.995000000000005,0.0,0.0,0.0,0.0,0.0,0.0,0.0,0.0,0.0,0.0,0.0,5,5,9,2015
1740890,2015-09-06,6,Dairy,1777.0,4,45.97,0.0,0.0,0.0,0.0,0.0,0.0,0.0,0.0,0.0,0.0,0.0,6,6,9,2015
1742672,2015-09-07,6,Dairy,955.0,2,45.945,0.0,0.0,0.0,0.0,0.0,0.0,0.0,0.0,0.0,0.0,0.0,7,0,9,2015
1744454,2015-09-08,6,Dairy,846.0,2,45.92,0.0,0.0,0.0,0.0,0.0,0.0,0.0,0.0,0.0,0.0,0.0,8,1,9,2015
1746236,2015-09-09,6,Dairy,871.0,4,44.13,0.0,0.0,0.0,0.0,0.0,0.0,0.0,0.0,0.0,0.0,0.0,9,2,9,2015
1748018,2015-09-10,6,Dairy,677.0,2,45.85,0.0,0.0,0.0,0.0,0.0,0.0,0.0,0.0,0.0,0.0,0.0,10,3,9,2015
1749800,2015-09-11,6,Dairy,826.0,3,44.75,0.0,0.0,0.0,0.0,0.0,0.0,0.0,0.0,0.0,0.0,0.0,11,4,9,2015
1751582,2015-09-12,6,Dairy,1343.0,3,44.52333333333333,0.0,0.0,0.0,0.0,0.0,0.0,0.0,0.0,0.0,0.0,0.0,12,5,9,2015
1753364,2015-09-13,6,Dairy,1687.0,1,44.29666666666667,0.0,0.0,0.0,0.0,0.0,0.0,0.0,0.0,0.0,0.0,0.0,13,6,9,2015
1755146,2015-09-14,6,Dairy,841.0,2,44.07,0.0,0.0,0.0,0.0,0.0,0.0,0.0,0.0,0.0,0.0,0.0,14,0,9,2015
1756928,2015-09-15,6,Dairy,803.0,2,44.58,0.0,0.0,0.0,0.0,0.0,0.0,0.0,0.0,0.0,0.0,0.0,15,1,9,2015
1758710,2015-09-16,6,Dairy,921.0,2,47.12,0.0,0.0,0.0,0.0,0.0,0.0,0.0,0.0,0.0,0.0,0.0,16,2,9,2015
1760492,2015-09-17,6,Dairy,627.0,2,46.93,0.0,0.0,0.0,0.0,0.0,0.0,0.0,0.0,0.0,0.0,0.0,17,3,9,2015
1762274,2015-09-18,6,Dairy,862.0,2,44.71,0.0,0.0,0.0,0.0,0.0,0.0,0.0,0.0,0.0,0.0,0.0,18,4,9,2015
1764056,2015-09-19,6,Dairy,1256.0,3,45.36333333333334,0.0,0.0,0.0,0.0,0.0,0.0,0.0,0.0,0.0,0.0,0.0,19,5,9,2015
1765838,2015-09-20,6,Dairy,1716.0,2,46.016666666666666,0.0,0.0,0.0,0.0,0.0,0.0,0.0,0.0,0.0,0.0,0.0,20,6,9,2015
1767620,2015-09-21,6,Dairy,1032.0,2,46.67,0.0,0.0,0.0,0.0,0.0,0.0,0.0,0.0,0.0,0.0,0.0,21,0,9,2015
1769402,2015-09-22,6,Dairy,831.0,2,46.17,0.0,0.0,0.0,0.0,0.0,0.0,0.0,0.0,0.0,0.0,0.0,22,1,9,2015
1771184,2015-09-23,6,Dairy,926.0,2,44.53,0.0,0.0,0.0,0.0,0.0,0.0,0.0,0.0,0.0,0.0,0.0,23,2,9,2015
1772966,2015-09-24,6,Dairy,713.0,3,44.94,0.0,0.0,0.0,0.0,0.0,0.0,0.0,0.0,0.0,0.0,0.0,24,3,9,2015
1774748,2015-09-25,6,Dairy,818.0,2,45.55,0.0,0.0,0.0,0.0,0.0,0.0,0.0,0.0,0.0,0.0,0.0,25,4,9,2015
1776530,2015-09-26,6,Dairy,1131.0,2,45.166666666666664,0.0,0.0,0.0,0.0,0.0,0.0,0.0,0.0,0.0,0.0,0.0,26,5,9,2015
1778312,2015-09-27,6,Dairy,1856.0,3,44.78333333333333,0.0,0.0,0.0,0.0,0.0,0.0,0.0,0.0,0.0,0.0,0.0,27,6,9,2015
1780094,2015-09-28,6,Dairy,934.0,2,44.4,0.0,0.0,0.0,0.0,1.0,0.0,0.0,0.0,0.0,0.0,0.0,28,0,9,2015
1781876,2015-09-29,6,Dairy,901.0,2,45.24,0.0,0.0,0.0,0.0,0.0,0.0,0.0,0.0,0.0,0.0,0.0,29,1,9,2015
1783658,2015-09-30,6,Dairy,864.0,1,45.06,0.0,0.0,0.0,0.0,0.0,0.0,0.0,0.0,0.0,0.0,0.0,30,2,9,2015
1785440,2015-10-01,6,Dairy,895.0,1,44.75,0.0,0.0,0.0,0.0,0.0,0.0,0.0,0.0,0.0,0.0,0.0,1,3,10,2015
1787222,2015-10-02,6,Dairy,988.0,3,45.54,0.0,0.0,0.0,0.0,0.0,0.0,0.0,0.0,0.0,0.0,0.0,2,4,10,2015
1789004,2015-10-03,6,Dairy,1551.0,1,45.78666666666667,0.0,0.0,0.0,0.0,0.0,0.0,0.0,0.0,0.0,0.0,0.0,3,5,10,2015
1790786,2015-10-04,6,Dairy,2028.0,1,46.03333333333333,0.0,0.0,0.0,0.0,0.0,0.0,0.0,0.0,0.0,0.0,0.0,4,6,10,2015
1792568,2015-10-05,6,Dairy,1119.0,1,46.28,0.0,0.0,0.0,0.0,0.0,0.0,0.0,0.0,0.0,0.0,0.0,5,0,10,2015
1794350,2015-10-06,6,Dairy,829.0,1,48.53,0.0,0.0,0.0,0.0,0.0,0.0,0.0,0.0,0.0,0.0,0.0,6,1,10,2015
1796132,2015-10-07,6,Dairy,846.0,1,47.86,0.0,0.0,0.0,0.0,1.0,0.0,0.0,0.0,0.0,0.0,0.0,7,2,10,2015
1797914,2015-10-08,6,Dairy,612.0,1,49.46,0.0,0.0,0.0,0.0,0.0,0.0,0.0,0.0,0.0,0.0,0.0,8,3,10,2015
1799696,2015-10-09,6,Dairy,1163.0,3,49.67,0.0,0.0,0.0,0.0,0.0,1.0,0.0,0.0,0.0,0.0,0.0,9,4,10,2015
1801478,2015-10-10,6,Dairy,1206.0,1,48.81,0.0,0.0,0.0,0.0,0.0,0.0,0.0,0.0,0.0,0.0,0.0,10,5,10,2015
1803260,2015-10-11,6,Dairy,1540.0,1,47.95,0.0,0.0,0.0,0.0,0.0,0.0,0.0,0.0,0.0,0.0,0.0,11,6,10,2015
1805042,2015-10-12,6,Dairy,920.0,4,47.09,0.0,0.0,0.0,0.0,0.0,0.0,0.0,0.0,0.0,0.0,0.0,12,0,10,2015
1806824,2015-10-13,6,Dairy,704.0,4,46.7,0.0,0.0,0.0,0.0,0.0,0.0,0.0,0.0,0.0,0.0,0.0,13,1,10,2015
1808606,2015-10-14,6,Dairy,992.0,4,46.63,0.0,0.0,0.0,0.0,0.0,0.0,0.0,0.0,0.0,0.0,0.0,14,2,10,2015
1810388,2015-10-15,6,Dairy,743.0,3,46.38,0.0,0.0,0.0,0.0,0.0,0.0,0.0,0.0,0.0,0.0,0.0,15,3,10,2015
1812170,2015-10-16,6,Dairy,800.0,7,47.3,0.0,0.0,0.0,0.0,0.0,0.0,0.0,0.0,0.0,0.0,0.0,16,4,10,2015
1813952,2015-10-17,6,Dairy,1320.0,4,46.836666666666666,0.0,0.0,0.0,0.0,0.0,0.0,0.0,0.0,0.0,0.0,0.0,17,5,10,2015
1815734,2015-10-18,6,Dairy,1783.0,4,46.37333333333333,0.0,0.0,0.0,0.0,0.0,0.0,0.0,0.0,0.0,0.0,0.0,18,6,10,2015
1817516,2015-10-19,6,Dairy,1132.0,4,45.91,0.0,0.0,0.0,0.0,0.0,0.0,0.0,0.0,0.0,0.0,0.0,19,0,10,2015
1819298,2015-10-20,6,Dairy,960.0,2,45.84,0.0,0.0,0.0,0.0,0.0,0.0,0.0,0.0,0.0,0.0,0.0,20,1,10,2015
1821080,2015-10-21,6,Dairy,860.0,2,45.22,0.0,0.0,0.0,0.0,0.0,0.0,0.0,0.0,0.0,0.0,0.0,21,2,10,2015
1822862,2015-10-22,6,Dairy,648.0,1,44.9,0.0,0.0,0.0,0.0,0.0,0.0,0.0,0.0,0.0,0.0,0.0,22,3,10,2015
1824644,2015-10-23,6,Dairy,839.0,6,43.91,0.0,0.0,0.0,0.0,0.0,0.0,0.0,0.0,0.0,0.0,0.0,23,4,10,2015
1826426,2015-10-24,6,Dairy,1241.0,1,43.669999999999995,0.0,0.0,0.0,0.0,0.0,0.0,0.0,0.0,0.0,0.0,0.0,24,5,10,2015
1828208,2015-10-25,6,Dairy,1662.0,2,43.43,0.0,0.0,0.0,0.0,0.0,0.0,0.0,0.0,0.0,0.0,0.0,25,6,10,2015
1829990,2015-10-26,6,Dairy,963.0,1,43.19,0.0,0.0,0.0,0.0,0.0,0.0,0.0,0.0,0.0,0.0,0.0,26,0,10,2015
1831772,2015-10-27,6,Dairy,827.0,1,43.21,0.0,0.0,0.0,0.0,0.0,0.0,0.0,0.0,0.0,0.0,0.0,27,1,10,2015
1833554,2015-10-28,6,Dairy,782.0,0,45.93,0.0,0.0,0.0,0.0,0.0,0.0,0.0,0.0,0.0,0.0,0.0,28,2,10,2015
1835336,2015-10-29,6,Dairy,636.0,0,46.02,0.0,0.0,0.0,0.0,0.0,0.0,0.0,0.0,0.0,0.0,0.0,29,3,10,2015
1837118,2015-10-30,6,Dairy,762.0,3,46.6,0.0,0.0,0.0,0.0,0.0,0.0,0.0,0.0,0.0,0.0,0.0,30,4,10,2015
1838900,2015-10-31,6,Dairy,1067.0,0,46.44,0.0,0.0,0.0,0.0,0.0,0.0,0.0,0.0,0.0,0.0,0.0,31,5,10,2015
1840682,2015-11-01,6,Dairy,1041.0,0,46.28,0.0,0.0,0.0,0.0,0.0,0.0,0.0,0.0,0.0,0.0,0.0,1,6,11,2015
1842464,2015-11-02,6,Dairy,1060.0,1,46.12,0.0,0.0,0.0,0.0,0.0,1.0,0.0,0.0,0.0,0.0,0.0,2,0,11,2015
1844246,2015-11-03,6,Dairy,1592.0,2,47.88,0.0,0.0,0.0,0.0,0.0,1.0,0.0,0.0,0.0,0.0,0.0,3,1,11,2015
1846028,2015-11-04,6,Dairy,997.0,1,46.32,0.0,0.0,0.0,0.0,0.0,0.0,0.0,0.0,0.0,0.0,0.0,4,2,11,2015
1847810,2015-11-05,6,Dairy,702.0,1,45.27,0.0,0.0,0.0,0.0,0.0,0.0,0.0,0.0,0.0,0.0,0.0,5,3,11,2015
1849592,2015-11-06,6,Dairy,788.0,4,44.32,0.0,0.0,0.0,0.0,0.0,0.0,1.0,0.0,0.0,0.0,0.0,6,4,11,2015
1851374,2015-11-07,6,Dairy,1178.0,1,44.17,0.0,0.0,0.0,0.0,0.0,0.0,1.0,0.0,0.0,0.0,0.0,7,5,11,2015
1853156,2015-11-08,6,Dairy,1858.0,0,44.019999999999996,0.0,0.0,0.0,0.0,0.0,0.0,0.0,0.0,0.0,0.0,0.0,8,6,11,2015
1854938,2015-11-09,6,Dairy,883.0,1,43.87,0.0,0.0,0.0,0.0,0.0,0.0,0.0,0.0,0.0,0.0,0.0,9,0,11,2015
1856720,2015-11-10,6,Dairy,746.0,1,44.23,0.0,0.0,0.0,0.0,1.0,0.0,0.0,0.0,0.0,0.0,0.0,10,1,11,2015
1858502,2015-11-11,6,Dairy,785.0,1,42.95,0.0,0.0,0.0,0.0,1.0,0.0,0.0,0.0,0.0,0.0,0.0,11,2,11,2015
1860284,2015-11-12,6,Dairy,641.0,1,41.74,0.0,0.0,0.0,0.0,1.0,0.0,0.0,0.0,0.0,0.0,0.0,12,3,11,2015
1862066,2015-11-13,6,Dairy,798.0,4,40.69,0.0,0.0,0.0,0.0,0.0,0.0,0.0,0.0,0.0,0.0,0.0,13,4,11,2015
1863848,2015-11-14,6,Dairy,1191.0,1,41.019999999999996,0.0,0.0,0.0,0.0,0.0,0.0,0.0,0.0,0.0,0.0,0.0,14,5,11,2015
1865630,2015-11-15,6,Dairy,1845.0,2,41.35,0.0,0.0,0.0,0.0,0.0,0.0,0.0,0.0,0.0,0.0,0.0,15,6,11,2015
1867412,2015-11-16,6,Dairy,1065.0,5,41.68,0.0,0.0,0.0,0.0,0.0,0.0,0.0,0.0,0.0,0.0,0.0,16,0,11,2015
1869194,2015-11-17,6,Dairy,768.0,3,40.73,0.0,0.0,0.0,0.0,0.0,0.0,0.0,0.0,0.0,0.0,0.0,17,1,11,2015
1870976,2015-11-18,6,Dairy,875.0,1,40.75,0.0,0.0,0.0,0.0,0.0,0.0,0.0,0.0,0.0,0.0,0.0,18,2,11,2015
1872758,2015-11-19,6,Dairy,689.0,4,40.55,0.0,0.0,0.0,0.0,0.0,0.0,0.0,0.0,0.0,0.0,0.0,19,3,11,2015
1874540,2015-11-20,6,Dairy,829.0,8,39.39,0.0,0.0,0.0,0.0,0.0,0.0,0.0,0.0,0.0,0.0,0.0,20,4,11,2015
1876322,2015-11-21,6,Dairy,1305.0,2,39.35,0.0,0.0,0.0,0.0,0.0,0.0,0.0,0.0,0.0,0.0,0.0,21,5,11,2015
1878104,2015-11-22,6,Dairy,1656.0,5,39.31,0.0,0.0,0.0,0.0,0.0,0.0,0.0,0.0,0.0,0.0,0.0,22,6,11,2015
1879886,2015-11-23,6,Dairy,1014.0,1,39.27,0.0,0.0,0.0,0.0,0.0,0.0,0.0,0.0,0.0,0.0,0.0,23,0,11,2015
1881668,2015-11-24,6,Dairy,804.0,4,40.89,0.0,0.0,0.0,0.0,0.0,0.0,0.0,0.0,0.0,0.0,0.0,24,1,11,2015
1883450,2015-11-25,6,Dairy,845.0,3,41.22,0.0,0.0,0.0,0.0,0.0,0.0,0.0,0.0,0.0,0.0,0.0,25,2,11,2015
1885232,2015-11-26,6,Dairy,669.0,2,40.894999999999996,0.0,0.0,0.0,0.0,0.0,0.0,0.0,0.0,0.0,0.0,0.0,26,3,11,2015
1887014,2015-11-27,6,Dairy,748.0,6,40.57,0.0,0.0,0.0,1.0,0.0,0.0,0.0,0.0,0.0,0.0,0.0,27,4,11,2015
1888796,2015-11-28,6,Dairy,1040.0,5,40.52333333333333,0.0,0.0,0.0,0.0,0.0,0.0,0.0,0.0,0.0,0.0,0.0,28,5,11,2015
1890578,2015-11-29,6,Dairy,1672.0,2,40.47666666666667,0.0,0.0,0.0,0.0,0.0,0.0,0.0,0.0,0.0,0.0,0.0,29,6,11,2015
1892360,2015-11-30,6,Dairy,1021.0,3,40.43,0.0,0.0,0.0,1.0,0.0,0.0,0.0,0.0,0.0,0.0,0.0,30,0,11,2015
1894142,2015-12-01,6,Dairy,1065.0,5,40.58,0.0,0.0,0.0,0.0,0.0,0.0,0.0,0.0,0.0,0.0,0.0,1,1,12,2015
1895924,2015-12-02,6,Dairy,937.0,7,39.93,0.0,0.0,0.0,0.0,0.0,0.0,0.0,0.0,0.0,0.0,0.0,2,2,12,2015
1897706,2015-12-03,6,Dairy,779.0,7,41.08,0.0,0.0,0.0,0.0,0.0,0.0,0.0,0.0,0.0,0.0,0.0,3,3,12,2015
1899488,2015-12-04,6,Dairy,871.0,4,40.0,0.0,0.0,0.0,0.0,0.0,0.0,0.0,0.0,0.0,0.0,0.0,4,4,12,2015
1901270,2015-12-05,6,Dairy,1218.0,4,39.21333333333333,1.0,0.0,0.0,0.0,0.0,0.0,0.0,0.0,0.0,0.0,0.0,5,5,12,2015
1903052,2015-12-06,6,Dairy,1757.0,4,38.42666666666667,0.0,0.0,0.0,0.0,1.0,0.0,0.0,0.0,0.0,0.0,0.0,6,6,12,2015
1904834,2015-12-07,6,Dairy,1090.0,4,37.64,0.0,0.0,0.0,0.0,0.0,0.0,0.0,0.0,0.0,0.0,0.0,7,0,12,2015
1906616,2015-12-08,6,Dairy,855.0,5,37.46,0.0,0.0,0.0,0.0,1.0,0.0,0.0,0.0,0.0,0.0,0.0,8,1,12,2015
1908398,2015-12-09,6,Dairy,926.0,6,37.16,0.0,0.0,0.0,0.0,0.0,0.0,0.0,0.0,0.0,0.0,0.0,9,2,12,2015
1910180,2015-12-10,6,Dairy,651.0,2,36.76,0.0,0.0,0.0,0.0,0.0,0.0,0.0,0.0,0.0,0.0,0.0,10,3,12,2015
1911962,2015-12-11,6,Dairy,708.0,7,35.65,0.0,0.0,0.0,0.0,0.0,0.0,0.0,0.0,0.0,0.0,0.0,11,4,12,2015
1913744,2015-12-12,6,Dairy,967.0,4,35.87,0.0,0.0,0.0,0.0,0.0,0.0,0.0,0.0,0.0,0.0,0.0,12,5,12,2015
1915526,2015-12-13,6,Dairy,1425.0,4,36.09,0.0,0.0,0.0,0.0,0.0,0.0,0.0,0.0,0.0,0.0,0.0,13,6,12,2015
1917308,2015-12-14,6,Dairy,939.0,1,36.31,0.0,0.0,0.0,0.0,0.0,0.0,0.0,0.0,0.0,0.0,0.0,14,0,12,2015
1919090,2015-12-15,6,Dairy,901.0,5,37.32,0.0,0.0,0.0,0.0,0.0,0.0,0.0,0.0,0.0,0.0,0.0,15,1,12,2015
1920872,2015-12-16,6,Dairy,969.0,5,35.55,0.0,0.0,0.0,0.0,0.0,0.0,0.0,0.0,0.0,0.0,0.0,16,2,12,2015
1922654,2015-12-17,6,Dairy,850.0,5,34.98,0.0,0.0,0.0,0.0,0.0,0.0,0.0,0.0,0.0,0.0,0.0,17,3,12,2015
1924436,2015-12-18,6,Dairy,907.0,7,34.72,0.0,0.0,0.0,0.0,0.0,0.0,0.0,0.0,0.0,0.0,0.0,18,4,12,2015
1926218,2015-12-19,6,Dairy,1307.0,3,34.663333333333334,0.0,0.0,0.0,0.0,0.0,0.0,0.0,0.0,0.0,0.0,0.0,19,5,12,2015
1928000,2015-12-20,6,Dairy,1488.0,4,34.60666666666666,0.0,0.0,0.0,0.0,0.0,0.0,0.0,0.0,0.0,0.0,0.0,20,6,12,2015
1929782,2015-12-21,6,Dairy,1161.0,0,34.55,0.0,1.0,0.0,0.0,0.0,0.0,0.0,0.0,0.0,0.0,0.0,21,0,12,2015
1931564,2015-12-22,6,Dairy,1079.0,6,36.12,0.0,1.0,0.0,0.0,1.0,0.0,0.0,0.0,0.0,0.0,0.0,22,1,12,2015
1933346,2015-12-23,6,Dairy,1361.0,1,36.76,0.0,1.0,0.0,0.0,0.0,0.0,0.0,0.0,0.0,0.0,0.0,23,2,12,2015
1935128,2015-12-24,6,Dairy,1514.0,3,37.62,0.0,1.0,0.0,0.0,0.0,0.0,0.0,0.0,0.0,0.0,0.0,24,3,12,2015
1936910,2015-12-26,6,Dairy,982.0,5,36.989999999999995,0.0,1.0,0.0,0.0,0.0,0.0,0.0,0.0,0.0,0.0,0.0,26,5,12,2015
1938692,2015-12-27,6,Dairy,1048.0,5,36.675,0.0,0.0,0.0,0.0,0.0,0.0,0.0,0.0,0.0,0.0,0.0,27,6,12,2015
1940474,2015-12-28,6,Dairy,993.0,4,36.36,0.0,0.0,0.0,0.0,0.0,0.0,0.0,0.0,0.0,0.0,0.0,28,0,12,2015
1942256,2015-12-29,6,Dairy,1045.0,3,37.88,0.0,0.0,0.0,0.0,0.0,0.0,0.0,0.0,0.0,0.0,0.0,29,1,12,2015
1944038,2015-12-30,6,Dairy,1333.0,3,36.59,0.0,0.0,0.0,0.0,0.0,0.0,0.0,0.0,0.0,0.0,0.0,30,2,12,2015
1945820,2015-12-31,6,Dairy,1500.0,10,37.13,0.0,1.0,0.0,0.0,0.0,0.0,0.0,0.0,0.0,0.0,0.0,31,3,12,2015
1949384,2016-01-02,6,Dairy,1200.0,7,36.97,0.0,0.0,0.0,0.0,0.0,0.0,0.0,0.0,0.0,0.0,0.0,2,5,1,2016
1951166,2016-01-03,6,Dairy,1720.0,16,36.89,0.0,0.0,0.0,0.0,0.0,0.0,0.0,0.0,0.0,0.0,0.0,3,6,1,2016
1952948,2016-01-04,6,Dairy,1232.0,18,36.81,0.0,0.0,0.0,0.0,0.0,0.0,0.0,0.0,0.0,0.0,0.0,4,0,1,2016
1954730,2016-01-05,6,Dairy,1134.0,18,35.97,0.0,0.0,0.0,0.0,0.0,0.0,0.0,0.0,0.0,0.0,0.0,5,1,1,2016
1956512,2016-01-06,6,Dairy,1034.0,19,33.97,0.0,0.0,0.0,0.0,0.0,0.0,0.0,0.0,0.0,0.0,0.0,6,2,1,2016
1958294,2016-01-07,6,Dairy,901.0,21,33.29,0.0,0.0,0.0,0.0,0.0,0.0,0.0,0.0,0.0,0.0,0.0,7,3,1,2016
1960076,2016-01-08,6,Dairy,935.0,19,33.2,0.0,0.0,0.0,0.0,0.0,0.0,0.0,0.0,0.0,0.0,0.0,8,4,1,2016
1961858,2016-01-09,6,Dairy,1376.0,14,32.60666666666667,0.0,0.0,0.0,0.0,0.0,0.0,0.0,0.0,0.0,0.0,0.0,9,5,1,2016
1963640,2016-01-10,6,Dairy,1731.0,23,32.013333333333335,0.0,0.0,0.0,0.0,0.0,0.0,0.0,0.0,0.0,0.0,0.0,10,6,1,2016
1965422,2016-01-11,6,Dairy,973.0,11,31.42,0.0,0.0,0.0,0.0,0.0,0.0,0.0,0.0,0.0,0.0,0.0,11,0,1,2016
1967204,2016-01-12,6,Dairy,800.0,10,30.42,0.0,0.0,0.0,0.0,0.0,0.0,0.0,0.0,0.0,0.0,0.0,12,1,1,2016
1968986,2016-01-13,6,Dairy,929.0,14,30.42,0.0,0.0,0.0,0.0,0.0,0.0,0.0,0.0,0.0,0.0,0.0,13,2,1,2016
1970768,2016-01-14,6,Dairy,754.0,11,31.22,0.0,0.0,0.0,0.0,0.0,0.0,0.0,0.0,0.0,0.0,0.0,14,3,1,2016
1972550,2016-01-15,6,Dairy,872.0,15,29.45,0.0,0.0,0.0,0.0,0.0,0.0,0.0,0.0,0.0,0.0,0.0,15,4,1,2016
1974332,2016-01-16,6,Dairy,1587.0,18,29.205,0.0,0.0,0.0,0.0,0.0,0.0,0.0,0.0,0.0,0.0,0.0,16,5,1,2016
1976114,2016-01-17,6,Dairy,1745.0,19,28.96,0.0,0.0,0.0,0.0,0.0,0.0,0.0,0.0,0.0,0.0,0.0,17,6,1,2016
1977896,2016-01-18,6,Dairy,1018.0,15,28.715,0.0,0.0,0.0,0.0,0.0,0.0,0.0,0.0,0.0,0.0,0.0,18,0,1,2016
1979678,2016-01-19,6,Dairy,910.0,20,28.47,0.0,0.0,0.0,0.0,0.0,0.0,0.0,0.0,0.0,0.0,0.0,19,1,1,2016
1981460,2016-01-20,6,Dairy,1084.0,14,26.68,0.0,0.0,0.0,0.0,0.0,0.0,0.0,0.0,0.0,0.0,0.0,20,2,1,2016
1983242,2016-01-21,6,Dairy,747.0,0,29.55,0.0,0.0,0.0,0.0,0.0,0.0,0.0,0.0,0.0,0.0,0.0,21,3,1,2016
1985024,2016-01-22,6,Dairy,874.0,3,32.07,0.0,0.0,0.0,0.0,0.0,0.0,0.0,0.0,0.0,0.0,0.0,22,4,1,2016
1986806,2016-01-23,6,Dairy,1385.0,0,31.483333333333334,0.0,0.0,0.0,0.0,0.0,0.0,0.0,0.0,0.0,0.0,0.0,23,5,1,2016
1988588,2016-01-24,6,Dairy,1821.0,0,30.896666666666665,0.0,0.0,0.0,0.0,0.0,0.0,0.0,0.0,0.0,0.0,0.0,24,6,1,2016
1990370,2016-01-25,6,Dairy,1010.0,0,30.31,0.0,0.0,0.0,0.0,0.0,0.0,0.0,0.0,0.0,0.0,0.0,25,0,1,2016
1992152,2016-01-26,6,Dairy,864.0,0,29.54,0.0,0.0,0.0,0.0,0.0,0.0,0.0,0.0,0.0,0.0,0.0,26,1,1,2016
1993934,2016-01-27,6,Dairy,949.0,0,32.32,0.0,0.0,0.0,0.0,0.0,0.0,0.0,0.0,0.0,0.0,0.0,27,2,1,2016
1995716,2016-01-28,6,Dairy,746.0,0,33.21,0.0,0.0,0.0,0.0,0.0,0.0,0.0,0.0,0.0,0.0,0.0,28,3,1,2016
1997498,2016-01-29,6,Dairy,950.0,3,33.66,0.0,0.0,0.0,0.0,0.0,0.0,0.0,0.0,0.0,0.0,0.0,29,4,1,2016
1999280,2016-01-30,6,Dairy,1447.0,0,32.98,0.0,0.0,0.0,0.0,0.0,0.0,0.0,0.0,0.0,0.0,0.0,30,5,1,2016
2001062,2016-01-31,6,Dairy,1922.0,0,32.3,0.0,0.0,0.0,0.0,0.0,0.0,0.0,0.0,0.0,0.0,0.0,31,6,1,2016
2002844,2016-02-01,6,Dairy,1124.0,0,31.62,0.0,0.0,0.0,0.0,0.0,0.0,0.0,0.0,0.0,0.0,0.0,1,0,2,2016
2004626,2016-02-02,6,Dairy,931.0,0,29.9,0.0,0.0,0.0,0.0,0.0,0.0,0.0,0.0,0.0,0.0,0.0,2,1,2,2016
2006408,2016-02-03,6,Dairy,1007.0,0,32.29,0.0,0.0,0.0,0.0,0.0,0.0,0.0,0.0,0.0,0.0,0.0,3,2,2,2016
2008190,2016-02-04,6,Dairy,796.0,0,31.63,0.0,0.0,0.0,0.0,0.0,0.0,0.0,0.0,0.0,0.0,0.0,4,3,2,2016
2009972,2016-02-05,6,Dairy,835.0,4,30.86,0.0,0.0,0.0,0.0,0.0,0.0,0.0,0.0,0.0,0.0,0.0,5,4,2,2016
2011754,2016-02-06,6,Dairy,1198.0,0,30.476666666666667,0.0,0.0,0.0,0.0,0.0,0.0,0.0,0.0,0.0,0.0,0.0,6,5,2,2016
2013536,2016-02-07,6,Dairy,899.0,0,30.093333333333334,0.0,0.0,0.0,0.0,0.0,0.0,0.0,0.0,0.0,0.0,0.0,7,6,2,2016
2015318,2016-02-08,6,Dairy,957.0,0,29.71,0.0,0.0,0.0,0.0,0.0,1.0,0.0,0.0,0.0,0.0,0.0,8,0,2,2016
2017100,2016-02-09,6,Dairy,1153.0,0,27.96,0.0,0.0,0.0,0.0,0.0,1.0,0.0,0.0,0.0,0.0,0.0,9,1,2,2016
2018882,2016-02-10,6,Dairy,1041.0,0,27.54,0.0,0.0,0.0,0.0,0.0,0.0,0.0,0.0,0.0,0.0,0.0,10,2,2,2016
2020664,2016-02-11,6,Dairy,875.0,0,26.19,0.0,0.0,0.0,0.0,0.0,0.0,0.0,0.0,0.0,0.0,0.0,11,3,2,2016
2022446,2016-02-12,6,Dairy,908.0,3,29.32,0.0,0.0,0.0,0.0,0.0,0.0,0.0,0.0,0.0,0.0,0.0,12,4,2,2016
2024228,2016-02-13,6,Dairy,1367.0,0,29.2525,0.0,0.0,0.0,0.0,0.0,0.0,0.0,0.0,0.0,0.0,0.0,13,5,2,2016
2026010,2016-02-14,6,Dairy,1656.0,0,29.185000000000002,0.0,0.0,0.0,0.0,0.0,0.0,0.0,0.0,0.0,0.0,0.0,14,6,2,2016
2027792,2016-02-15,6,Dairy,1049.0,0,29.1175,0.0,0.0,0.0,0.0,0.0,0.0,0.0,0.0,0.0,0.0,0.0,15,0,2,2016
2029574,2016-02-16,6,Dairy,1031.0,0,29.05,0.0,0.0,0.0,0.0,0.0,0.0,0.0,0.0,0.0,0.0,0.0,16,1,2,2016
2031356,2016-02-17,6,Dairy,1029.0,0,30.68,0.0,0.0,0.0,0.0,0.0,0.0,0.0,0.0,0.0,0.0,0.0,17,2,2,2016
2033138,2016-02-18,6,Dairy,815.0,0,30.77,0.0,0.0,0.0,0.0,0.0,0.0,0.0,0.0,0.0,0.0,0.0,18,3,2,2016
2034920,2016-02-19,6,Dairy,889.0,3,29.59,0.0,0.0,0.0,0.0,0.0,0.0,0.0,0.0,0.0,0.0,0.0,19,4,2,2016
2036702,2016-02-20,6,Dairy,1268.0,0,30.183333333333334,0.0,0.0,0.0,0.0,0.0,0.0,0.0,0.0,0.0,0.0,0.0,20,5,2,2016
2038484,2016-02-21,6,Dairy,1837.0,0,30.776666666666667,0.0,0.0,0.0,0.0,0.0,0.0,0.0,0.0,0.0,0.0,0.0,21,6,2,2016
2040266,2016-02-22,6,Dairy,956.0,0,31.37,0.0,0.0,0.0,0.0,0.0,0.0,0.0,0.0,0.0,0.0,0.0,22,0,2,2016
2042048,2016-02-23,6,Dairy,896.0,0,31.84,0.0,0.0,0.0,0.0,0.0,0.0,0.0,0.0,0.0,0.0,0.0,23,1,2,2016
2043830,2016-02-24,6,Dairy,901.0,0,30.35,0.0,0.0,0.0,0.0,0.0,0.0,0.0,0.0,0.0,0.0,0.0,24,2,2,2016
2045612,2016-02-25,6,Dairy,844.0,3,31.4,0.0,0.0,0.0,0.0,0.0,0.0,0.0,0.0,0.0,0.0,0.0,25,3,2,2016
2047394,2016-02-26,6,Dairy,889.0,6,31.65,0.0,0.0,0.0,0.0,0.0,0.0,0.0,0.0,0.0,0.0,0.0,26,4,2,2016
2049176,2016-02-27,6,Dairy,1389.0,1,32.013333333333335,0.0,0.0,0.0,0.0,0.0,0.0,0.0,0.0,0.0,0.0,0.0,27,5,2,2016
2050958,2016-02-28,6,Dairy,1792.0,2,32.376666666666665,0.0,0.0,0.0,0.0,0.0,0.0,0.0,0.0,0.0,0.0,0.0,28,6,2,2016
2052740,2016-02-29,6,Dairy,1140.0,1,32.74,0.0,0.0,0.0,0.0,0.0,0.0,0.0,0.0,0.0,0.0,0.0,29,0,2,2016
2054522,2016-03-01,6,Dairy,1129.0,3,34.39,0.0,0.0,0.0,0.0,0.0,0.0,0.0,0.0,0.0,0.0,0.0,1,1,3,2016
2056304,2016-03-02,6,Dairy,1188.0,4,34.57,0.0,0.0,0.0,0.0,1.0,0.0,0.0,0.0,0.0,0.0,0.0,2,2,3,2016
2058086,2016-03-03,6,Dairy,834.0,10,34.56,0.0,0.0,0.0,0.0,0.0,0.0,0.0,0.0,0.0,0.0,0.0,3,3,3,2016
2059868,2016-03-04,6,Dairy,1043.0,12,35.91,0.0,0.0,0.0,0.0,0.0,0.0,0.0,0.0,0.0,0.0,0.0,4,4,3,2016
2061650,2016-03-05,6,Dairy,1501.0,16,36.57333333333333,0.0,0.0,0.0,0.0,0.0,0.0,0.0,0.0,0.0,0.0,0.0,5,5,3,2016
2063432,2016-03-06,6,Dairy,1878.0,15,37.236666666666665,0.0,0.0,0.0,0.0,0.0,0.0,0.0,0.0,0.0,0.0,0.0,6,6,3,2016
2065214,2016-03-07,6,Dairy,1084.0,14,37.9,0.0,0.0,0.0,0.0,0.0,0.0,0.0,0.0,0.0,0.0,0.0,7,0,3,2016
2066996,2016-03-08,6,Dairy,943.0,8,36.67,0.0,0.0,0.0,0.0,0.0,0.0,0.0,0.0,0.0,0.0,0.0,8,1,3,2016
2068778,2016-03-09,6,Dairy,1053.0,10,37.62,0.0,0.0,0.0,0.0,0.0,0.0,0.0,0.0,0.0,0.0,0.0,9,2,3,2016
2070560,2016-03-10,6,Dairy,822.0,17,37.77,0.0,0.0,0.0,0.0,0.0,0.0,0.0,0.0,0.0,0.0,0.0,10,3,3,2016
2072342,2016-03-11,6,Dairy,994.0,20,38.51,0.0,0.0,0.0,0.0,0.0,0.0,0.0,0.0,0.0,0.0,0.0,11,4,3,2016
2074124,2016-03-12,6,Dairy,1419.0,19,38.07333333333333,0.0,0.0,0.0,0.0,0.0,0.0,0.0,0.0,0.0,0.0,0.0,12,5,3,2016
2075906,2016-03-13,6,Dairy,1806.0,19,37.63666666666667,0.0,0.0,0.0,0.0,0.0,0.0,0.0,0.0,0.0,0.0,0.0,13,6,3,2016
2077688,2016-03-14,6,Dairy,989.0,15,37.2,0.0,0.0,0.0,0.0,0.0,0.0,0.0,0.0,0.0,0.0,0.0,14,0,3,2016
2079470,2016-03-15,6,Dairy,944.0,13,36.32,0.0,0.0,0.0,0.0,0.0,0.0,0.0,0.0,0.0,0.0,0.0,15,1,3,2016
2081252,2016-03-16,6,Dairy,1186.0,17,38.43,0.0,0.0,0.0,0.0,0.0,0.0,0.0,0.0,0.0,0.0,0.0,16,2,3,2016
2083034,2016-03-17,6,Dairy,737.0,12,40.17,0.0,0.0,0.0,0.0,0.0,0.0,0.0,0.0,0.0,0.0,0.0,17,3,3,2016
2084816,2016-03-18,6,Dairy,1001.0,11,39.47,0.0,0.0,0.0,0.0,0.0,0.0,0.0,0.0,0.0,0.0,0.0,18,4,3,2016
2086598,2016-03-19,6,Dairy,1233.0,12,39.61666666666667,0.0,0.0,0.0,0.0,0.0,0.0,0.0,0.0,0.0,0.0,0.0,19,5,3,2016
2088380,2016-03-20,6,Dairy,1670.0,17,39.76333333333333,0.0,0.0,0.0,0.0,0.0,0.0,0.0,0.0,0.0,0.0,0.0,20,6,3,2016
2090162,2016-03-21,6,Dairy,1090.0,13,39.91,0.0,0.0,0.0,0.0,0.0,0.0,0.0,0.0,0.0,0.0,0.0,21,0,3,2016
2091944,2016-03-22,6,Dairy,934.0,10,41.45,0.0,0.0,0.0,0.0,0.0,0.0,0.0,0.0,0.0,0.0,0.0,22,1,3,2016
2093726,2016-03-23,6,Dairy,1124.0,11,38.28,0.0,0.0,0.0,0.0,0.0,0.0,0.0,0.0,0.0,0.0,0.0,23,2,3,2016
2095508,2016-03-24,6,Dairy,1232.0,0,38.14,0.0,0.0,0.0,0.0,0.0,0.0,0.0,0.0,0.0,0.0,0.0,24,3,3,2016
2097290,2016-03-25,6,Dairy,1053.0,1,38.1025,0.0,0.0,0.0,0.0,0.0,1.0,0.0,0.0,0.0,0.0,0.0,25,4,3,2016
2099072,2016-03-26,6,Dairy,1223.0,0,38.065,0.0,0.0,0.0,0.0,0.0,0.0,0.0,0.0,0.0,0.0,0.0,26,5,3,2016
2100854,2016-03-27,6,Dairy,1559.0,1,38.0275,0.0,0.0,0.0,0.0,0.0,0.0,0.0,0.0,0.0,0.0,0.0,27,6,3,2016
2102636,2016-03-28,6,Dairy,947.0,1,37.99,0.0,0.0,0.0,0.0,0.0,0.0,0.0,0.0,0.0,0.0,0.0,28,0,3,2016
2104418,2016-03-29,6,Dairy,935.0,2,36.91,0.0,0.0,0.0,0.0,0.0,0.0,0.0,0.0,0.0,0.0,0.0,29,1,3,2016
2106200,2016-03-30,6,Dairy,876.0,2,36.91,0.0,0.0,0.0,0.0,0.0,0.0,0.0,0.0,0.0,0.0,0.0,30,2,3,2016
2107982,2016-03-31,6,Dairy,790.0,1,36.94,0.0,0.0,0.0,0.0,0.0,0.0,0.0,0.0,0.0,0.0,0.0,31,3,3,2016
2109764,2016-04-01,6,Dairy,1082.0,1,35.36,0.0,0.0,0.0,0.0,0.0,0.0,1.0,0.0,0.0,0.0,0.0,1,4,4,2016
2111546,2016-04-02,6,Dairy,1646.0,1,35.00666666666667,0.0,0.0,0.0,0.0,0.0,0.0,0.0,0.0,0.0,0.0,0.0,2,5,4,2016
2113328,2016-04-03,6,Dairy,1981.0,0,34.65333333333333,0.0,0.0,0.0,0.0,0.0,0.0,0.0,0.0,0.0,0.0,0.0,3,6,4,2016
2115110,2016-04-04,6,Dairy,1032.0,0,34.3,0.0,0.0,0.0,0.0,0.0,0.0,0.0,0.0,0.0,0.0,0.0,4,0,4,2016
2116892,2016-04-05,6,Dairy,997.0,1,34.52,0.0,0.0,0.0,0.0,0.0,0.0,0.0,0.0,0.0,0.0,0.0,5,1,4,2016
2118674,2016-04-06,6,Dairy,1032.0,2,37.74,0.0,0.0,0.0,0.0,0.0,0.0,0.0,0.0,0.0,0.0,0.0,6,2,4,2016
2120456,2016-04-07,6,Dairy,886.0,1,37.3,0.0,0.0,0.0,0.0,0.0,0.0,0.0,0.0,0.0,0.0,0.0,7,3,4,2016
2122238,2016-04-08,6,Dairy,970.0,0,39.74,0.0,0.0,0.0,0.0,0.0,0.0,0.0,0.0,0.0,0.0,0.0,8,4,4,2016
2124020,2016-04-09,6,Dairy,1351.0,1,39.980000000000004,0.0,0.0,0.0,0.0,0.0,0.0,0.0,0.0,0.0,0.0,0.0,9,5,4,2016
2125802,2016-04-10,6,Dairy,1889.0,1,40.22,0.0,0.0,0.0,0.0,0.0,0.0,0.0,0.0,0.0,0.0,0.0,10,6,4,2016
2127584,2016-04-11,6,Dairy,906.0,1,40.46,0.0,0.0,0.0,0.0,0.0,0.0,0.0,0.0,0.0,0.0,0.0,11,0,4,2016
2129366,2016-04-12,6,Dairy,876.0,1,42.12,0.0,0.0,0.0,0.0,1.0,0.0,0.0,0.0,0.0,0.0,0.0,12,1,4,2016
2131148,2016-04-13,6,Dairy,946.0,1,41.7,0.0,0.0,0.0,0.0,0.0,0.0,0.0,0.0,0.0,0.0,0.0,13,2,4,2016
2132930,2016-04-14,6,Dairy,730.0,1,41.45,0.0,0.0,0.0,0.0,1.0,0.0,0.0,0.0,0.0,0.0,0.0,14,3,4,2016
2134712,2016-04-15,6,Dairy,936.0,2,40.4,0.0,0.0,0.0,0.0,0.0,0.0,0.0,0.0,0.0,0.0,0.0,15,4,4,2016
2136494,2016-04-16,6,Dairy,1371.0,4,40.18,0.0,0.0,0.0,1.0,0.0,0.0,0.0,0.0,0.0,0.0,0.0,16,5,4,2016
2138276,2016-04-17,6,Dairy,2015.0,4,39.96,0.0,0.0,0.0,1.0,0.0,0.0,0.0,0.0,0.0,0.0,0.0,17,6,4,2016
2140058,2016-04-18,6,Dairy,1129.0,1,39.74,0.0,0.0,0.0,1.0,0.0,0.0,0.0,0.0,0.0,0.0,0.0,18,0,4,2016
2141840,2016-04-19,6,Dairy,890.0,1,40.88,0.0,0.0,0.0,1.0,0.0,0.0,0.0,0.0,0.0,0.0,0.0,19,1,4,2016
2143622,2016-04-20,6,Dairy,1034.0,33,42.72,0.0,0.0,0.0,1.0,0.0,0.0,0.0,0.0,0.0,0.0,0.0,20,2,4,2016
2145404,2016-04-21,6,Dairy,811.0,37,43.18,0.0,0.0,0.0,1.0,1.0,0.0,0.0,0.0,0.0,0.0,0.0,21,3,4,2016
2147186,2016-04-22,6,Dairy,900.0,35,42.76,0.0,0.0,0.0,1.0,0.0,0.0,0.0,0.0,0.0,0.0,0.0,22,4,4,2016
2148968,2016-04-23,6,Dairy,1334.0,38,42.39666666666667,0.0,0.0,0.0,1.0,0.0,0.0,0.0,0.0,0.0,0.0,0.0,23,5,4,2016
2150750,2016-04-24,6,Dairy,1775.0,36,42.03333333333333,0.0,0.0,0.0,1.0,0.0,0.0,0.0,0.0,0.0,0.0,0.0,24,6,4,2016
2152532,2016-04-25,6,Dairy,942.0,39,41.67,0.0,0.0,0.0,1.0,0.0,0.0,0.0,0.0,0.0,0.0,0.0,25,0,4,2016
2154314,2016-04-26,6,Dairy,810.0,34,42.52,0.0,0.0,0.0,1.0,0.0,0.0,0.0,0.0,0.0,0.0,0.0,26,1,4,2016
2156096,2016-04-27,6,Dairy,879.0,35,45.29,0.0,0.0,0.0,1.0,0.0,0.0,0.0,0.0,0.0,0.0,0.0,27,2,4,2016
2157878,2016-04-28,6,Dairy,674.0,32,46.03,0.0,0.0,0.0,1.0,0.0,0.0,0.0,0.0,0.0,0.0,0.0,28,3,4,2016
2159660,2016-04-29,6,Dairy,965.0,28,45.98,0.0,0.0,0.0,1.0,0.0,0.0,0.0,0.0,0.0,0.0,0.0,29,4,4,2016
2161442,2016-04-30,6,Dairy,1357.0,38,45.57,0.0,0.0,0.0,1.0,0.0,0.0,0.0,0.0,0.0,0.0,0.0,30,5,4,2016
2163224,2016-05-01,6,Dairy,1886.0,37,45.16,0.0,0.0,0.0,1.0,0.0,1.0,0.0,0.0,0.0,0.0,0.0,1,6,5,2016
2165006,2016-05-02,6,Dairy,1163.0,2,44.75,0.0,0.0,0.0,1.0,0.0,0.0,0.0,0.0,0.0,0.0,0.0,2,0,5,2016
2166788,2016-05-03,6,Dairy,1053.0,4,43.65,0.0,0.0,0.0,1.0,0.0,0.0,0.0,0.0,0.0,0.0,0.0,3,1,5,2016
2168570,2016-05-04,6,Dairy,998.0,3,43.77,0.0,0.0,0.0,1.0,0.0,0.0,0.0,0.0,0.0,0.0,0.0,4,2,5,2016
2170352,2016-05-05,6,Dairy,912.0,4,44.33,0.0,0.0,0.0,1.0,0.0,0.0,0.0,0.0,0.0,0.0,0.0,5,3,5,2016
2172134,2016-05-06,6,Dairy,1027.0,4,44.58,0.0,0.0,0.0,1.0,0.0,0.0,0.0,0.0,0.0,0.0,0.0,6,4,5,2016
2173916,2016-05-07,6,Dairy,1561.0,5,44.20333333333333,0.0,1.0,0.0,1.0,0.0,0.0,0.0,0.0,0.0,0.0,0.0,7,5,5,2016
2175698,2016-05-08,6,Dairy,1421.0,4,43.82666666666667,0.0,0.0,0.0,2.0,0.0,0.0,0.0,0.0,0.0,0.0,0.0,8,6,5,2016
2177480,2016-05-09,6,Dairy,1151.0,9,43.45,0.0,0.0,0.0,1.0,0.0,0.0,0.0,0.0,0.0,0.0,0.0,9,0,5,2016
2179262,2016-05-10,6,Dairy,900.0,2,44.68,0.0,0.0,0.0,1.0,0.0,0.0,0.0,0.0,0.0,0.0,0.0,10,1,5,2016
2181044,2016-05-11,6,Dairy,1001.0,4,46.21,0.0,0.0,0.0,1.0,0.0,0.0,0.0,0.0,0.0,0.0,0.0,11,2,5,2016
2182826,2016-05-12,6,Dairy,760.0,1,46.64,0.0,0.0,0.0,1.0,1.0,0.0,0.0,0.0,0.0,0.0,0.0,12,3,5,2016
2184608,2016-05-13,6,Dairy,895.0,7,46.22,0.0,0.0,0.0,1.0,0.0,0.0,0.0,0.0,0.0,0.0,0.0,13,4,5,2016
2186390,2016-05-14,6,Dairy,1429.0,5,46.72,0.0,0.0,0.0,1.0,0.0,0.0,0.0,0.0,0.0,0.0,0.0,14,5,5,2016
2188172,2016-05-15,6,Dairy,1863.0,8,47.22,0.0,0.0,0.0,1.0,0.0,0.0,0.0,0.0,0.0,0.0,0.0,15,6,5,2016
2189954,2016-05-16,6,Dairy,1184.0,5,47.72,0.0,0.0,0.0,1.0,0.0,0.0,0.0,0.0,0.0,0.0,0.0,16,0,5,2016
2191736,2016-05-17,6,Dairy,981.0,3,48.29,0.0,0.0,0.0,0.0,0.0,0.0,0.0,0.0,0.0,0.0,0.0,17,1,5,2016
2193518,2016-05-18,6,Dairy,966.0,2,48.12,0.0,0.0,0.0,0.0,0.0,0.0,0.0,0.0,0.0,0.0,0.0,18,2,5,2016
2195300,2016-05-19,6,Dairy,762.0,3,48.16,0.0,0.0,0.0,0.0,0.0,0.0,0.0,0.0,0.0,0.0,0.0,19,3,5,2016
2197082,2016-05-20,6,Dairy,1065.0,2,47.67,0.0,0.0,0.0,0.0,0.0,0.0,0.0,0.0,0.0,0.0,0.0,20,4,5,2016
2198864,2016-05-21,6,Dairy,1363.0,3,47.82,0.0,0.0,0.0,0.0,0.0,0.0,0.0,0.0,0.0,0.0,0.0,21,5,5,2016
2200646,2016-05-22,6,Dairy,1820.0,1,47.97,0.0,0.0,0.0,0.0,0.0,0.0,0.0,0.0,0.0,0.0,0.0,22,6,5,2016
2202428,2016-05-23,6,Dairy,1115.0,1,48.12,0.0,0.0,0.0,0.0,0.0,0.0,0.0,0.0,0.0,0.0,0.0,23,0,5,2016
2204210,2016-05-24,6,Dairy,844.0,1,48.04,0.0,0.0,0.0,0.0,0.0,0.0,0.0,0.0,1.0,0.0,0.0,24,1,5,2016
2205992,2016-05-25,6,Dairy,792.0,4,49.1,0.0,0.0,0.0,0.0,0.0,0.0,0.0,0.0,0.0,0.0,0.0,25,2,5,2016
2207774,2016-05-26,6,Dairy,716.0,3,49.0,0.0,0.0,0.0,0.0,0.0,0.0,0.0,0.0,0.0,0.0,0.0,26,3,5,2016
2209556,2016-05-27,6,Dairy,1205.0,4,49.36,0.0,0.0,0.0,0.0,0.0,0.0,0.0,0.0,0.0,0.0,1.0,27,4,5,2016
2211338,2016-05-28,6,Dairy,1133.0,3,49.295,0.0,0.0,0.0,0.0,0.0,0.0,0.0,0.0,0.0,0.0,0.0,28,5,5,2016
2213120,2016-05-29,6,Dairy,1657.0,4,49.230000000000004,0.0,0.0,0.0,0.0,0.0,0.0,0.0,0.0,0.0,0.0,0.0,29,6,5,2016
2214902,2016-05-30,6,Dairy,1062.0,2,49.165,0.0,0.0,0.0,0.0,0.0,0.0,0.0,0.0,0.0,0.0,0.0,30,0,5,2016
2216684,2016-05-31,6,Dairy,1104.0,5,49.1,0.0,0.0,0.0,0.0,0.0,0.0,0.0,0.0,0.0,0.0,0.0,31,1,5,2016
2218466,2016-06-01,6,Dairy,996.0,5,49.07,0.0,0.0,0.0,0.0,0.0,0.0,0.0,0.0,0.0,0.0,0.0,1,2,6,2016
2220248,2016-06-02,6,Dairy,778.0,4,49.14,0.0,0.0,0.0,0.0,0.0,0.0,0.0,0.0,0.0,0.0,0.0,2,3,6,2016
2222030,2016-06-03,6,Dairy,957.0,3,48.69,0.0,0.0,0.0,0.0,0.0,0.0,0.0,0.0,0.0,0.0,0.0,3,4,6,2016
2223812,2016-06-04,6,Dairy,1487.0,2,49.03,0.0,0.0,0.0,0.0,0.0,0.0,0.0,0.0,0.0,0.0,0.0,4,5,6,2016
2225594,2016-06-05,6,Dairy,1850.0,3,49.37,0.0,0.0,0.0,0.0,0.0,0.0,0.0,0.0,0.0,0.0,0.0,5,6,6,2016
2227376,2016-06-06,6,Dairy,1147.0,2,49.71,0.0,0.0,0.0,0.0,0.0,0.0,0.0,0.0,0.0,0.0,0.0,6,0,6,2016
2229158,2016-06-07,6,Dairy,835.0,5,50.37,0.0,0.0,0.0,0.0,0.0,0.0,0.0,0.0,0.0,0.0,0.0,7,1,6,2016
2230940,2016-06-08,6,Dairy,1043.0,5,51.23,0.0,0.0,0.0,0.0,0.0,0.0,0.0,0.0,0.0,0.0,0.0,8,2,6,2016
2232722,2016-06-09,6,Dairy,731.0,6,50.52,0.0,0.0,0.0,0.0,0.0,0.0,0.0,0.0,0.0,0.0,0.0,9,3,6,2016
2234504,2016-06-10,6,Dairy,853.0,5,49.09,0.0,0.0,0.0,0.0,0.0,0.0,0.0,0.0,0.0,0.0,0.0,10,4,6,2016
2236286,2016-06-11,6,Dairy,1150.0,6,49.02333333333333,0.0,0.0,0.0,0.0,0.0,0.0,0.0,0.0,0.0,0.0,0.0,11,5,6,2016
2238068,2016-06-12,6,Dairy,1715.0,5,48.95666666666667,0.0,0.0,0.0,0.0,0.0,0.0,0.0,0.0,0.0,0.0,0.0,12,6,6,2016
2239850,2016-06-13,6,Dairy,1052.0,5,48.89,0.0,0.0,0.0,0.0,0.0,0.0,0.0,0.0,0.0,0.0,0.0,13,0,6,2016
2241632,2016-06-14,6,Dairy,889.0,5,48.49,0.0,0.0,0.0,0.0,0.0,0.0,0.0,0.0,0.0,0.0,0.0,14,1,6,2016
2243414,2016-06-15,6,Dairy,1011.0,5,47.92,0.0,0.0,0.0,0.0,0.0,0.0,0.0,0.0,0.0,0.0,0.0,15,2,6,2016
2245196,2016-06-16,6,Dairy,841.0,6,46.14,0.0,0.0,0.0,0.0,0.0,0.0,0.0,0.0,0.0,0.0,0.0,16,3,6,2016
2246978,2016-06-17,6,Dairy,1001.0,5,48.0,0.0,0.0,0.0,0.0,0.0,0.0,0.0,0.0,0.0,0.0,0.0,17,4,6,2016
2248760,2016-06-18,6,Dairy,1489.0,5,48.46666666666667,0.0,0.0,0.0,0.0,0.0,0.0,0.0,0.0,0.0,0.0,0.0,18,5,6,2016
2250542,2016-06-19,6,Dairy,1494.0,5,48.93333333333333,0.0,0.0,0.0,0.0,0.0,0.0,0.0,0.0,0.0,0.0,0.0,19,6,6,2016
2252324,2016-06-20,6,Dairy,1042.0,5,49.4,0.0,0.0,0.0,0.0,0.0,0.0,0.0,0.0,0.0,0.0,0.0,20,0,6,2016
2254106,2016-06-21,6,Dairy,994.0,5,48.95,0.0,0.0,0.0,0.0,0.0,0.0,0.0,0.0,0.0,0.0,0.0,21,1,6,2016
2255888,2016-06-22,6,Dairy,953.0,5,49.16,0.0,0.0,0.0,0.0,0.0,0.0,0.0,0.0,0.0,0.0,0.0,22,2,6,2016
2257670,2016-06-23,6,Dairy,778.0,13,49.34,0.0,0.0,0.0,0.0,1.0,0.0,0.0,0.0,0.0,0.0,0.0,23,3,6,2016
2259452,2016-06-24,6,Dairy,892.0,15,46.7,0.0,0.0,0.0,0.0,0.0,0.0,0.0,0.0,0.0,0.0,0.0,24,4,6,2016
2261234,2016-06-25,6,Dairy,1206.0,13,46.4,0.0,0.0,0.0,0.0,2.0,0.0,1.0,0.0,0.0,0.0,0.0,25,5,6,2016
2263016,2016-06-26,6,Dairy,1638.0,14,46.1,0.0,0.0,0.0,0.0,0.0,0.0,0.0,0.0,0.0,0.0,0.0,26,6,6,2016
2264798,2016-06-27,6,Dairy,1060.0,14,45.8,0.0,0.0,0.0,0.0,0.0,0.0,0.0,0.0,0.0,0.0,0.0,27,0,6,2016
2266580,2016-06-28,6,Dairy,726.0,15,47.93,0.0,0.0,0.0,0.0,0.0,0.0,0.0,0.0,0.0,0.0,0.0,28,1,6,2016
2268362,2016-06-29,6,Dairy,938.0,15,49.85,0.0,0.0,0.0,0.0,0.0,0.0,0.0,0.0,0.0,0.0,0.0,29,2,6,2016
2270144,2016-06-30,6,Dairy,775.0,15,48.27,0.0,0.0,0.0,0.0,0.0,0.0,0.0,0.0,0.0,0.0,0.0,30,3,6,2016
2271926,2016-07-01,6,Dairy,1140.0,11,49.02,0.0,0.0,0.0,0.0,0.0,0.0,0.0,0.0,0.0,0.0,0.0,1,4,7,2016
2273708,2016-07-02,6,Dairy,1270.0,9,48.447500000000005,0.0,0.0,0.0,0.0,0.0,0.0,0.0,0.0,0.0,0.0,0.0,2,5,7,2016
2275490,2016-07-03,6,Dairy,1657.0,10,47.875,0.0,0.0,0.0,0.0,2.0,0.0,0.0,0.0,0.0,0.0,0.0,3,6,7,2016
2277272,2016-07-04,6,Dairy,935.0,11,47.302499999999995,0.0,0.0,0.0,0.0,0.0,0.0,0.0,0.0,0.0,0.0,0.0,4,0,7,2016
2279054,2016-07-05,6,Dairy,924.0,12,46.73,0.0,0.0,0.0,0.0,0.0,0.0,0.0,0.0,0.0,0.0,0.0,5,1,7,2016
2280836,2016-07-06,6,Dairy,1009.0,46,47.37,0.0,0.0,0.0,0.0,0.0,0.0,0.0,0.0,0.0,0.0,0.0,6,2,7,2016
2282618,2016-07-07,6,Dairy,868.0,0,45.22,0.0,0.0,0.0,0.0,0.0,0.0,0.0,0.0,0.0,0.0,0.0,7,3,7,2016
2284400,2016-07-08,6,Dairy,952.0,48,45.37,0.0,0.0,0.0,0.0,0.0,0.0,0.0,0.0,0.0,0.0,0.0,8,4,7,2016
2286182,2016-07-09,6,Dairy,1158.0,50,45.156666666666666,0.0,0.0,0.0,0.0,0.0,0.0,0.0,0.0,0.0,0.0,0.0,9,5,7,2016
2287964,2016-07-10,6,Dairy,1396.0,49,44.94333333333333,0.0,0.0,0.0,0.0,0.0,0.0,0.0,0.0,0.0,0.0,0.0,10,6,7,2016
2289746,2016-07-11,6,Dairy,987.0,49,44.73,0.0,0.0,0.0,0.0,0.0,0.0,0.0,0.0,0.0,0.0,0.0,11,0,7,2016
2291528,2016-07-12,6,Dairy,810.0,46,46.82,0.0,0.0,0.0,0.0,0.0,0.0,0.0,0.0,0.0,0.0,0.0,12,1,7,2016
2293310,2016-07-13,6,Dairy,893.0,14,44.87,0.0,0.0,0.0,0.0,0.0,0.0,0.0,0.0,0.0,0.0,0.0,13,2,7,2016
2295092,2016-07-14,6,Dairy,789.0,5,45.64,0.0,0.0,0.0,0.0,0.0,0.0,0.0,0.0,0.0,0.0,0.0,14,3,7,2016
2296874,2016-07-15,6,Dairy,860.0,12,45.93,0.0,0.0,0.0,0.0,0.0,0.0,0.0,0.0,0.0,0.0,0.0,15,4,7,2016
2298656,2016-07-16,6,Dairy,1254.0,10,45.696666666666665,0.0,0.0,0.0,0.0,0.0,0.0,0.0,0.0,0.0,0.0,0.0,16,5,7,2016
2300438,2016-07-17,6,Dairy,1378.0,7,45.46333333333333,0.0,0.0,0.0,0.0,0.0,0.0,0.0,0.0,0.0,0.0,0.0,17,6,7,2016
2302220,2016-07-18,6,Dairy,1015.0,11,45.23,0.0,0.0,0.0,0.0,0.0,0.0,0.0,0.0,0.0,0.0,0.0,18,0,7,2016
2304002,2016-07-19,6,Dairy,790.0,12,44.64,0.0,0.0,0.0,0.0,0.0,0.0,0.0,0.0,0.0,0.0,0.0,19,1,7,2016
2305784,2016-07-20,6,Dairy,995.0,14,44.96,0.0,0.0,0.0,0.0,0.0,0.0,0.0,0.0,0.0,0.0,0.0,20,2,7,2016
2307566,2016-07-21,6,Dairy,736.0,13,43.96,0.0,0.0,0.0,0.0,0.0,0.0,0.0,0.0,0.0,0.0,0.0,21,3,7,2016
2309348,2016-07-22,6,Dairy,887.0,12,43.41,0.0,0.0,0.0,0.0,0.0,0.0,0.0,0.0,0.0,0.0,0.0,22,4,7,2016
2311130,2016-07-23,6,Dairy,1051.0,8,43.07333333333333,0.0,0.0,0.0,0.0,1.0,0.0,0.0,0.0,0.0,0.0,0.0,23,5,7,2016
2312912,2016-07-24,6,Dairy,1293.0,10,42.736666666666665,1.0,0.0,0.0,0.0,0.0,0.0,0.0,0.0,0.0,1.0,0.0,24,6,7,2016
2314694,2016-07-25,6,Dairy,941.0,6,42.4,0.0,0.0,0.0,0.0,0.0,0.0,0.0,1.0,0.0,0.0,0.0,25,0,7,2016
2316476,2016-07-26,6,Dairy,743.0,10,42.16,0.0,0.0,0.0,0.0,0.0,0.0,0.0,0.0,0.0,0.0,0.0,26,1,7,2016
2318258,2016-07-27,6,Dairy,861.0,0,41.9,0.0,0.0,0.0,0.0,0.0,0.0,0.0,0.0,0.0,0.0,0.0,27,2,7,2016
2320040,2016-07-28,6,Dairy,692.0,7,41.13,0.0,0.0,0.0,0.0,0.0,0.0,0.0,0.0,0.0,0.0,0.0,28,3,7,2016
2321822,2016-07-29,6,Dairy,910.0,10,41.54,0.0,0.0,0.0,0.0,0.0,0.0,0.0,0.0,0.0,0.0,0.0,29,4,7,2016
2323604,2016-07-30,6,Dairy,1152.0,8,41.04333333333333,0.0,0.0,0.0,0.0,0.0,0.0,0.0,0.0,0.0,0.0,0.0,30,5,7,2016
2325386,2016-07-31,6,Dairy,1457.0,8,40.54666666666667,0.0,0.0,0.0,0.0,0.0,0.0,0.0,0.0,0.0,0.0,0.0,31,6,7,2016
2327168,2016-08-01,6,Dairy,1113.0,1,40.05,0.0,0.0,0.0,0.0,0.0,0.0,0.0,0.0,0.0,0.0,0.0,1,0,8,2016
2328950,2016-08-02,6,Dairy,981.0,2,39.5,0.0,0.0,0.0,0.0,0.0,0.0,0.0,0.0,0.0,0.0,0.0,2,1,8,2016
2330732,2016-08-03,6,Dairy,877.0,4,40.8,0.0,0.0,0.0,0.0,0.0,0.0,0.0,0.0,0.0,0.0,0.0,3,2,8,2016
2332514,2016-08-04,6,Dairy,777.0,8,41.92,0.0,0.0,0.0,0.0,0.0,0.0,0.0,0.0,0.0,0.0,0.0,4,3,8,2016
2334296,2016-08-05,6,Dairy,914.0,12,41.83,0.0,0.0,0.0,0.0,1.0,0.0,0.0,0.0,0.0,0.0,0.0,5,4,8,2016
2336078,2016-08-06,6,Dairy,1068.0,13,42.24,0.0,0.0,0.0,0.0,0.0,0.0,0.0,0.0,0.0,0.0,0.0,6,5,8,2016
2337860,2016-08-07,6,Dairy,1305.0,8,42.65,0.0,0.0,0.0,0.0,0.0,0.0,0.0,0.0,0.0,0.0,0.0,7,6,8,2016
2339642,2016-08-08,6,Dairy,976.0,10,43.06,0.0,0.0,0.0,0.0,0.0,0.0,0.0,0.0,0.0,0.0,0.0,8,0,8,2016
2341424,2016-08-09,6,Dairy,772.0,11,42.78,0.0,0.0,0.0,0.0,0.0,0.0,0.0,0.0,0.0,0.0,0.0,9,1,8,2016
2343206,2016-08-10,6,Dairy,775.0,12,41.75,0.0,0.0,0.0,0.0,0.0,0.0,0.0,0.0,1.0,0.0,0.0,10,2,8,2016
2344988,2016-08-11,6,Dairy,664.0,4,43.51,0.0,0.0,0.0,0.0,0.0,0.0,0.0,0.0,0.0,0.0,0.0,11,3,8,2016
2346770,2016-08-12,6,Dairy,983.0,7,44.47,0.0,0.0,0.0,0.0,0.0,0.0,0.0,0.0,0.0,0.0,1.0,12,4,8,2016
2348552,2016-08-13,6,Dairy,841.0,14,44.88666666666666,0.0,0.0,0.0,0.0,0.0,0.0,0.0,0.0,0.0,0.0,0.0,13,5,8,2016
2350334,2016-08-14,6,Dairy,1095.0,7,45.303333333333335,0.0,0.0,0.0,0.0,0.0,0.0,0.0,0.0,0.0,0.0,0.0,14,6,8,2016
2352116,2016-08-15,6,Dairy,880.0,9,45.72,0.0,0.0,0.0,0.0,1.0,0.0,0.0,0.0,0.0,0.0,0.0,15,0,8,2016
2353898,2016-08-16,6,Dairy,1004.0,12,46.57,0.0,0.0,0.0,0.0,0.0,0.0,0.0,0.0,0.0,0.0,0.0,16,1,8,2016
2355680,2016-08-17,6,Dairy,1013.0,17,46.81,0.0,0.0,0.0,0.0,0.0,0.0,0.0,0.0,0.0,0.0,0.0,17,2,8,2016
2357462,2016-08-18,6,Dairy,687.0,12,48.2,0.0,0.0,0.0,0.0,0.0,0.0,0.0,0.0,0.0,0.0,0.0,18,3,8,2016
2359244,2016-08-19,6,Dairy,790.0,17,48.48,0.0,0.0,0.0,0.0,0.0,0.0,0.0,0.0,0.0,0.0,0.0,19,4,8,2016
2361026,2016-08-20,6,Dairy,1212.0,17,47.919999999999995,0.0,0.0,0.0,0.0,0.0,0.0,0.0,0.0,0.0,0.0,0.0,20,5,8,2016
2362808,2016-08-21,6,Dairy,1242.0,16,47.36,0.0,0.0,0.0,0.0,0.0,0.0,0.0,0.0,0.0,0.0,0.0,21,6,8,2016
2364590,2016-08-22,6,Dairy,1004.0,16,46.8,0.0,0.0,0.0,0.0,0.0,0.0,0.0,0.0,0.0,0.0,0.0,22,0,8,2016
2366372,2016-08-23,6,Dairy,791.0,11,47.54,0.0,0.0,0.0,0.0,0.0,0.0,0.0,0.0,0.0,0.0,0.0,23,1,8,2016
2368154,2016-08-24,6,Dairy,958.0,14,46.29,0.0,0.0,0.0,0.0,1.0,0.0,0.0,0.0,0.0,0.0,0.0,24,2,8,2016
2369936,2016-08-25,6,Dairy,718.0,6,46.97,0.0,0.0,0.0,0.0,0.0,0.0,0.0,0.0,0.0,0.0,0.0,25,3,8,2016
2371718,2016-08-26,6,Dairy,955.0,6,47.64,0.0,0.0,0.0,0.0,0.0,0.0,0.0,0.0,0.0,0.0,0.0,26,4,8,2016
2373500,2016-08-27,6,Dairy,1098.0,6,47.416666666666664,0.0,0.0,0.0,0.0,0.0,0.0,0.0,0.0,0.0,0.0,0.0,27,5,8,2016
2375282,2016-08-28,6,Dairy,1421.0,5,47.193333333333335,0.0,0.0,0.0,0.0,0.0,0.0,0.0,0.0,0.0,0.0,0.0,28,6,8,2016
2377064,2016-08-29,6,Dairy,891.0,9,46.97,0.0,0.0,0.0,0.0,0.0,0.0,0.0,0.0,0.0,0.0,0.0,29,0,8,2016
2378846,2016-08-30,6,Dairy,806.0,9,46.32,0.0,0.0,0.0,0.0,0.0,0.0,0.0,0.0,0.0,0.0,0.0,30,1,8,2016
2380628,2016-08-31,6,Dairy,900.0,8,44.68,0.0,0.0,0.0,0.0,0.0,0.0,0.0,0.0,0.0,0.0,0.0,31,2,8,2016
2382410,2016-09-01,6,Dairy,874.0,7,43.17,0.0,0.0,0.0,0.0,0.0,0.0,0.0,0.0,0.0,0.0,0.0,1,3,9,2016
2384192,2016-09-02,6,Dairy,1106.0,9,44.39,0.0,0.0,0.0,0.0,0.0,0.0,0.0,0.0,0.0,0.0,0.0,2,4,9,2016
2385974,2016-09-03,6,Dairy,1381.0,7,44.505,0.0,0.0,0.0,0.0,0.0,0.0,0.0,0.0,0.0,0.0,0.0,3,5,9,2016
2387756,2016-09-04,6,Dairy,1648.0,11,44.620000000000005,0.0,0.0,0.0,0.0,0.0,0.0,0.0,0.0,0.0,0.0,0.0,4,6,9,2016
2389538,2016-09-05,6,Dairy,1068.0,6,44.735,0.0,0.0,0.0,0.0,0.0,0.0,0.0,0.0,0.0,0.0,0.0,5,0,9,2016
2391320,2016-09-06,6,Dairy,1012.0,9,44.85,0.0,0.0,0.0,0.0,0.0,0.0,0.0,0.0,0.0,0.0,0.0,6,1,9,2016
2393102,2016-09-07,6,Dairy,1055.0,8,45.47,0.0,0.0,0.0,0.0,0.0,0.0,0.0,0.0,0.0,0.0,0.0,7,2,9,2016
2394884,2016-09-08,6,Dairy,889.0,8,47.63,0.0,0.0,0.0,0.0,0.0,0.0,0.0,0.0,0.0,0.0,0.0,8,3,9,2016
2396666,2016-09-09,6,Dairy,940.0,7,45.88,0.0,0.0,0.0,0.0,0.0,0.0,0.0,0.0,0.0,0.0,0.0,9,4,9,2016
2398448,2016-09-10,6,Dairy,1369.0,8,46.013333333333335,0.0,0.0,0.0,0.0,0.0,0.0,0.0,0.0,0.0,0.0,0.0,10,5,9,2016
2400230,2016-09-11,6,Dairy,1702.0,8,46.14666666666667,0.0,0.0,0.0,0.0,0.0,0.0,0.0,0.0,0.0,0.0,0.0,11,6,9,2016
2402012,2016-09-12,6,Dairy,992.0,7,46.28,0.0,0.0,0.0,0.0,0.0,0.0,0.0,0.0,0.0,0.0,0.0,12,0,9,2016
2403794,2016-09-13,6,Dairy,883.0,7,44.91,0.0,0.0,0.0,0.0,0.0,0.0,0.0,0.0,0.0,0.0,0.0,13,1,9,2016
2405576,2016-09-14,6,Dairy,872.0,5,43.62,0.0,0.0,0.0,0.0,0.0,0.0,0.0,0.0,0.0,0.0,0.0,14,2,9,2016
2407358,2016-09-15,6,Dairy,718.0,2,43.85,0.0,0.0,0.0,0.0,0.0,0.0,0.0,0.0,0.0,0.0,0.0,15,3,9,2016
2409140,2016-09-16,6,Dairy,961.0,1,43.04,0.0,0.0,0.0,0.0,0.0,0.0,0.0,0.0,0.0,0.0,0.0,16,4,9,2016
2410922,2016-09-17,6,Dairy,1298.0,1,43.14,0.0,0.0,0.0,0.0,0.0,0.0,0.0,0.0,0.0,0.0,0.0,17,5,9,2016
2412704,2016-09-18,6,Dairy,1660.0,0,43.24,0.0,0.0,0.0,0.0,0.0,0.0,0.0,0.0,0.0,0.0,0.0,18,6,9,2016
2414486,2016-09-19,6,Dairy,956.0,3,43.34,0.0,0.0,0.0,0.0,0.0,0.0,0.0,0.0,0.0,0.0,0.0,19,0,9,2016
2416268,2016-09-20,6,Dairy,841.0,3,43.85,0.0,0.0,0.0,0.0,0.0,0.0,0.0,0.0,0.0,0.0,0.0,20,1,9,2016
2418050,2016-09-21,6,Dairy,850.0,4,45.33,0.0,0.0,0.0,0.0,0.0,0.0,0.0,0.0,0.0,0.0,0.0,21,2,9,2016
2419832,2016-09-22,6,Dairy,695.0,4,46.1,0.0,0.0,0.0,0.0,0.0,0.0,0.0,0.0,0.0,0.0,0.0,22,3,9,2016
2421614,2016-09-23,6,Dairy,928.0,4,44.36,0.0,0.0,0.0,0.0,0.0,0.0,0.0,0.0,0.0,0.0,0.0,23,4,9,2016
2423396,2016-09-24,6,Dairy,1223.0,3,44.77333333333333,0.0,0.0,0.0,0.0,0.0,0.0,0.0,0.0,0.0,0.0,0.0,24,5,9,2016
2425178,2016-09-25,6,Dairy,1680.0,3,45.18666666666667,0.0,0.0,0.0,0.0,0.0,0.0,0.0,0.0,0.0,0.0,0.0,25,6,9,2016
2426960,2016-09-26,6,Dairy,934.0,4,45.6,0.0,0.0,0.0,0.0,0.0,0.0,0.0,0.0,0.0,0.0,0.0,26,0,9,2016
2428742,2016-09-27,6,Dairy,836.0,4,44.65,0.0,0.0,0.0,0.0,0.0,0.0,0.0,0.0,0.0,0.0,0.0,27,1,9,2016
2430524,2016-09-28,6,Dairy,797.0,5,47.07,0.0,0.0,0.0,0.0,1.0,0.0,0.0,0.0,0.0,0.0,0.0,28,2,9,2016
2432306,2016-09-29,6,Dairy,741.0,5,47.72,0.0,0.0,0.0,0.0,0.0,0.0,0.0,0.0,0.0,0.0,0.0,29,3,9,2016
2434088,2016-09-30,6,Dairy,1055.0,0,47.72,0.0,0.0,0.0,0.0,0.0,0.0,0.0,0.0,0.0,0.0,0.0,30,4,9,2016
2435870,2016-10-01,6,Dairy,1456.0,5,48.08,0.0,0.0,0.0,0.0,0.0,0.0,0.0,0.0,0.0,0.0,0.0,1,5,10,2016
2437652,2016-10-02,6,Dairy,2065.0,4,48.44,0.0,0.0,0.0,0.0,0.0,0.0,0.0,0.0,0.0,0.0,0.0,2,6,10,2016
2439434,2016-10-03,6,Dairy,1266.0,5,48.8,0.0,0.0,0.0,0.0,0.0,0.0,0.0,0.0,0.0,0.0,0.0,3,0,10,2016
2441216,2016-10-04,6,Dairy,949.0,5,48.67,0.0,0.0,0.0,0.0,0.0,0.0,0.0,0.0,0.0,0.0,0.0,4,1,10,2016
2442998,2016-10-05,6,Dairy,998.0,5,49.75,0.0,0.0,0.0,0.0,0.0,0.0,0.0,0.0,0.0,0.0,0.0,5,2,10,2016
2444780,2016-10-06,6,Dairy,779.0,10,50.44,0.0,0.0,0.0,0.0,0.0,0.0,0.0,0.0,0.0,0.0,0.0,6,3,10,2016
2446562,2016-10-07,6,Dairy,929.0,10,49.76,0.0,0.0,0.0,0.0,1.0,0.0,0.0,0.0,0.0,0.0,0.0,7,4,10,2016
2448344,2016-10-08,6,Dairy,1300.0,12,49.76,0.0,0.0,0.0,0.0,0.0,0.0,0.0,0.0,0.0,0.0,0.0,8,5,10,2016
2450126,2016-10-09,6,Dairy,1822.0,12,49.76,0.0,0.0,0.0,0.0,0.0,1.0,0.0,0.0,0.0,0.0,0.0,9,6,10,2016
2451908,2016-10-10,6,Dairy,901.0,11,49.76,0.0,0.0,0.0,0.0,0.0,0.0,0.0,0.0,0.0,0.0,0.0,10,0,10,2016
2453690,2016-10-11,6,Dairy,896.0,11,50.72,0.0,0.0,0.0,0.0,0.0,0.0,0.0,0.0,0.0,0.0,0.0,11,1,10,2016
2455472,2016-10-12,6,Dairy,860.0,13,50.14,0.0,0.0,0.0,0.0,0.0,0.0,0.0,0.0,0.0,0.0,0.0,12,2,10,2016
2457254,2016-10-13,6,Dairy,694.0,12,50.47,0.0,0.0,0.0,0.0,0.0,0.0,0.0,0.0,0.0,0.0,0.0,13,3,10,2016
2459036,2016-10-14,6,Dairy,819.0,14,50.35,0.0,0.0,0.0,0.0,0.0,0.0,0.0,0.0,0.0,0.0,0.0,14,4,10,2016
2460818,2016-10-15,6,Dairy,1262.0,12,50.223333333333336,0.0,0.0,0.0,0.0,0.0,0.0,0.0,0.0,0.0,0.0,0.0,15,5,10,2016
2462600,2016-10-16,6,Dairy,1732.0,13,50.096666666666664,0.0,0.0,0.0,0.0,0.0,0.0,0.0,0.0,0.0,0.0,0.0,16,6,10,2016
2464382,2016-10-17,6,Dairy,977.0,12,49.97,0.0,0.0,0.0,0.0,0.0,0.0,0.0,0.0,0.0,0.0,0.0,17,0,10,2016
2466164,2016-10-18,6,Dairy,813.0,10,50.3,0.0,0.0,0.0,0.0,0.0,0.0,0.0,0.0,0.0,0.0,0.0,18,1,10,2016
2467946,2016-10-19,6,Dairy,870.0,13,51.59,0.0,0.0,0.0,0.0,0.0,0.0,0.0,0.0,0.0,0.0,0.0,19,2,10,2016
2469728,2016-10-20,6,Dairy,822.0,9,50.31,0.0,0.0,0.0,0.0,0.0,0.0,0.0,0.0,0.0,0.0,0.0,20,3,10,2016
2471510,2016-10-21,6,Dairy,863.0,13,50.61,0.0,0.0,0.0,0.0,0.0,0.0,0.0,0.0,0.0,0.0,0.0,21,4,10,2016
2473292,2016-10-22,6,Dairy,1166.0,11,50.46666666666667,0.0,0.0,0.0,0.0,0.0,0.0,0.0,0.0,0.0,0.0,0.0,22,5,10,2016
2475074,2016-10-23,6,Dairy,1813.0,11,50.32333333333333,0.0,0.0,0.0,0.0,0.0,0.0,0.0,0.0,0.0,0.0,0.0,23,6,10,2016
2476856,2016-10-24,6,Dairy,919.0,11,50.18,0.0,0.0,0.0,0.0,0.0,0.0,0.0,0.0,0.0,0.0,0.0,24,0,10,2016
2478638,2016-10-25,6,Dairy,824.0,11,49.45,0.0,0.0,0.0,0.0,0.0,0.0,0.0,0.0,0.0,0.0,0.0,25,1,10,2016
2480420,2016-10-26,6,Dairy,850.0,24,48.75,0.0,0.0,0.0,0.0,0.0,0.0,0.0,0.0,0.0,0.0,0.0,26,2,10,2016
2482202,2016-10-27,6,Dairy,857.0,21,49.71,0.0,0.0,0.0,0.0,0.0,0.0,0.0,0.0,0.0,0.0,0.0,27,3,10,2016
2483984,2016-10-28,6,Dairy,969.0,26,48.72,0.0,0.0,0.0,0.0,0.0,0.0,0.0,0.0,0.0,0.0,0.0,28,4,10,2016
2485766,2016-10-29,6,Dairy,1257.0,26,48.089999999999996,0.0,0.0,0.0,0.0,0.0,0.0,0.0,0.0,0.0,0.0,0.0,29,5,10,2016
2487548,2016-10-30,6,Dairy,1499.0,28,47.46,0.0,0.0,0.0,0.0,0.0,0.0,0.0,0.0,0.0,0.0,0.0,30,6,10,2016
2489330,2016-10-31,6,Dairy,735.0,26,46.83,0.0,0.0,0.0,0.0,0.0,0.0,0.0,0.0,0.0,0.0,0.0,31,0,10,2016
2491112,2016-11-01,6,Dairy,894.0,29,46.66,0.0,0.0,0.0,0.0,0.0,0.0,0.0,0.0,0.0,0.0,0.0,1,1,11,2016
2492894,2016-11-02,6,Dairy,1178.0,31,45.32,0.0,0.0,0.0,0.0,0.0,1.0,0.0,0.0,0.0,0.0,0.0,2,2,11,2016
2494676,2016-11-03,6,Dairy,867.0,27,44.66,0.0,0.0,0.0,0.0,0.0,1.0,0.0,0.0,0.0,0.0,0.0,3,3,11,2016
2496458,2016-11-04,6,Dairy,1134.0,28,44.07,0.0,0.0,1.0,0.0,0.0,0.0,0.0,0.0,0.0,0.0,0.0,4,4,11,2016
2498240,2016-11-05,6,Dairy,1189.0,27,44.34,0.0,0.0,0.0,0.0,0.0,0.0,0.0,0.0,0.0,0.0,0.0,5,5,11,2016
2500022,2016-11-06,6,Dairy,1807.0,28,44.61,0.0,0.0,0.0,0.0,0.0,0.0,1.0,0.0,0.0,0.0,0.0,6,6,11,2016
2501804,2016-11-07,6,Dairy,1268.0,28,44.88,0.0,0.0,0.0,0.0,0.0,0.0,1.0,0.0,0.0,0.0,0.0,7,0,11,2016
2503586,2016-11-08,6,Dairy,995.0,25,44.96,0.0,0.0,0.0,0.0,0.0,0.0,0.0,0.0,0.0,0.0,0.0,8,1,11,2016
2505368,2016-11-09,6,Dairy,1024.0,28,45.2,0.0,0.0,0.0,0.0,0.0,0.0,0.0,0.0,0.0,0.0,0.0,9,2,11,2016
2507150,2016-11-10,6,Dairy,739.0,0,44.62,0.0,0.0,0.0,0.0,1.0,0.0,0.0,0.0,0.0,0.0,0.0,10,3,11,2016
2508932,2016-11-11,6,Dairy,876.0,28,43.39,0.0,0.0,0.0,0.0,1.0,0.0,0.0,0.0,0.0,0.0,0.0,11,4,11,2016
2510714,2016-11-12,6,Dairy,1281.0,28,43.35666666666667,0.0,0.0,0.0,0.0,1.0,0.0,0.0,0.0,0.0,0.0,0.0,12,5,11,2016
2512496,2016-11-13,6,Dairy,2197.0,29,43.32333333333333,0.0,0.0,0.0,0.0,0.0,0.0,0.0,0.0,0.0,0.0,0.0,13,6,11,2016
2514278,2016-11-14,6,Dairy,1070.0,30,43.29,0.0,0.0,0.0,0.0,0.0,0.0,0.0,0.0,0.0,0.0,0.0,14,0,11,2016
2516060,2016-11-15,6,Dairy,1031.0,28,45.86,0.0,0.0,0.0,0.0,0.0,0.0,0.0,0.0,0.0,0.0,0.0,15,1,11,2016
2517842,2016-11-16,6,Dairy,1215.0,43,45.56,0.0,0.0,0.0,0.0,0.0,0.0,0.0,0.0,0.0,0.0,0.0,16,2,11,2016
2519624,2016-11-17,6,Dairy,822.0,24,45.37,0.0,0.0,0.0,0.0,0.0,0.0,0.0,0.0,0.0,0.0,0.0,17,3,11,2016
2521406,2016-11-18,6,Dairy,882.0,24,45.69,0.0,0.0,0.0,0.0,0.0,0.0,0.0,0.0,0.0,0.0,0.0,18,4,11,2016
2523188,2016-11-19,6,Dairy,1305.0,23,46.28666666666666,0.0,0.0,0.0,0.0,0.0,0.0,0.0,0.0,0.0,0.0,0.0,19,5,11,2016
2524970,2016-11-20,6,Dairy,1906.0,23,46.88333333333333,0.0,0.0,0.0,0.0,0.0,0.0,0.0,0.0,0.0,0.0,0.0,20,6,11,2016
2526752,2016-11-21,6,Dairy,1148.0,23,47.48,0.0,0.0,0.0,0.0,0.0,0.0,0.0,0.0,0.0,0.0,0.0,21,0,11,2016
2528534,2016-11-22,6,Dairy,903.0,25,48.07,0.0,0.0,0.0,0.0,0.0,0.0,0.0,0.0,0.0,0.0,0.0,22,1,11,2016
2530316,2016-11-23,6,Dairy,1041.0,26,46.72,0.0,0.0,0.0,0.0,0.0,0.0,0.0,0.0,0.0,0.0,0.0,23,2,11,2016
2532098,2016-11-24,6,Dairy,760.0,20,46.72,0.0,0.0,0.0,0.0,0.0,0.0,0.0,0.0,0.0,0.0,0.0,24,3,11,2016
2533880,2016-11-25,6,Dairy,873.0,22,46.72,0.0,0.0,0.0,1.0,0.0,0.0,0.0,0.0,0.0,0.0,0.0,25,4,11,2016
2535662,2016-11-26,6,Dairy,1185.0,24,46.36666666666667,0.0,0.0,0.0,0.0,0.0,0.0,0.0,0.0,0.0,0.0,0.0,26,5,11,2016
2537444,2016-11-27,6,Dairy,1698.0,27,46.01333333333333,0.0,0.0,0.0,0.0,0.0,0.0,0.0,0.0,0.0,0.0,0.0,27,6,11,2016
2539226,2016-11-28,6,Dairy,1070.0,23,45.66,0.0,0.0,0.0,1.0,0.0,0.0,0.0,0.0,0.0,0.0,0.0,28,0,11,2016
2541008,2016-11-29,6,Dairy,914.0,22,45.29,0.0,0.0,0.0,0.0,0.0,0.0,0.0,0.0,0.0,0.0,0.0,29,1,11,2016
2542790,2016-11-30,6,Dairy,876.0,24,49.41,0.0,0.0,0.0,0.0,0.0,0.0,0.0,0.0,0.0,0.0,0.0,30,2,11,2016
2544572,2016-12-01,6,Dairy,833.0,24,51.08,0.0,0.0,0.0,0.0,0.0,0.0,0.0,0.0,0.0,0.0,0.0,1,3,12,2016
2546354,2016-12-02,6,Dairy,778.0,20,51.7,0.0,0.0,0.0,0.0,0.0,0.0,0.0,0.0,0.0,0.0,0.0,2,4,12,2016
2548136,2016-12-03,6,Dairy,1377.0,23,51.70666666666667,0.0,0.0,0.0,0.0,0.0,0.0,0.0,0.0,0.0,0.0,0.0,3,5,12,2016
2549918,2016-12-04,6,Dairy,1882.0,24,51.71333333333333,0.0,0.0,0.0,0.0,0.0,0.0,0.0,0.0,0.0,0.0,0.0,4,6,12,2016
2551700,2016-12-05,6,Dairy,962.0,20,51.72,1.0,0.0,0.0,0.0,0.0,0.0,0.0,0.0,0.0,0.0,0.0,5,0,12,2016
2553482,2016-12-06,6,Dairy,1229.0,26,50.95,0.0,0.0,0.0,0.0,1.0,0.0,0.0,0.0,0.0,0.0,0.0,6,1,12,2016
2555264,2016-12-07,6,Dairy,1033.0,36,49.85,0.0,0.0,0.0,0.0,0.0,0.0,0.0,0.0,0.0,0.0,0.0,7,2,12,2016
2557046,2016-12-08,6,Dairy,840.0,21,50.84,0.0,0.0,0.0,0.0,1.0,0.0,0.0,0.0,0.0,0.0,0.0,8,3,12,2016
2558828,2016-12-09,6,Dairy,965.0,21,51.51,0.0,0.0,0.0,0.0,0.0,0.0,0.0,0.0,0.0,0.0,0.0,9,4,12,2016
2560610,2016-12-10,6,Dairy,1171.0,21,51.92,0.0,0.0,0.0,0.0,0.0,0.0,0.0,0.0,0.0,0.0,0.0,10,5,12,2016
2562392,2016-12-11,6,Dairy,1693.0,23,52.33,0.0,0.0,0.0,0.0,0.0,0.0,0.0,0.0,0.0,0.0,0.0,11,6,12,2016
2564174,2016-12-12,6,Dairy,1070.0,23,52.74,0.0,0.0,0.0,0.0,0.0,0.0,0.0,0.0,0.0,0.0,0.0,12,0,12,2016
2565956,2016-12-13,6,Dairy,780.0,21,52.99,0.0,0.0,0.0,0.0,0.0,0.0,0.0,0.0,0.0,0.0,0.0,13,1,12,2016
2567738,2016-12-14,6,Dairy,893.0,22,51.01,0.0,0.0,0.0,0.0,0.0,0.0,0.0,0.0,0.0,0.0,0.0,14,2,12,2016
2569520,2016-12-15,6,Dairy,719.0,18,50.9,0.0,0.0,0.0,0.0,0.0,0.0,0.0,0.0,0.0,0.0,0.0,15,3,12,2016
2571302,2016-12-16,6,Dairy,882.0,22,51.93,0.0,0.0,0.0,0.0,0.0,0.0,0.0,0.0,0.0,0.0,0.0,16,4,12,2016
2573084,2016-12-17,6,Dairy,1316.0,21,51.99666666666667,0.0,0.0,0.0,0.0,0.0,0.0,0.0,0.0,0.0,0.0,0.0,17,5,12,2016
2574866,2016-12-18,6,Dairy,1636.0,22,52.06333333333333,0.0,0.0,0.0,0.0,0.0,0.0,0.0,0.0,0.0,0.0,0.0,18,6,12,2016
2576648,2016-12-19,6,Dairy,1086.0,23,52.13,0.0,0.0,0.0,0.0,0.0,0.0,0.0,0.0,0.0,0.0,0.0,19,0,12,2016
2578430,2016-12-20,6,Dairy,958.0,29,52.22,0.0,0.0,0.0,0.0,0.0,0.0,0.0,0.0,0.0,0.0,0.0,20,1,12,2016
2580212,2016-12-21,6,Dairy,1135.0,29,51.44,0.0,1.0,0.0,0.0,0.0,0.0,0.0,0.0,0.0,0.0,0.0,21,2,12,2016
2581994,2016-12-22,6,Dairy,1166.0,26,51.98,0.0,1.0,0.0,0.0,1.0,0.0,0.0,0.0,0.0,0.0,0.0,22,3,12,2016
2583776,2016-12-23,6,Dairy,1417.0,29,52.01,0.0,1.0,0.0,0.0,0.0,0.0,0.0,0.0,0.0,0.0,0.0,23,4,12,2016
2585558,2016-12-24,6,Dairy,1393.0,27,52.2125,0.0,1.0,0.0,0.0,0.0,0.0,0.0,0.0,0.0,0.0,0.0,24,5,12,2016
2587340,2016-12-26,6,Dairy,1235.0,29,52.6175,0.0,1.0,0.0,0.0,0.0,0.0,0.0,0.0,0.0,0.0,0.0,26,0,12,2016
2589122,2016-12-27,6,Dairy,934.0,28,52.82,0.0,0.0,0.0,0.0,0.0,0.0,0.0,0.0,0.0,0.0,0.0,27,1,12,2016
2590904,2016-12-28,6,Dairy,1090.0,34,54.01,0.0,0.0,0.0,0.0,0.0,0.0,0.0,0.0,0.0,0.0,0.0,28,2,12,2016
2592686,2016-12-29,6,Dairy,1074.0,30,53.8,0.0,0.0,0.0,0.0,0.0,0.0,0.0,0.0,0.0,0.0,0.0,29,3,12,2016
2594468,2016-12-30,6,Dairy,1278.0,34,53.75,0.0,0.0,0.0,0.0,0.0,0.0,0.0,0.0,0.0,0.0,0.0,30,4,12,2016
2596250,2016-12-31,6,Dairy,1553.0,32,53.4025,0.0,1.0,0.0,0.0,0.0,0.0,0.0,0.0,0.0,0.0,0.0,31,5,12,2016
2599814,2017-01-02,6,Dairy,2186.0,15,52.707499999999996,0.0,0.0,0.0,0.0,0.0,0.0,0.0,0.0,0.0,0.0,1.0,2,0,1,2017
2601596,2017-01-03,6,Dairy,1584.0,18,52.36,0.0,0.0,0.0,0.0,0.0,0.0,0.0,0.0,0.0,0.0,0.0,3,1,1,2017
2603378,2017-01-04,6,Dairy,1312.0,38,53.26,0.0,0.0,0.0,0.0,0.0,0.0,0.0,0.0,0.0,0.0,0.0,4,2,1,2017
2605160,2017-01-05,6,Dairy,907.0,24,53.77,0.0,0.0,0.0,0.0,0.0,0.0,0.0,0.0,0.0,0.0,0.0,5,3,1,2017
2606942,2017-01-06,6,Dairy,1036.0,30,53.98,0.0,0.0,0.0,0.0,0.0,0.0,0.0,0.0,0.0,0.0,0.0,6,4,1,2017
2608724,2017-01-07,6,Dairy,1605.0,30,53.303333333333335,0.0,0.0,0.0,0.0,0.0,0.0,0.0,0.0,0.0,0.0,0.0,7,5,1,2017
2610506,2017-01-08,6,Dairy,1908.0,28,52.626666666666665,0.0,0.0,0.0,0.0,0.0,0.0,0.0,0.0,0.0,0.0,0.0,8,6,1,2017
2612288,2017-01-09,6,Dairy,1035.0,24,51.95,0.0,0.0,0.0,0.0,0.0,0.0,0.0,0.0,0.0,0.0,0.0,9,0,1,2017
2614070,2017-01-10,6,Dairy,877.0,24,50.82,0.0,0.0,0.0,0.0,0.0,0.0,0.0,0.0,0.0,0.0,0.0,10,1,1,2017
2615852,2017-01-11,6,Dairy,1054.0,27,52.19,0.0,0.0,0.0,0.0,0.0,0.0,0.0,0.0,0.0,0.0,0.0,11,2,1,2017
2617634,2017-01-12,6,Dairy,877.0,26,53.01,0.0,0.0,0.0,0.0,0.0,0.0,0.0,0.0,0.0,0.0,0.0,12,3,1,2017
2619416,2017-01-13,6,Dairy,1016.0,26,52.36,0.0,0.0,0.0,0.0,0.0,0.0,0.0,0.0,0.0,0.0,0.0,13,4,1,2017
2621198,2017-01-14,6,Dairy,1495.0,28,52.3825,0.0,0.0,0.0,0.0,0.0,0.0,0.0,0.0,0.0,0.0,0.0,14,5,1,2017
2622980,2017-01-15,6,Dairy,1943.0,22,52.405,0.0,0.0,0.0,0.0,0.0,0.0,0.0,0.0,0.0,0.0,0.0,15,6,1,2017
2624762,2017-01-16,6,Dairy,1194.0,22,52.4275,0.0,0.0,0.0,0.0,0.0,0.0,0.0,0.0,0.0,0.0,0.0,16,0,1,2017
2626544,2017-01-17,6,Dairy,1058.0,25,52.45,0.0,0.0,0.0,0.0,0.0,0.0,0.0,0.0,0.0,0.0,0.0,17,1,1,2017
2628326,2017-01-18,6,Dairy,1067.0,32,51.12,0.0,0.0,0.0,0.0,0.0,0.0,0.0,0.0,0.0,0.0,0.0,18,2,1,2017
2630108,2017-01-19,6,Dairy,814.0,28,51.39,0.0,0.0,0.0,0.0,0.0,0.0,0.0,0.0,0.0,0.0,0.0,19,3,1,2017
2631890,2017-01-20,6,Dairy,843.0,22,52.33,0.0,0.0,0.0,0.0,0.0,0.0,0.0,0.0,0.0,0.0,0.0,20,4,1,2017
2633672,2017-01-21,6,Dairy,1593.0,23,52.47666666666667,0.0,0.0,0.0,0.0,0.0,0.0,0.0,0.0,0.0,0.0,0.0,21,5,1,2017
2635454,2017-01-22,6,Dairy,1894.0,24,52.623333333333335,0.0,0.0,0.0,0.0,0.0,0.0,0.0,0.0,0.0,0.0,0.0,22,6,1,2017
2637236,2017-01-23,6,Dairy,1238.0,25,52.77,0.0,0.0,0.0,0.0,0.0,0.0,0.0,0.0,0.0,0.0,0.0,23,0,1,2017
2639018,2017-01-24,6,Dairy,938.0,22,52.38,0.0,0.0,0.0,0.0,0.0,0.0,0.0,0.0,0.0,0.0,0.0,24,1,1,2017
2640800,2017-01-25,6,Dairy,1055.0,35,52.14,0.0,0.0,0.0,0.0,0.0,0.0,0.0,0.0,0.0,0.0,0.0,25,2,1,2017
2642582,2017-01-26,6,Dairy,842.0,21,53.24,0.0,0.0,0.0,0.0,0.0,0.0,0.0,0.0,0.0,0.0,0.0,26,3,1,2017
2644364,2017-01-27,6,Dairy,1107.0,21,53.18,0.0,0.0,0.0,0.0,0.0,0.0,0.0,0.0,0.0,0.0,0.0,27,4,1,2017
2646146,2017-01-28,6,Dairy,1397.0,20,52.99666666666667,0.0,0.0,0.0,0.0,0.0,0.0,0.0,0.0,0.0,0.0,0.0,28,5,1,2017
2647928,2017-01-29,6,Dairy,1910.0,20,52.81333333333333,0.0,0.0,0.0,0.0,0.0,0.0,0.0,0.0,0.0,0.0,0.0,29,6,1,2017
2649710,2017-01-30,6,Dairy,942.0,20,52.63,0.0,0.0,0.0,0.0,0.0,0.0,0.0,0.0,0.0,0.0,0.0,30,0,1,2017
2651492,2017-01-31,6,Dairy,928.0,23,52.75,0.0,0.0,0.0,0.0,0.0,0.0,0.0,0.0,0.0,0.0,0.0,31,1,1,2017
2653274,2017-02-01,6,Dairy,1230.0,22,53.9,0.0,0.0,0.0,0.0,0.0,0.0,0.0,0.0,0.0,0.0,0.0,1,2,2,2017
2655056,2017-02-02,6,Dairy,1037.0,20,53.55,0.0,0.0,0.0,0.0,0.0,0.0,0.0,0.0,0.0,0.0,0.0,2,3,2,2017
2656838,2017-02-03,6,Dairy,1010.0,18,53.81,0.0,0.0,0.0,0.0,0.0,0.0,0.0,0.0,0.0,0.0,0.0,3,4,2,2017
2658620,2017-02-04,6,Dairy,1525.0,20,53.54333333333334,0.0,0.0,0.0,0.0,0.0,0.0,0.0,0.0,0.0,0.0,0.0,4,5,2,2017
2660402,2017-02-05,6,Dairy,1750.0,24,53.276666666666664,0.0,0.0,0.0,0.0,0.0,0.0,0.0,0.0,0.0,0.0,0.0,5,6,2,2017
2662184,2017-02-06,6,Dairy,1128.0,20,53.01,0.0,0.0,0.0,0.0,0.0,0.0,0.0,0.0,0.0,0.0,0.0,6,0,2,2017
2663966,2017-02-07,6,Dairy,1017.0,24,52.19,0.0,0.0,0.0,0.0,0.0,0.0,0.0,0.0,0.0,0.0,0.0,7,1,2,2017
2665748,2017-02-08,6,Dairy,997.0,28,52.37,0.0,0.0,0.0,0.0,0.0,0.0,0.0,0.0,0.0,0.0,0.0,8,2,2,2017
2667530,2017-02-09,6,Dairy,818.0,18,52.99,0.0,0.0,0.0,0.0,0.0,0.0,0.0,0.0,0.0,0.0,0.0,9,3,2,2017
2669312,2017-02-10,6,Dairy,1032.0,20,53.84,0.0,0.0,0.0,0.0,0.0,0.0,0.0,0.0,0.0,0.0,0.0,10,4,2,2017
2671094,2017-02-11,6,Dairy,1530.0,22,53.54666666666667,0.0,0.0,0.0,0.0,0.0,0.0,0.0,0.0,0.0,0.0,0.0,11,5,2,2017
2672876,2017-02-12,6,Dairy,1976.0,22,53.25333333333334,0.0,0.0,0.0,0.0,0.0,0.0,0.0,0.0,0.0,0.0,0.0,12,6,2,2017
2674658,2017-02-13,6,Dairy,1216.0,20,52.96,0.0,0.0,0.0,0.0,0.0,0.0,0.0,0.0,0.0,0.0,0.0,13,0,2,2017
2676440,2017-02-14,6,Dairy,907.0,20,53.21,0.0,0.0,0.0,0.0,0.0,0.0,0.0,0.0,0.0,0.0,0.0,14,1,2,2017
2678222,2017-02-15,6,Dairy,1043.0,29,53.11,0.0,0.0,0.0,0.0,0.0,0.0,0.0,0.0,0.0,0.0,0.0,15,2,2,2017
2680004,2017-02-16,6,Dairy,827.0,17,53.41,0.0,0.0,0.0,0.0,0.0,0.0,0.0,0.0,0.0,0.0,0.0,16,3,2,2017
2681786,2017-02-17,6,Dairy,1049.0,18,53.41,0.0,0.0,0.0,0.0,0.0,0.0,0.0,0.0,0.0,0.0,0.0,17,4,2,2017
2683568,2017-02-18,6,Dairy,1611.0,18,53.5625,0.0,0.0,0.0,0.0,0.0,0.0,0.0,0.0,0.0,0.0,0.0,18,5,2,2017
2685350,2017-02-19,6,Dairy,1564.0,18,53.715,0.0,0.0,0.0,0.0,0.0,0.0,0.0,0.0,0.0,0.0,0.0,19,6,2,2017
2687132,2017-02-20,6,Dairy,1131.0,15,53.8675,0.0,0.0,0.0,0.0,0.0,0.0,0.0,0.0,0.0,0.0,0.0,20,0,2,2017
2688914,2017-02-21,6,Dairy,887.0,13,54.02,0.0,0.0,0.0,0.0,0.0,0.0,0.0,0.0,0.0,0.0,0.0,21,1,2,2017
2690696,2017-02-22,6,Dairy,878.0,17,53.61,0.0,0.0,0.0,0.0,0.0,0.0,0.0,0.0,0.0,0.0,0.0,22,2,2,2017
2692478,2017-02-23,6,Dairy,861.0,15,54.48,0.0,0.0,0.0,0.0,0.0,0.0,0.0,0.0,0.0,0.0,0.0,23,3,2,2017
2694260,2017-02-24,6,Dairy,895.0,17,53.99,0.0,0.0,0.0,0.0,0.0,0.0,0.0,0.0,0.0,0.0,0.0,24,4,2,2017
2696042,2017-02-25,6,Dairy,1201.0,17,54.00666666666667,0.0,0.0,0.0,0.0,0.0,0.0,0.0,0.0,0.0,0.0,0.0,25,5,2,2017
2697824,2017-02-26,6,Dairy,987.0,16,54.02333333333333,0.0,0.0,0.0,0.0,0.0,0.0,0.0,0.0,0.0,0.0,0.0,26,6,2,2017
2699606,2017-02-27,6,Dairy,1045.0,17,54.04,0.0,0.0,0.0,0.0,0.0,1.0,0.0,0.0,0.0,0.0,0.0,27,0,2,2017
2701388,2017-02-28,6,Dairy,1569.0,17,54.0,0.0,0.0,0.0,0.0,0.0,1.0,0.0,0.0,0.0,0.0,0.0,28,1,2,2017
2703170,2017-03-01,6,Dairy,1295.0,37,53.82,0.0,0.0,0.0,0.0,0.0,0.0,0.0,0.0,0.0,0.0,0.0,1,2,3,2017
2704952,2017-03-02,6,Dairy,1069.0,33,52.63,0.0,0.0,0.0,0.0,1.0,0.0,0.0,0.0,0.0,0.0,0.0,2,3,3,2017
2706734,2017-03-03,6,Dairy,1122.0,37,53.33,0.0,0.0,0.0,0.0,0.0,0.0,0.0,0.0,0.0,0.0,0.0,3,4,3,2017
2708516,2017-03-04,6,Dairy,1569.0,39,53.28333333333333,0.0,0.0,0.0,0.0,0.0,0.0,0.0,0.0,0.0,0.0,0.0,4,5,3,2017
2710298,2017-03-05,6,Dairy,1933.0,39,53.236666666666665,0.0,0.0,0.0,0.0,0.0,0.0,0.0,0.0,0.0,0.0,0.0,5,6,3,2017
2712080,2017-03-06,6,Dairy,1160.0,38,53.19,0.0,0.0,0.0,0.0,0.0,0.0,0.0,0.0,0.0,0.0,0.0,6,0,3,2017
2713862,2017-03-07,6,Dairy,929.0,39,52.68,0.0,0.0,0.0,0.0,0.0,0.0,0.0,0.0,0.0,0.0,0.0,7,1,3,2017
2715644,2017-03-08,6,Dairy,1001.0,39,49.83,0.0,0.0,0.0,0.0,0.0,0.0,0.0,0.0,0.0,0.0,0.0,8,2,3,2017
2717426,2017-03-09,6,Dairy,939.0,32,48.75,0.0,0.0,0.0,0.0,0.0,0.0,0.0,0.0,0.0,0.0,0.0,9,3,3,2017
2719208,2017-03-10,6,Dairy,1132.0,33,48.05,0.0,0.0,0.0,0.0,0.0,0.0,0.0,0.0,0.0,0.0,0.0,10,4,3,2017
2720990,2017-03-11,6,Dairy,1427.0,32,48.016666666666666,0.0,0.0,0.0,0.0,0.0,0.0,0.0,0.0,0.0,0.0,0.0,11,5,3,2017
2722772,2017-03-12,6,Dairy,2165.0,34,47.983333333333334,0.0,0.0,0.0,0.0,0.0,0.0,0.0,0.0,0.0,0.0,0.0,12,6,3,2017
2724554,2017-03-13,6,Dairy,1264.0,35,47.95,0.0,0.0,0.0,0.0,0.0,0.0,0.0,0.0,0.0,0.0,0.0,13,0,3,2017
2726336,2017-03-14,6,Dairy,998.0,34,47.24,0.0,0.0,0.0,0.0,0.0,0.0,0.0,0.0,0.0,0.0,0.0,14,1,3,2017
2728118,2017-03-15,6,Dairy,1264.0,39,48.34,0.0,0.0,0.0,0.0,0.0,0.0,0.0,0.0,0.0,0.0,0.0,15,2,3,2017
2729900,2017-03-16,6,Dairy,952.0,35,48.3,0.0,0.0,0.0,0.0,0.0,0.0,0.0,0.0,0.0,0.0,0.0,16,3,3,2017
2731682,2017-03-17,6,Dairy,1263.0,48,48.34,0.0,0.0,0.0,0.0,0.0,0.0,0.0,0.0,0.0,0.0,0.0,17,4,3,2017
2733464,2017-03-18,6,Dairy,1533.0,43,48.156666666666666,0.0,0.0,0.0,0.0,0.0,0.0,0.0,0.0,0.0,0.0,0.0,18,5,3,2017
2735246,2017-03-19,6,Dairy,2146.0,46,47.973333333333336,0.0,0.0,0.0,0.0,0.0,0.0,0.0,0.0,0.0,0.0,0.0,19,6,3,2017
2737028,2017-03-20,6,Dairy,1272.0,42,47.79,0.0,0.0,0.0,0.0,0.0,0.0,0.0,0.0,0.0,0.0,0.0,20,0,3,2017
2738810,2017-03-21,6,Dairy,1125.0,48,47.02,0.0,0.0,0.0,0.0,0.0,0.0,0.0,0.0,0.0,0.0,0.0,21,1,3,2017
2740592,2017-03-22,6,Dairy,1049.0,49,47.29,0.0,0.0,0.0,0.0,0.0,0.0,0.0,0.0,0.0,0.0,0.0,22,2,3,2017
2742374,2017-03-23,6,Dairy,1019.0,27,47.0,0.0,0.0,0.0,0.0,0.0,0.0,0.0,0.0,0.0,0.0,0.0,23,3,3,2017
2744156,2017-03-24,6,Dairy,1145.0,37,47.3,0.0,0.0,0.0,0.0,0.0,0.0,0.0,0.0,0.0,0.0,0.0,24,4,3,2017
2745938,2017-03-25,6,Dairy,1554.0,36,47.20666666666666,0.0,0.0,0.0,0.0,0.0,0.0,0.0,0.0,0.0,0.0,0.0,25,5,3,2017
2747720,2017-03-26,6,Dairy,2114.0,37,47.11333333333334,0.0,0.0,0.0,0.0,0.0,0.0,0.0,0.0,0.0,0.0,0.0,26,6,3,2017
2749502,2017-03-27,6,Dairy,1288.0,35,47.02,0.0,0.0,0.0,0.0,0.0,0.0,0.0,0.0,0.0,0.0,0.0,27,0,3,2017
2751284,2017-03-28,6,Dairy,1034.0,37,48.36,0.0,0.0,0.0,0.0,0.0,0.0,0.0,0.0,0.0,0.0,0.0,28,1,3,2017
2753066,2017-03-29,6,Dairy,1231.0,35,49.47,0.0,0.0,0.0,0.0,0.0,0.0,0.0,0.0,0.0,0.0,0.0,29,2,3,2017
2754848,2017-03-30,6,Dairy,811.0,28,50.3,0.0,0.0,0.0,0.0,0.0,0.0,0.0,0.0,0.0,0.0,0.0,30,3,3,2017
2756630,2017-03-31,6,Dairy,1209.0,29,50.54,0.0,0.0,0.0,0.0,0.0,0.0,0.0,0.0,0.0,0.0,0.0,31,4,3,2017
2758412,2017-04-01,6,Dairy,2031.0,4,50.443333333333335,0.0,0.0,0.0,0.0,0.0,0.0,1.0,0.0,0.0,0.0,0.0,1,5,4,2017
2760194,2017-04-02,6,Dairy,1997.0,4,50.346666666666664,0.0,0.0,0.0,0.0,0.0,0.0,0.0,0.0,0.0,0.0,0.0,2,6,4,2017
2761976,2017-04-03,6,Dairy,1192.0,5,50.25,0.0,0.0,0.0,0.0,0.0,0.0,0.0,0.0,0.0,0.0,0.0,3,0,4,2017
2763758,2017-04-04,6,Dairy,1051.0,5,50.99,0.0,0.0,0.0,0.0,0.0,0.0,0.0,0.0,0.0,0.0,0.0,4,1,4,2017
2765540,2017-04-05,6,Dairy,1033.0,8,51.14,0.0,0.0,0.0,0.0,0.0,0.0,0.0,0.0,0.0,0.0,0.0,5,2,4,2017
2767322,2017-04-06,6,Dairy,884.0,7,51.69,0.0,0.0,0.0,0.0,0.0,0.0,0.0,0.0,0.0,0.0,0.0,6,3,4,2017
2769104,2017-04-07,6,Dairy,1075.0,6,52.25,0.0,0.0,0.0,0.0,0.0,0.0,0.0,0.0,0.0,0.0,0.0,7,4,4,2017
2770886,2017-04-08,6,Dairy,1326.0,10,52.52,0.0,0.0,0.0,0.0,0.0,0.0,0.0,0.0,0.0,0.0,0.0,8,5,4,2017
2772668,2017-04-09,6,Dairy,1804.0,7,52.79,0.0,0.0,0.0,0.0,0.0,0.0,0.0,0.0,0.0,0.0,0.0,9,6,4,2017
2774450,2017-04-10,6,Dairy,1072.0,7,53.06,0.0,0.0,0.0,0.0,0.0,0.0,0.0,0.0,0.0,0.0,0.0,10,0,4,2017
2776232,2017-04-11,6,Dairy,1049.0,9,53.38,0.0,0.0,0.0,0.0,0.0,0.0,0.0,0.0,0.0,0.0,0.0,11,1,4,2017
2778014,2017-04-12,6,Dairy,969.0,15,53.12,0.0,0.0,0.0,0.0,0.0,0.0,0.0,1.0,0.0,0.0,0.0,12,2,4,2017
2779796,2017-04-13,6,Dairy,1232.0,13,53.19,0.0,0.0,0.0,0.0,0.0,0.0,0.0,0.0,0.0,1.0,0.0,13,3,4,2017
2781578,2017-04-14,6,Dairy,1263.0,10,53.0475,0.0,0.0,0.0,0.0,1.0,1.0,0.0,0.0,0.0,0.0,0.0,14,4,4,2017
2783360,2017-04-15,6,Dairy,1129.0,10,52.905,0.0,0.0,0.0,0.0,0.0,0.0,0.0,0.0,0.0,0.0,0.0,15,5,4,2017
2785142,2017-04-16,6,Dairy,1626.0,13,52.762499999999996,0.0,0.0,0.0,0.0,0.0,0.0,0.0,0.0,0.0,0.0,0.0,16,6,4,2017
2786924,2017-04-17,6,Dairy,1039.0,12,52.62,0.0,0.0,0.0,0.0,0.0,0.0,0.0,0.0,0.0,0.0,0.0,17,0,4,2017
2788706,2017-04-18,6,Dairy,904.0,6,52.46,0.0,0.0,0.0,0.0,0.0,0.0,0.0,0.0,0.0,0.0,0.0,18,1,4,2017
2790488,2017-04-19,6,Dairy,1047.0,24,50.49,0.0,0.0,0.0,0.0,0.0,0.0,0.0,0.0,0.0,0.0,0.0,19,2,4,2017
2792270,2017-04-20,6,Dairy,912.0,16,50.26,0.0,0.0,0.0,0.0,0.0,0.0,0.0,0.0,0.0,0.0,0.0,20,3,4,2017
2794052,2017-04-21,6,Dairy,1184.0,29,49.64,0.0,0.0,0.0,0.0,1.0,0.0,0.0,0.0,0.0,0.0,0.0,21,4,4,2017
2795834,2017-04-22,6,Dairy,1357.0,25,49.39333333333333,0.0,0.0,0.0,0.0,0.0,0.0,0.0,0.0,0.0,0.0,0.0,22,5,4,2017
2797616,2017-04-23,6,Dairy,1945.0,25,49.14666666666667,0.0,0.0,0.0,0.0,0.0,0.0,0.0,0.0,0.0,0.0,0.0,23,6,4,2017
2799398,2017-04-24,6,Dairy,948.0,27,48.9,0.0,0.0,0.0,0.0,0.0,0.0,0.0,0.0,0.0,0.0,0.0,24,0,4,2017
2801180,2017-04-25,6,Dairy,948.0,25,49.22,0.0,0.0,0.0,0.0,0.0,0.0,0.0,0.0,0.0,0.0,0.0,25,1,4,2017
2802962,2017-04-26,6,Dairy,1023.0,29,49.22,0.0,0.0,0.0,0.0,0.0,0.0,0.0,0.0,0.0,0.0,0.0,26,2,4,2017
2804744,2017-04-27,6,Dairy,863.0,24,48.96,0.0,0.0,0.0,0.0,0.0,0.0,0.0,0.0,0.0,0.0,0.0,27,3,4,2017
2806526,2017-04-28,6,Dairy,991.0,27,49.31,0.0,0.0,0.0,0.0,0.0,0.0,0.0,0.0,0.0,0.0,0.0,28,4,4,2017
2808308,2017-04-29,6,Dairy,1245.0,31,49.15,0.0,0.0,0.0,0.0,0.0,0.0,0.0,0.0,0.0,0.0,0.0,29,5,4,2017
2810090,2017-04-30,6,Dairy,1539.0,31,48.99,0.0,0.0,0.0,0.0,0.0,0.0,0.0,0.0,0.0,0.0,0.0,30,6,4,2017
2811872,2017-05-01,6,Dairy,1914.0,27,48.83,0.0,0.0,0.0,0.0,0.0,1.0,0.0,0.0,0.0,0.0,0.0,1,0,5,2017
2813654,2017-05-02,6,Dairy,1265.0,30,47.65,0.0,0.0,0.0,0.0,0.0,0.0,0.0,0.0,0.0,0.0,0.0,2,1,5,2017
2815436,2017-05-03,6,Dairy,1160.0,39,47.79,0.0,0.0,0.0,0.0,0.0,0.0,0.0,0.0,0.0,0.0,0.0,3,2,5,2017
2817218,2017-05-04,6,Dairy,904.0,32,45.55,0.0,0.0,0.0,0.0,0.0,0.0,0.0,0.0,0.0,0.0,0.0,4,3,5,2017
2819000,2017-05-05,6,Dairy,1013.0,35,46.23,0.0,0.0,0.0,0.0,0.0,0.0,0.0,0.0,0.0,0.0,0.0,5,4,5,2017
2820782,2017-05-06,6,Dairy,1395.0,32,46.306666666666665,0.0,0.0,0.0,0.0,0.0,0.0,0.0,0.0,0.0,0.0,0.0,6,5,5,2017
2822564,2017-05-07,6,Dairy,1991.0,30,46.38333333333333,0.0,0.0,0.0,0.0,0.0,0.0,0.0,0.0,0.0,0.0,0.0,7,6,5,2017
2824346,2017-05-08,6,Dairy,1140.0,33,46.46,0.0,0.0,0.0,0.0,0.0,0.0,0.0,0.0,0.0,0.0,0.0,8,0,5,2017
2826128,2017-05-09,6,Dairy,903.0,37,45.84,0.0,0.0,0.0,0.0,0.0,0.0,0.0,0.0,0.0,0.0,0.0,9,1,5,2017
2827910,2017-05-10,6,Dairy,874.0,44,47.28,0.0,0.0,0.0,0.0,0.0,0.0,0.0,0.0,0.0,0.0,0.0,10,2,5,2017
2829692,2017-05-11,6,Dairy,779.0,25,47.81,0.0,0.0,0.0,0.0,0.0,0.0,0.0,0.0,0.0,0.0,0.0,11,3,5,2017
2831474,2017-05-12,6,Dairy,917.0,26,47.83,0.0,0.0,0.0,0.0,1.0,0.0,0.0,0.0,0.0,0.0,0.0,12,4,5,2017
2833256,2017-05-13,6,Dairy,1410.0,27,48.17333333333333,0.0,1.0,0.0,0.0,0.0,0.0,0.0,0.0,0.0,0.0,0.0,13,5,5,2017
2835038,2017-05-14,6,Dairy,1402.0,28,48.516666666666666,0.0,0.0,0.0,1.0,0.0,0.0,0.0,0.0,0.0,0.0,0.0,14,6,5,2017
2836820,2017-05-15,6,Dairy,1066.0,30,48.86,0.0,0.0,0.0,0.0,0.0,0.0,0.0,0.0,0.0,0.0,0.0,15,0,5,2017
2838602,2017-05-16,6,Dairy,974.0,28,48.64,0.0,0.0,0.0,0.0,0.0,0.0,0.0,0.0,0.0,0.0,0.0,16,1,5,2017
2840384,2017-05-17,6,Dairy,1120.0,33,49.04,0.0,0.0,0.0,0.0,0.0,0.0,0.0,0.0,0.0,0.0,0.0,17,2,5,2017
2842166,2017-05-18,6,Dairy,767.0,27,49.36,0.0,0.0,0.0,0.0,0.0,0.0,0.0,0.0,0.0,0.0,0.0,18,3,5,2017
2843948,2017-05-19,6,Dairy,1038.0,28,50.32,0.0,0.0,0.0,0.0,0.0,0.0,0.0,0.0,0.0,0.0,0.0,19,4,5,2017
2845730,2017-05-20,6,Dairy,1447.0,27,50.483333333333334,0.0,0.0,0.0,0.0,0.0,0.0,0.0,0.0,0.0,0.0,0.0,20,5,5,2017
2847512,2017-05-21,6,Dairy,1905.0,26,50.64666666666667,0.0,0.0,0.0,0.0,0.0,0.0,0.0,0.0,0.0,0.0,0.0,21,6,5,2017
2849294,2017-05-22,6,Dairy,998.0,28,50.81,0.0,0.0,0.0,0.0,0.0,0.0,0.0,0.0,0.0,0.0,0.0,22,0,5,2017
2851076,2017-05-23,6,Dairy,891.0,20,51.12,0.0,0.0,0.0,0.0,0.0,0.0,0.0,0.0,0.0,0.0,0.0,23,1,5,2017
2852858,2017-05-24,6,Dairy,900.0,30,50.99,0.0,0.0,0.0,0.0,0.0,0.0,0.0,0.0,1.0,0.0,0.0,24,2,5,2017
2854640,2017-05-25,6,Dairy,727.0,22,48.57,0.0,0.0,0.0,0.0,0.0,0.0,0.0,0.0,0.0,0.0,0.0,25,3,5,2017
2856422,2017-05-26,6,Dairy,1198.0,34,49.58,0.0,0.0,0.0,0.0,0.0,0.0,0.0,0.0,0.0,0.0,1.0,26,4,5,2017
2858204,2017-05-27,6,Dairy,1188.0,29,49.5925,0.0,0.0,0.0,0.0,0.0,0.0,0.0,0.0,0.0,0.0,0.0,27,5,5,2017
2859986,2017-05-28,6,Dairy,1630.0,28,49.605000000000004,0.0,0.0,0.0,0.0,0.0,0.0,0.0,0.0,0.0,0.0,0.0,28,6,5,2017
2861768,2017-05-29,6,Dairy,1076.0,28,49.6175,0.0,0.0,0.0,0.0,0.0,0.0,0.0,0.0,0.0,0.0,0.0,29,0,5,2017
2863550,2017-05-30,6,Dairy,964.0,28,49.63,0.0,0.0,0.0,0.0,0.0,0.0,0.0,0.0,0.0,0.0,0.0,30,1,5,2017
2865332,2017-05-31,6,Dairy,1016.0,27,48.29,0.0,0.0,0.0,0.0,0.0,0.0,0.0,0.0,0.0,0.0,0.0,31,2,5,2017
2867114,2017-06-01,6,Dairy,870.0,4,48.32,0.0,0.0,0.0,0.0,0.0,0.0,0.0,0.0,0.0,0.0,0.0,1,3,6,2017
2868896,2017-06-02,6,Dairy,1120.0,25,47.68,0.0,0.0,0.0,0.0,0.0,0.0,0.0,0.0,0.0,0.0,0.0,2,4,6,2017
2870678,2017-06-03,6,Dairy,1620.0,23,47.586666666666666,0.0,0.0,0.0,0.0,0.0,0.0,0.0,0.0,0.0,0.0,0.0,3,5,6,2017
2872460,2017-06-04,6,Dairy,2044.0,26,47.49333333333333,0.0,0.0,0.0,0.0,0.0,0.0,0.0,0.0,0.0,0.0,0.0,4,6,6,2017
2874242,2017-06-05,6,Dairy,1181.0,20,47.4,0.0,0.0,0.0,0.0,0.0,0.0,0.0,0.0,0.0,0.0,0.0,5,0,6,2017
2876024,2017-06-06,6,Dairy,1022.0,24,48.13,0.0,0.0,0.0,0.0,0.0,0.0,0.0,0.0,0.0,0.0,0.0,6,1,6,2017
2877806,2017-06-07,6,Dairy,1057.0,25,45.8,0.0,0.0,0.0,0.0,0.0,0.0,0.0,0.0,0.0,0.0,0.0,7,2,6,2017
2879588,2017-06-08,6,Dairy,807.0,36,45.68,0.0,0.0,0.0,0.0,0.0,0.0,0.0,0.0,0.0,0.0,0.0,8,3,6,2017
2881370,2017-06-09,6,Dairy,985.0,37,45.82,0.0,0.0,0.0,0.0,0.0,0.0,0.0,0.0,0.0,0.0,0.0,9,4,6,2017
2883152,2017-06-10,6,Dairy,1349.0,45,45.913333333333334,0.0,0.0,0.0,0.0,0.0,0.0,0.0,0.0,0.0,0.0,0.0,10,5,6,2017
2884934,2017-06-11,6,Dairy,1915.0,43,46.00666666666667,0.0,0.0,0.0,0.0,0.0,0.0,0.0,0.0,0.0,0.0,0.0,11,6,6,2017
2886716,2017-06-12,6,Dairy,1050.0,43,46.1,0.0,0.0,0.0,0.0,0.0,0.0,0.0,0.0,0.0,0.0,0.0,12,0,6,2017
2888498,2017-06-13,6,Dairy,890.0,39,46.41,0.0,0.0,0.0,0.0,0.0,0.0,0.0,0.0,0.0,0.0,0.0,13,1,6,2017
2890280,2017-06-14,6,Dairy,1081.0,40,44.79,0.0,0.0,0.0,0.0,0.0,0.0,0.0,0.0,0.0,0.0,0.0,14,2,6,2017
2892062,2017-06-15,6,Dairy,825.0,20,44.47,0.0,0.0,0.0,0.0,0.0,0.0,0.0,0.0,0.0,0.0,0.0,15,3,6,2017
2893844,2017-06-16,6,Dairy,1084.0,29,44.73,0.0,0.0,0.0,0.0,0.0,0.0,0.0,0.0,0.0,0.0,0.0,16,4,6,2017
2895626,2017-06-17,6,Dairy,1581.0,33,44.56666666666666,0.0,0.0,0.0,0.0,0.0,0.0,0.0,0.0,0.0,0.0,0.0,17,5,6,2017
2897408,2017-06-18,6,Dairy,1525.0,29,44.403333333333336,0.0,0.0,0.0,0.0,0.0,0.0,0.0,0.0,0.0,0.0,0.0,18,6,6,2017
2899190,2017-06-19,6,Dairy,1083.0,31,44.24,0.0,0.0,0.0,0.0,0.0,0.0,0.0,0.0,0.0,0.0,0.0,19,0,6,2017
2900972,2017-06-20,6,Dairy,960.0,34,43.34,0.0,0.0,0.0,0.0,0.0,0.0,0.0,0.0,0.0,0.0,0.0,20,1,6,2017
2902754,2017-06-21,6,Dairy,1016.0,43,42.48,0.0,0.0,0.0,0.0,0.0,0.0,0.0,0.0,0.0,0.0,0.0,21,2,6,2017
2904536,2017-06-22,6,Dairy,854.0,37,42.53,0.0,0.0,0.0,0.0,0.0,0.0,0.0,0.0,0.0,0.0,0.0,22,3,6,2017
2906318,2017-06-23,6,Dairy,854.0,28,42.86,0.0,0.0,0.0,0.0,1.0,0.0,0.0,0.0,0.0,0.0,0.0,23,4,6,2017
2908100,2017-06-24,6,Dairy,1393.0,32,42.986666666666665,0.0,0.0,0.0,0.0,0.0,0.0,0.0,0.0,0.0,0.0,0.0,24,5,6,2017
2909882,2017-06-25,6,Dairy,1826.0,25,43.11333333333334,0.0,0.0,0.0,0.0,2.0,0.0,1.0,0.0,0.0,0.0,0.0,25,6,6,2017
2911664,2017-06-26,6,Dairy,1101.0,25,43.24,0.0,0.0,0.0,0.0,0.0,0.0,0.0,0.0,0.0,0.0,0.0,26,0,6,2017
2913446,2017-06-27,6,Dairy,968.0,23,44.25,0.0,0.0,0.0,0.0,0.0,0.0,0.0,0.0,0.0,0.0,0.0,27,1,6,2017
2915228,2017-06-28,6,Dairy,885.0,27,44.74,0.0,0.0,0.0,0.0,0.0,0.0,0.0,0.0,0.0,0.0,0.0,28,2,6,2017
2917010,2017-06-29,6,Dairy,780.0,23,44.88,0.0,0.0,0.0,0.0,0.0,0.0,0.0,0.0,0.0,0.0,0.0,29,3,6,2017
2918792,2017-06-30,6,Dairy,900.0,29,46.02,0.0,0.0,0.0,0.0,0.0,0.0,0.0,0.0,0.0,0.0,0.0,30,4,6,2017
2920574,2017-07-01,6,Dairy,1376.0,29,45.838,0.0,0.0,0.0,0.0,0.0,0.0,0.0,0.0,0.0,0.0,0.0,1,5,7,2017
2922356,2017-07-02,6,Dairy,1744.0,26,45.656,0.0,0.0,0.0,0.0,0.0,0.0,0.0,0.0,0.0,0.0,0.0,2,6,7,2017
2924138,2017-07-03,6,Dairy,1249.0,25,45.474000000000004,0.0,0.0,0.0,0.0,2.0,0.0,0.0,0.0,0.0,0.0,0.0,3,0,7,2017
2925920,2017-07-04,6,Dairy,1010.0,28,45.292,0.0,0.0,0.0,0.0,0.0,0.0,0.0,0.0,0.0,0.0,0.0,4,1,7,2017
2927702,2017-07-05,6,Dairy,986.0,40,45.11,0.0,0.0,0.0,0.0,0.0,0.0,0.0,0.0,0.0,0.0,0.0,5,2,7,2017
2929484,2017-07-06,6,Dairy,892.0,36,45.52,0.0,0.0,0.0,0.0,0.0,0.0,0.0,0.0,0.0,0.0,0.0,6,3,7,2017
2931266,2017-07-07,6,Dairy,1066.0,39,44.25,0.0,0.0,0.0,0.0,0.0,0.0,0.0,0.0,0.0,0.0,0.0,7,4,7,2017
2933048,2017-07-08,6,Dairy,1304.0,38,44.3,0.0,0.0,0.0,0.0,0.0,0.0,0.0,0.0,0.0,0.0,0.0,8,5,7,2017
2934830,2017-07-09,6,Dairy,1531.0,38,44.35,0.0,0.0,0.0,0.0,0.0,0.0,0.0,0.0,0.0,0.0,0.0,9,6,7,2017
2936612,2017-07-10,6,Dairy,1088.0,36,44.4,0.0,0.0,0.0,0.0,0.0,0.0,0.0,0.0,0.0,0.0,0.0,10,0,7,2017
2938394,2017-07-11,6,Dairy,965.0,36,45.06,0.0,0.0,0.0,0.0,0.0,0.0,0.0,0.0,0.0,0.0,0.0,11,1,7,2017
2940176,2017-07-12,6,Dairy,966.0,33,45.48,0.0,0.0,0.0,0.0,0.0,0.0,0.0,0.0,0.0,0.0,0.0,12,2,7,2017
2941958,2017-07-13,6,Dairy,678.0,26,46.06,0.0,0.0,0.0,0.0,0.0,0.0,0.0,0.0,0.0,0.0,0.0,13,3,7,2017
2943740,2017-07-14,6,Dairy,888.0,23,46.53,0.0,0.0,0.0,0.0,0.0,0.0,0.0,0.0,0.0,0.0,0.0,14,4,7,2017
2945522,2017-07-15,6,Dairy,1193.0,25,46.36,0.0,0.0,0.0,0.0,0.0,0.0,0.0,0.0,0.0,0.0,0.0,15,5,7,2017
2947304,2017-07-16,6,Dairy,1432.0,19,46.190000000000005,0.0,0.0,0.0,0.0,0.0,0.0,0.0,0.0,0.0,0.0,0.0,16,6,7,2017
2949086,2017-07-17,6,Dairy,1047.0,19,46.02,0.0,0.0,0.0,0.0,0.0,0.0,0.0,0.0,0.0,0.0,0.0,17,0,7,2017
2950868,2017-07-18,6,Dairy,836.0,21,46.4,0.0,0.0,0.0,0.0,0.0,0.0,0.0,0.0,0.0,0.0,0.0,18,1,7,2017
2952650,2017-07-19,6,Dairy,893.0,20,47.1,0.0,0.0,0.0,0.0,0.0,0.0,0.0,0.0,0.0,0.0,0.0,19,2,7,2017
2954432,2017-07-20,6,Dairy,824.0,19,46.73,0.0,0.0,0.0,0.0,0.0,0.0,0.0,0.0,0.0,0.0,0.0,20,3,7,2017
2956214,2017-07-21,6,Dairy,902.0,19,45.78,0.0,0.0,0.0,0.0,0.0,0.0,0.0,0.0,0.0,0.0,0.0,21,4,7,2017
2957996,2017-07-22,6,Dairy,1075.0,19,45.92333333333333,0.0,0.0,0.0,0.0,0.0,0.0,0.0,0.0,0.0,0.0,0.0,22,5,7,2017
2959778,2017-07-23,6,Dairy,1344.0,19,46.06666666666667,0.0,0.0,0.0,0.0,1.0,0.0,0.0,0.0,0.0,0.0,0.0,23,6,7,2017
2961560,2017-07-24,6,Dairy,972.0,18,46.21,1.0,0.0,0.0,0.0,0.0,0.0,0.0,0.0,0.0,0.0,0.0,24,0,7,2017
2963342,2017-07-25,6,Dairy,881.0,18,47.77,1.0,0.0,0.0,0.0,0.0,0.0,0.0,0.0,0.0,0.0,0.0,25,1,7,2017
2965124,2017-07-26,6,Dairy,947.0,18,48.58,0.0,0.0,0.0,0.0,0.0,0.0,0.0,0.0,0.0,0.0,0.0,26,2,7,2017
2966906,2017-07-27,6,Dairy,718.0,7,49.05,0.0,0.0,0.0,0.0,0.0,0.0,0.0,0.0,0.0,0.0,0.0,27,3,7,2017
2968688,2017-07-28,6,Dairy,931.0,6,49.72,0.0,0.0,0.0,0.0,0.0,0.0,0.0,0.0,0.0,0.0,0.0,28,4,7,2017
2970470,2017-07-29,6,Dairy,1125.0,6,49.88333333333333,0.0,0.0,0.0,0.0,0.0,0.0,0.0,0.0,0.0,0.0,0.0,29,5,7,2017
2972252,2017-07-30,6,Dairy,1326.0,7,50.04666666666667,0.0,0.0,0.0,0.0,0.0,0.0,0.0,0.0,0.0,0.0,0.0,30,6,7,2017
2974034,2017-07-31,6,Dairy,940.0,6,50.21,0.0,0.0,0.0,0.0,0.0,0.0,0.0,0.0,0.0,0.0,0.0,31,0,7,2017
2975816,2017-08-01,6,Dairy,976.0,2,49.19,0.0,0.0,0.0,0.0,0.0,0.0,0.0,0.0,0.0,0.0,0.0,1,1,8,2017
2977598,2017-08-02,6,Dairy,979.0,3,49.6,0.0,0.0,0.0,0.0,0.0,0.0,0.0,0.0,0.0,0.0,0.0,2,2,8,2017
2979380,2017-08-03,6,Dairy,800.0,17,49.03,0.0,0.0,0.0,0.0,0.0,0.0,0.0,0.0,0.0,0.0,0.0,3,3,8,2017
2981162,2017-08-04,6,Dairy,885.0,24,49.57,0.0,0.0,0.0,0.0,0.0,0.0,0.0,0.0,0.0,0.0,0.0,4,4,8,2017
2982944,2017-08-05,6,Dairy,1047.0,26,49.50333333333333,0.0,0.0,0.0,0.0,1.0,0.0,0.0,0.0,0.0,0.0,0.0,5,5,8,2017
2984726,2017-08-06,6,Dairy,1396.0,26,49.43666666666667,0.0,0.0,0.0,0.0,0.0,0.0,0.0,0.0,0.0,0.0,0.0,6,6,8,2017
2986508,2017-08-07,6,Dairy,995.0,24,49.37,0.0,0.0,0.0,0.0,0.0,0.0,0.0,0.0,0.0,0.0,0.0,7,0,8,2017
2988290,2017-08-08,6,Dairy,758.0,23,49.07,0.0,0.0,0.0,0.0,0.0,0.0,0.0,0.0,0.0,0.0,0.0,8,1,8,2017
2990072,2017-08-09,6,Dairy,837.0,25,49.59,0.0,0.0,0.0,0.0,0.0,0.0,0.0,0.0,0.0,0.0,0.0,9,2,8,2017
2991854,2017-08-10,6,Dairy,695.0,21,48.54,0.0,0.0,0.0,0.0,0.0,0.0,0.0,0.0,1.0,0.0,0.0,10,3,8,2017
2993636,2017-08-11,6,Dairy,1044.0,25,48.81,0.0,0.0,0.0,0.0,0.0,0.0,0.0,0.0,0.0,0.0,1.0,11,4,8,2017
2995418,2017-08-12,6,Dairy,895.0,22,48.403333333333336,0.0,0.0,0.0,0.0,0.0,0.0,0.0,0.0,0.0,0.0,0.0,12,5,8,2017
2997200,2017-08-13,6,Dairy,1257.0,23,47.99666666666667,0.0,0.0,0.0,0.0,0.0,0.0,0.0,0.0,0.0,0.0,0.0,13,6,8,2017
2998982,2017-08-14,6,Dairy,907.0,24,47.59,0.0,0.0,0.0,0.0,0.0,0.0,0.0,0.0,0.0,0.0,0.0,14,0,8,2017
3000764,2017-08-15,6,Dairy,845.0,24,47.57,0.0,0.0,0.0,0.0,1.0,0.0,0.0,0.0,0.0,0.0,0.0,15,1,8,2017
