,date,store_nbr,family,sales,onpromotion,oil_price,Additional_Local,Additional_National,Bridge_National,Event_National,Holiday_Local,Holiday_National,Holiday_Regional,Moved_Local,Moved_National,Transfer_Local,Transfer_National,day_of_month,day_of_week,month,year,sales_lag16,sales_lag21,sales_window7_lag21,sales_lag30,sales_window9_lag30,sales_lag60,sales_window11_lag60,sales_lag90,sales_window13_lag90,sales_lag181,sales_window15_lag181
2048706,2016-02-27,42,Automotive,5.0,0,32.013333333333335,0.0,0.0,0.0,0.0,0.0,0.0,0.0,0.0,0.0,0.0,0.0,27,5,2,2016,3.0,3.0,4.142857142857143,1.0,3.6666666666666665,9.0,5.818181818181818,4.0,4.384615384615385,3.0,5.4
2050488,2016-02-28,42,Automotive,7.0,0,32.376666666666665,0.0,0.0,0.0,0.0,0.0,0.0,0.0,0.0,0.0,0.0,0.0,28,6,2,2016,4.0,2.0,3.857142857142857,5.0,3.6666666666666665,0.0,5.909090909090909,5.0,3.8461538461538463,8.0,5.533333333333333
2052270,2016-02-29,42,Automotive,2.0,0,32.74,0.0,0.0,0.0,0.0,0.0,0.0,0.0,0.0,0.0,0.0,0.0,29,0,2,2016,2.0,5.0,3.857142857142857,0.0,4.444444444444445,4.0,6.090909090909091,3.0,3.6923076923076925,11.0,4.8
2054052,2016-03-01,42,Automotive,2.0,0,34.39,0.0,0.0,0.0,0.0,0.0,0.0,0.0,0.0,0.0,0.0,0.0,1,1,3,2016,1.0,3.0,3.7142857142857144,11.0,4.111111111111111,2.0,5.7272727272727275,3.0,4.0,8.0,4.333333333333333
2055834,2016-03-02,42,Automotive,4.0,0,34.57,0.0,0.0,0.0,0.0,1.0,0.0,0.0,0.0,0.0,0.0,0.0,2,2,3,2016,3.0,6.0,3.5714285714285716,4.0,4.555555555555555,17.0,5.454545454545454,5.0,3.8461538461538463,3.0,4.266666666666667
2057616,2016-03-03,42,Automotive,7.0,0,34.56,0.0,0.0,0.0,0.0,0.0,0.0,0.0,0.0,0.0,0.0,0.0,3,3,3,2016,8.0,3.0,3.4285714285714284,4.0,4.777777777777778,10.0,5.2727272727272725,6.0,3.769230769230769,1.0,4.066666666666666
2059398,2016-03-04,42,Automotive,2.0,0,35.91,0.0,0.0,0.0,0.0,0.0,0.0,0.0,0.0,0.0,0.0,0.0,4,4,3,2016,2.0,4.0,3.142857142857143,8.0,4.444444444444445,5.0,4.909090909090909,7.0,3.6923076923076925,2.0,3.8
2061180,2016-03-05,42,Automotive,9.0,0,36.57333333333333,0.0,0.0,0.0,0.0,0.0,0.0,0.0,0.0,0.0,0.0,0.0,5,5,3,2016,4.0,2.0,3.857142857142857,3.0,5.0,5.0,5.181818181818182,0.0,3.3846153846153846,4.0,3.6666666666666665
2062962,2016-03-06,42,Automotive,5.0,0,37.236666666666665,0.0,0.0,0.0,0.0,0.0,0.0,0.0,0.0,0.0,0.0,0.0,6,6,3,2016,3.0,1.0,3.2857142857142856,5.0,4.111111111111111,0.0,4.818181818181818,6.0,3.076923076923077,7.0,3.7333333333333334
2064744,2016-03-07,42,Automotive,2.0,0,37.9,0.0,0.0,0.0,0.0,0.0,0.0,0.0,0.0,0.0,0.0,0.0,7,0,3,2016,3.0,3.0,3.4285714285714284,3.0,4.333333333333333,4.0,4.636363636363637,4.0,3.076923076923077,3.0,3.4
2066526,2016-03-08,42,Automotive,0.0,0,36.67,0.0,0.0,0.0,0.0,0.0,0.0,0.0,0.0,0.0,0.0,0.0,8,1,3,2016,6.0,8.0,3.2857142857142856,2.0,4.222222222222222,2.0,3.1818181818181817,3.0,3.6923076923076925,2.0,2.8
2068308,2016-03-09,42,Automotive,6.0,0,37.62,0.0,0.0,0.0,0.0,0.0,0.0,0.0,0.0,0.0,0.0,0.0,9,2,3,2016,2.0,2.0,3.4285714285714284,5.0,3.7777777777777777,5.0,2.4545454545454546,1.0,3.4615384615384617,1.0,2.4
2070090,2016-03-10,42,Automotive,3.0,0,37.77,0.0,0.0,0.0,0.0,0.0,0.0,0.0,0.0,0.0,0.0,0.0,10,3,3,2016,8.0,4.0,4.142857142857143,3.0,3.6666666666666665,3.0,2.272727272727273,1.0,3.3076923076923075,1.0,2.466666666666667
2071872,2016-03-11,42,Automotive,4.0,0,38.51,0.0,0.0,0.0,0.0,0.0,0.0,0.0,0.0,0.0,0.0,0.0,11,4,3,2016,0.0,3.0,4.0,6.0,3.2222222222222223,0.0,2.3636363636363638,0.0,2.923076923076923,1.0,2.466666666666667
2073654,2016-03-12,42,Automotive,9.0,0,38.07333333333333,0.0,0.0,0.0,0.0,0.0,0.0,0.0,0.0,0.0,0.0,0.0,12,5,3,2016,7.0,3.0,4.0,3.0,3.2222222222222223,0.0,2.909090909090909,1.0,3.3846153846153846,0.0,2.4
2075436,2016-03-13,42,Automotive,12.0,0,37.63666666666667,0.0,0.0,0.0,0.0,0.0,0.0,0.0,0.0,0.0,0.0,0.0,13,6,3,2016,1.0,6.0,3.7142857142857144,4.0,3.888888888888889,1.0,2.5454545454545454,3.0,2.923076923076923,4.0,2.1333333333333333
2077218,2016-03-14,42,Automotive,0.0,0,37.2,0.0,0.0,0.0,0.0,0.0,0.0,0.0,0.0,0.0,0.0,0.0,14,0,3,2016,5.0,2.0,4.142857142857143,2.0,3.5555555555555554,2.0,2.4545454545454546,11.0,2.769230769230769,3.0,1.9333333333333333
2079000,2016-03-15,42,Automotive,6.0,0,36.32,0.0,0.0,0.0,0.0,0.0,0.0,0.0,0.0,0.0,0.0,0.0,15,1,3,2016,7.0,8.0,3.857142857142857,1.0,3.6666666666666665,3.0,2.0,2.0,3.230769230769231,2.0,2.1333333333333333
2080782,2016-03-16,42,Automotive,2.0,0,38.43,0.0,0.0,0.0,0.0,0.0,0.0,0.0,0.0,0.0,0.0,0.0,16,2,3,2016,2.0,0.0,4.142857142857143,3.0,3.3333333333333335,6.0,1.7272727272727273,4.0,3.1538461538461537,2.0,2.066666666666667
2082564,2016-03-17,42,Automotive,0.0,0,40.17,0.0,0.0,0.0,0.0,0.0,0.0,0.0,0.0,0.0,0.0,0.0,17,3,3,2016,2.0,7.0,4.285714285714286,8.0,3.3333333333333335,6.0,1.9090909090909092,2.0,3.3846153846153846,4.0,2.3333333333333335
2084346,2016-03-18,42,Automotive,4.0,0,39.47,0.0,0.0,0.0,0.0,0.0,0.0,0.0,0.0,0.0,0.0,0.0,18,4,3,2016,4.0,1.0,4.285714285714286,2.0,3.5555555555555554,0.0,2.090909090909091,6.0,3.6153846153846154,1.0,2.2666666666666666
2086128,2016-03-19,42,Automotive,3.0,0,39.61666666666667,0.0,0.0,0.0,0.0,0.0,0.0,0.0,0.0,0.0,0.0,0.0,19,5,3,2016,7.0,5.0,3.4285714285714284,4.0,3.5555555555555554,1.0,2.3636363636363638,0.0,3.8461538461538463,1.0,2.2666666666666666
2087910,2016-03-20,42,Automotive,8.0,0,39.76333333333333,0.0,0.0,0.0,0.0,0.0,0.0,0.0,0.0,0.0,0.0,0.0,20,6,3,2016,2.0,7.0,4.0,3.0,4.333333333333333,0.0,2.272727272727273,2.0,4.153846153846154,0.0,2.533333333333333
2089692,2016-03-21,42,Automotive,4.0,0,39.91,0.0,0.0,0.0,0.0,0.0,0.0,0.0,0.0,0.0,0.0,0.0,21,0,3,2016,9.0,2.0,4.0,3.0,4.0,0.0,2.5454545454545454,9.0,3.6153846153846154,4.0,2.533333333333333
2091474,2016-03-22,42,Automotive,1.0,0,41.45,0.0,0.0,0.0,0.0,0.0,0.0,0.0,0.0,0.0,0.0,0.0,22,1,3,2016,5.0,2.0,4.142857142857143,6.0,3.888888888888889,2.0,2.090909090909091,0.0,4.153846153846154,6.0,2.533333333333333
2093256,2016-03-23,42,Automotive,3.0,0,38.28,0.0,0.0,0.0,0.0,0.0,0.0,0.0,0.0,0.0,0.0,0.0,23,2,3,2016,2.0,4.0,4.714285714285714,2.0,3.7777777777777777,2.0,1.6363636363636365,4.0,3.8461538461538463,1.0,2.4
2095038,2016-03-24,42,Automotive,2.0,0,38.14,0.0,0.0,0.0,0.0,0.0,0.0,0.0,0.0,0.0,0.0,0.0,24,3,3,2016,0.0,7.0,4.428571428571429,8.0,3.888888888888889,4.0,2.090909090909091,3.0,4.0,5.0,2.3333333333333335
2096820,2016-03-25,42,Automotive,7.0,0,38.1025,0.0,0.0,0.0,0.0,0.0,1.0,0.0,0.0,0.0,0.0,0.0,25,4,3,2016,6.0,2.0,4.428571428571429,0.0,4.333333333333333,1.0,2.0,4.0,3.6923076923076925,0.0,2.2666666666666666
2098602,2016-03-26,42,Automotive,7.0,0,38.065,0.0,0.0,0.0,0.0,0.0,0.0,0.0,0.0,0.0,0.0,0.0,26,5,3,2016,3.0,9.0,4.142857142857143,7.0,4.222222222222222,6.0,3.0,7.0,5.0,1.0,2.466666666666667
2100384,2016-03-27,42,Automotive,5.0,0,38.0275,0.0,0.0,0.0,0.0,0.0,0.0,0.0,0.0,0.0,0.0,0.0,27,6,3,2016,4.0,5.0,4.428571428571429,1.0,3.7777777777777777,1.0,3.3636363636363638,4.0,5.615384615384615,4.0,2.8666666666666667
2102166,2016-03-28,42,Automotive,0.0,0,37.99,0.0,0.0,0.0,0.0,0.0,0.0,0.0,0.0,0.0,0.0,0.0,28,0,3,2016,9.0,2.0,3.857142857142857,5.0,4.0,1.0,3.5454545454545454,9.0,5.3076923076923075,4.0,3.1333333333333333
2103948,2016-03-29,42,Automotive,3.0,0,36.91,0.0,0.0,0.0,0.0,0.0,0.0,0.0,0.0,0.0,0.0,0.0,29,1,3,2016,12.0,0.0,4.142857142857143,7.0,3.888888888888889,5.0,4.090909090909091,0.0,5.6923076923076925,3.0,3.0
2105730,2016-03-30,42,Automotive,2.0,0,36.91,0.0,0.0,0.0,0.0,0.0,0.0,0.0,0.0,0.0,0.0,0.0,30,2,3,2016,0.0,6.0,4.142857142857143,2.0,4.111111111111111,0.0,4.0,4.0,5.384615384615385,0.0,2.6666666666666665
2107512,2016-03-31,42,Automotive,7.0,0,36.94,0.0,0.0,0.0,0.0,0.0,0.0,0.0,0.0,0.0,0.0,0.0,31,3,3,2016,6.0,3.0,5.142857142857143,2.0,4.333333333333333,11.0,4.363636363636363,2.0,5.461538461538462,1.0,2.8
2109294,2016-04-01,42,Automotive,3.0,0,35.36,0.0,0.0,0.0,0.0,0.0,0.0,1.0,0.0,0.0,0.0,0.0,1,4,4,2016,2.0,4.0,4.857142857142857,4.0,4.777777777777778,4.0,4.090909090909091,17.0,5.3076923076923075,3.0,2.7333333333333334
2111076,2016-04-02,42,Automotive,10.0,0,35.00666666666667,0.0,0.0,0.0,0.0,0.0,0.0,0.0,0.0,0.0,0.0,0.0,2,5,4,2016,0.0,9.0,5.714285714285714,7.0,4.444444444444445,4.0,4.181818181818182,10.0,5.153846153846154,4.0,2.8666666666666667
2112858,2016-04-03,42,Automotive,6.0,0,34.65333333333333,0.0,0.0,0.0,0.0,0.0,0.0,0.0,0.0,0.0,0.0,0.0,3,6,4,2016,4.0,12.0,5.142857142857143,2.0,3.6666666666666665,8.0,4.545454545454546,5.0,5.076923076923077,7.0,3.3333333333333335
2114640,2016-04-04,42,Automotive,3.0,0,34.3,0.0,0.0,0.0,0.0,0.0,0.0,0.0,0.0,0.0,0.0,0.0,4,0,4,2016,3.0,0.0,4.714285714285714,9.0,4.111111111111111,3.0,4.363636363636363,5.0,4.384615384615385,4.0,3.4
2116422,2016-04-05,42,Automotive,5.0,0,34.52,0.0,0.0,0.0,0.0,0.0,0.0,0.0,0.0,0.0,0.0,0.0,5,1,4,2016,8.0,6.0,4.714285714285714,5.0,4.222222222222222,5.0,4.909090909090909,0.0,4.384615384615385,2.0,3.1333333333333333
2118204,2016-04-06,42,Automotive,2.0,0,37.74,0.0,0.0,0.0,0.0,0.0,0.0,0.0,0.0,0.0,0.0,0.0,6,2,4,2016,4.0,2.0,3.857142857142857,2.0,4.222222222222222,3.0,4.181818181818182,4.0,4.153846153846154,1.0,2.933333333333333
2119986,2016-04-07,42,Automotive,1.0,0,37.3,0.0,0.0,0.0,0.0,0.0,0.0,0.0,0.0,0.0,0.0,0.0,7,3,4,2016,1.0,0.0,3.2857142857142856,0.0,4.444444444444445,2.0,4.181818181818182,2.0,4.153846153846154,3.0,3.0
2121768,2016-04-08,42,Automotive,3.0,0,39.74,0.0,0.0,0.0,0.0,0.0,0.0,0.0,0.0,0.0,0.0,0.0,8,4,4,2016,3.0,4.0,3.857142857142857,6.0,5.555555555555555,5.0,4.0,5.0,3.076923076923077,4.0,3.0
2123550,2016-04-09,42,Automotive,6.0,0,39.980000000000004,0.0,0.0,0.0,0.0,0.0,0.0,0.0,0.0,0.0,0.0,0.0,9,5,4,2016,2.0,3.0,3.142857142857143,3.0,4.555555555555555,3.0,3.3636363636363638,3.0,2.769230769230769,2.0,2.933333333333333
2125332,2016-04-10,42,Automotive,6.0,0,40.22,0.0,0.0,0.0,0.0,0.0,0.0,0.0,0.0,0.0,0.0,0.0,10,6,4,2016,7.0,8.0,3.2857142857142856,4.0,4.666666666666667,6.0,3.3636363636363638,0.0,2.8461538461538463,8.0,2.8
2127114,2016-04-11,42,Automotive,3.0,0,40.46,0.0,0.0,0.0,0.0,0.0,0.0,0.0,0.0,0.0,0.0,0.0,11,0,4,2016,7.0,4.0,3.5714285714285716,9.0,4.666666666666667,3.0,3.6363636363636362,0.0,2.4615384615384617,5.0,2.933333333333333
2128896,2016-04-12,42,Automotive,2.0,0,42.12,0.0,0.0,0.0,0.0,1.0,0.0,0.0,0.0,0.0,0.0,0.0,12,1,4,2016,5.0,1.0,4.0,12.0,4.666666666666667,4.0,3.5454545454545454,1.0,2.5384615384615383,0.0,2.8666666666666667
2130678,2016-04-13,42,Automotive,2.0,0,41.7,0.0,0.0,0.0,0.0,0.0,0.0,0.0,0.0,0.0,0.0,0.0,13,2,4,2016,0.0,3.0,4.571428571428571,0.0,4.444444444444445,2.0,3.727272727272727,2.0,2.230769230769231,0.0,2.8
2132460,2016-04-14,42,Automotive,2.0,0,41.45,0.0,0.0,0.0,0.0,1.0,0.0,0.0,0.0,0.0,0.0,0.0,14,3,4,2016,3.0,2.0,4.142857142857143,6.0,4.444444444444445,1.0,3.5454545454545454,3.0,2.076923076923077,1.0,2.8
2134242,2016-04-15,42,Automotive,6.0,0,40.4,0.0,0.0,0.0,0.0,0.0,0.0,0.0,0.0,0.0,0.0,0.0,15,4,4,2016,2.0,7.0,3.5714285714285716,2.0,4.888888888888889,3.0,3.5454545454545454,6.0,1.8461538461538463,1.0,2.8
2136024,2016-04-16,42,Automotive,7.0,0,40.18,0.0,0.0,0.0,1.0,0.0,0.0,0.0,0.0,0.0,0.0,0.0,16,5,4,2016,7.0,7.0,3.857142857142857,0.0,4.333333333333333,8.0,3.5454545454545454,6.0,1.7692307692307692,2.0,3.0
2137806,2016-04-17,42,Automotive,10.0,0,39.96,0.0,0.0,0.0,1.0,0.0,0.0,0.0,0.0,0.0,0.0,0.0,17,6,4,2016,3.0,5.0,3.7142857142857144,4.0,3.111111111111111,2.0,3.4545454545454546,0.0,2.076923076923077,2.0,3.2666666666666666
2139588,2016-04-18,42,Automotive,2.0,0,39.74,0.0,0.0,0.0,1.0,0.0,0.0,0.0,0.0,0.0,0.0,0.0,18,0,4,2016,10.0,0.0,4.428571428571429,3.0,3.4444444444444446,4.0,3.8181818181818183,1.0,2.1538461538461537,9.0,3.2
2141370,2016-04-19,42,Automotive,3.0,0,40.88,0.0,0.0,0.0,1.0,0.0,0.0,0.0,0.0,0.0,0.0,0.0,19,1,4,2016,6.0,3.0,3.857142857142857,8.0,3.0,3.0,3.6363636363636362,0.0,2.5384615384615383,3.0,3.0
2143152,2016-04-20,42,Automotive,4.0,0,42.72,0.0,0.0,0.0,1.0,0.0,0.0,0.0,0.0,0.0,0.0,0.0,20,2,4,2016,3.0,2.0,4.285714285714286,4.0,3.5555555555555554,3.0,4.181818181818182,0.0,2.4615384615384617,1.0,3.2
2144934,2016-04-21,42,Automotive,2.0,0,43.18,0.0,0.0,0.0,1.0,1.0,0.0,0.0,0.0,0.0,0.0,0.0,21,3,4,2016,5.0,7.0,4.428571428571429,1.0,4.333333333333333,6.0,4.0,2.0,2.3076923076923075,1.0,3.4
2146716,2016-04-22,42,Automotive,4.0,0,42.76,0.0,0.0,0.0,1.0,0.0,0.0,0.0,0.0,0.0,0.0,0.0,22,4,4,2016,2.0,3.0,4.857142857142857,3.0,4.444444444444445,2.0,3.727272727272727,2.0,2.230769230769231,3.0,3.533333333333333
2148498,2016-04-23,42,Automotive,3.0,0,42.39666666666667,0.0,0.0,0.0,1.0,0.0,0.0,0.0,0.0,0.0,0.0,0.0,23,5,4,2016,1.0,10.0,5.142857142857143,2.0,4.111111111111111,8.0,4.181818181818182,4.0,1.7692307692307692,7.0,3.6666666666666665
2150280,2016-04-24,42,Automotive,5.0,0,42.03333333333333,0.0,0.0,0.0,1.0,0.0,0.0,0.0,0.0,0.0,0.0,0.0,24,6,4,2016,3.0,6.0,5.142857142857143,7.0,3.5555555555555554,0.0,4.0,1.0,2.6153846153846154,6.0,3.6666666666666665
2152062,2016-04-25,42,Automotive,2.0,0,41.67,0.0,0.0,0.0,1.0,0.0,0.0,0.0,0.0,0.0,0.0,0.0,25,0,4,2016,6.0,3.0,4.285714285714286,7.0,3.3333333333333335,7.0,3.909090909090909,6.0,2.8461538461538463,7.0,3.933333333333333
2153844,2016-04-26,42,Automotive,0.0,0,42.52,0.0,0.0,0.0,1.0,0.0,0.0,0.0,0.0,0.0,0.0,0.0,26,1,4,2016,6.0,5.0,4.285714285714286,5.0,4.0,1.0,4.0,1.0,3.1538461538461537,2.0,4.0
2155626,2016-04-27,42,Automotive,2.0,0,45.29,0.0,0.0,0.0,1.0,0.0,0.0,0.0,0.0,0.0,0.0,0.0,27,2,4,2016,3.0,2.0,3.7142857142857144,0.0,4.0,5.0,4.090909090909091,1.0,3.769230769230769,3.0,3.933333333333333
2157408,2016-04-28,42,Automotive,4.0,0,46.03,0.0,0.0,0.0,1.0,0.0,0.0,0.0,0.0,0.0,0.0,0.0,28,3,4,2016,2.0,1.0,3.7142857142857144,3.0,4.888888888888889,7.0,4.090909090909091,5.0,3.8461538461538463,3.0,4.133333333333334
2159190,2016-04-29,42,Automotive,4.0,0,45.98,0.0,0.0,0.0,1.0,0.0,0.0,0.0,0.0,0.0,0.0,0.0,29,4,4,2016,2.0,3.0,3.7142857142857144,2.0,4.777777777777778,2.0,4.181818181818182,0.0,4.076923076923077,3.0,4.466666666666667
2160972,2016-04-30,42,Automotive,6.0,0,45.57,0.0,0.0,0.0,1.0,0.0,0.0,0.0,0.0,0.0,0.0,0.0,30,5,4,2016,2.0,6.0,3.2857142857142856,7.0,4.333333333333333,2.0,4.636363636363637,11.0,4.0,3.0,4.466666666666667
2162754,2016-05-01,42,Automotive,6.0,0,45.16,0.0,0.0,0.0,1.0,0.0,1.0,0.0,0.0,0.0,0.0,0.0,1,6,5,2016,6.0,6.0,3.2857142857142856,3.0,4.333333333333333,4.0,4.181818181818182,4.0,4.076923076923077,2.0,4.333333333333333
2164536,2016-05-02,42,Automotive,10.0,0,44.75,0.0,0.0,0.0,1.0,0.0,0.0,0.0,0.0,0.0,0.0,0.0,2,0,5,2016,7.0,3.0,3.4285714285714284,10.0,4.555555555555555,7.0,4.090909090909091,4.0,4.0,6.0,4.266666666666667
2166318,2016-05-03,42,Automotive,7.0,0,43.65,0.0,0.0,0.0,1.0,0.0,0.0,0.0,0.0,0.0,0.0,0.0,3,1,5,2016,10.0,2.0,3.857142857142857,6.0,4.333333333333333,2.0,4.181818181818182,8.0,4.153846153846154,10.0,3.8666666666666667
2168100,2016-05-04,42,Automotive,3.0,0,43.77,0.0,0.0,0.0,1.0,0.0,0.0,0.0,0.0,0.0,0.0,0.0,4,2,5,2016,2.0,2.0,4.0,3.0,4.444444444444445,9.0,3.8181818181818183,3.0,4.538461538461538,2.0,4.2
2169882,2016-05-05,42,Automotive,1.0,0,44.33,0.0,0.0,0.0,1.0,0.0,0.0,0.0,0.0,0.0,0.0,0.0,5,3,5,2016,3.0,2.0,4.571428571428571,5.0,4.333333333333333,5.0,4.0,5.0,4.384615384615385,4.0,4.266666666666667
2171664,2016-05-06,42,Automotive,3.0,0,44.58,0.0,0.0,0.0,1.0,0.0,0.0,0.0,0.0,0.0,0.0,0.0,6,4,5,2016,4.0,6.0,4.428571428571429,2.0,4.666666666666667,2.0,4.636363636363637,3.0,4.6923076923076925,6.0,4.2
2173446,2016-05-07,42,Automotive,6.0,0,44.20333333333333,0.0,1.0,0.0,1.0,0.0,0.0,0.0,0.0,0.0,0.0,0.0,7,5,5,2016,2.0,7.0,4.571428571428571,1.0,3.888888888888889,0.0,5.363636363636363,2.0,4.0,3.0,4.0
2175228,2016-05-08,42,Automotive,7.0,0,43.82666666666667,0.0,0.0,0.0,2.0,0.0,0.0,0.0,0.0,0.0,0.0,0.0,8,6,5,2016,4.0,10.0,4.857142857142857,3.0,3.4444444444444446,6.0,4.7272727272727275,5.0,3.769230769230769,5.0,3.8666666666666667
2177010,2016-05-09,42,Automotive,3.0,0,43.45,0.0,0.0,0.0,1.0,0.0,0.0,0.0,0.0,0.0,0.0,0.0,9,0,5,2016,3.0,2.0,4.857142857142857,6.0,3.3333333333333335,3.0,5.090909090909091,3.0,3.6923076923076925,5.0,3.933333333333333
2178792,2016-05-10,42,Automotive,0.0,0,44.68,0.0,0.0,0.0,1.0,0.0,0.0,0.0,0.0,0.0,0.0,0.0,10,1,5,2016,5.0,3.0,4.571428571428571,6.0,3.0,4.0,4.454545454545454,6.0,3.6923076923076925,1.0,3.8666666666666667
2180574,2016-05-11,42,Automotive,10.0,0,46.21,0.0,0.0,0.0,1.0,0.0,0.0,0.0,0.0,0.0,0.0,0.0,11,2,5,2016,2.0,4.0,4.0,3.0,3.4444444444444446,9.0,4.0,3.0,3.6153846153846154,7.0,3.4
2182356,2016-05-12,42,Automotive,2.0,0,46.64,0.0,0.0,0.0,1.0,1.0,0.0,0.0,0.0,0.0,0.0,0.0,12,3,5,2016,0.0,2.0,3.2857142857142856,2.0,4.111111111111111,12.0,4.181818181818182,4.0,3.5384615384615383,4.0,3.6
2184138,2016-05-13,42,Automotive,1.0,0,46.22,0.0,0.0,0.0,1.0,0.0,0.0,0.0,0.0,0.0,0.0,0.0,13,4,5,2016,2.0,4.0,3.2857142857142856,2.0,4.888888888888889,0.0,4.454545454545454,2.0,3.5384615384615383,2.0,3.4
2185920,2016-05-14,42,Automotive,9.0,0,46.72,0.0,0.0,0.0,1.0,0.0,0.0,0.0,0.0,0.0,0.0,0.0,14,5,5,2016,4.0,3.0,2.857142857142857,2.0,4.444444444444445,6.0,4.636363636363637,1.0,3.6153846153846154,0.0,3.0
2187702,2016-05-15,42,Automotive,5.0,0,47.22,0.0,0.0,0.0,1.0,0.0,0.0,0.0,0.0,0.0,0.0,0.0,15,6,5,2016,4.0,5.0,2.5714285714285716,6.0,4.111111111111111,2.0,4.7272727272727275,3.0,3.6923076923076925,1.0,3.2666666666666666
2189484,2016-05-16,42,Automotive,6.0,0,47.72,0.0,0.0,0.0,1.0,0.0,0.0,0.0,0.0,0.0,0.0,0.0,16,0,5,2016,6.0,2.0,2.857142857142857,7.0,4.222222222222222,0.0,4.454545454545454,8.0,3.6153846153846154,3.0,3.466666666666667
2191266,2016-05-17,42,Automotive,2.0,0,48.29,0.0,0.0,0.0,0.0,0.0,0.0,0.0,0.0,0.0,0.0,0.0,17,1,5,2016,6.0,0.0,2.857142857142857,10.0,4.222222222222222,4.0,3.909090909090909,2.0,3.769230769230769,5.0,3.1333333333333333
2193048,2016-05-18,42,Automotive,6.0,0,48.12,0.0,0.0,0.0,0.0,0.0,0.0,0.0,0.0,0.0,0.0,0.0,18,2,5,2016,10.0,2.0,3.2857142857142856,2.0,4.444444444444445,3.0,3.0,4.0,3.5384615384615383,3.0,3.4
2194830,2016-05-19,42,Automotive,2.0,0,48.16,0.0,0.0,0.0,0.0,0.0,0.0,0.0,0.0,0.0,0.0,0.0,19,3,5,2016,7.0,4.0,3.4285714285714284,3.0,4.555555555555555,8.0,3.6363636363636362,3.0,3.769230769230769,5.0,3.066666666666667
2196612,2016-05-20,42,Automotive,6.0,0,47.67,0.0,0.0,0.0,0.0,0.0,0.0,0.0,0.0,0.0,0.0,0.0,20,4,5,2016,3.0,4.0,4.571428571428571,4.0,4.444444444444445,4.0,3.727272727272727,3.0,3.6923076923076925,1.0,2.933333333333333
2198394,2016-05-21,42,Automotive,5.0,0,47.82,0.0,0.0,0.0,0.0,0.0,0.0,0.0,0.0,0.0,0.0,0.0,21,5,5,2016,1.0,6.0,5.571428571428571,2.0,3.888888888888889,1.0,4.0,6.0,4.0,0.0,3.066666666666667
2200176,2016-05-22,42,Automotive,5.0,0,47.97,0.0,0.0,0.0,0.0,0.0,0.0,0.0,0.0,0.0,0.0,0.0,22,6,5,2016,3.0,6.0,5.714285714285714,4.0,2.7777777777777777,3.0,4.0,2.0,4.3076923076923075,7.0,3.4
2201958,2016-05-23,42,Automotive,2.0,0,48.12,0.0,0.0,0.0,0.0,0.0,0.0,0.0,0.0,0.0,0.0,0.0,23,0,5,2016,6.0,10.0,5.285714285714286,3.0,2.7777777777777777,2.0,3.909090909090909,8.0,3.8461538461538463,8.0,3.533333333333333
2203740,2016-05-24,42,Automotive,5.0,0,48.04,0.0,0.0,0.0,0.0,0.0,0.0,0.0,0.0,1.0,0.0,0.0,24,1,5,2016,7.0,7.0,5.142857142857143,5.0,2.888888888888889,7.0,3.8181818181818183,0.0,3.8461538461538463,0.0,3.533333333333333
2205522,2016-05-25,42,Automotive,3.0,0,49.1,0.0,0.0,0.0,0.0,0.0,0.0,0.0,0.0,0.0,0.0,0.0,25,2,5,2016,3.0,3.0,5.142857142857143,2.0,2.888888888888889,7.0,3.727272727272727,7.0,3.8461538461538463,5.0,3.533333333333333
2207304,2016-05-26,42,Automotive,2.0,0,49.0,0.0,0.0,0.0,0.0,0.0,0.0,0.0,0.0,0.0,0.0,0.0,26,3,5,2016,0.0,1.0,5.285714285714286,0.0,3.3333333333333335,5.0,3.6363636363636362,1.0,4.153846153846154,2.0,3.7333333333333334
2209086,2016-05-27,42,Automotive,9.0,0,49.36,0.0,0.0,0.0,0.0,0.0,0.0,0.0,0.0,0.0,0.0,1.0,27,4,5,2016,10.0,3.0,4.285714285714286,2.0,3.5555555555555554,0.0,4.454545454545454,5.0,4.076923076923077,2.0,3.8666666666666667
2210868,2016-05-28,42,Automotive,7.0,0,49.295,0.0,0.0,0.0,0.0,0.0,0.0,0.0,0.0,0.0,0.0,0.0,28,5,5,2016,2.0,6.0,3.2857142857142856,4.0,4.333333333333333,3.0,4.7272727272727275,7.0,4.3076923076923075,4.0,3.8
2212650,2016-05-29,42,Automotive,13.0,0,49.230000000000004,0.0,0.0,0.0,0.0,0.0,0.0,0.0,0.0,0.0,0.0,0.0,29,6,5,2016,1.0,7.0,4.285714285714286,4.0,4.555555555555555,2.0,4.818181818181818,2.0,4.538461538461538,5.0,4.2
2214432,2016-05-30,42,Automotive,6.0,0,49.165,0.0,0.0,0.0,0.0,0.0,0.0,0.0,0.0,0.0,0.0,0.0,30,0,5,2016,9.0,3.0,4.428571428571429,6.0,4.666666666666667,7.0,4.636363636363637,2.0,4.076923076923077,3.0,4.0
2216214,2016-05-31,42,Automotive,1.0,0,49.1,0.0,0.0,0.0,0.0,0.0,0.0,0.0,0.0,0.0,0.0,0.0,31,1,5,2016,5.0,0.0,4.142857142857143,6.0,4.777777777777778,3.0,4.181818181818182,4.0,4.076923076923077,3.0,3.6666666666666665
2217996,2016-06-01,42,Automotive,2.0,0,49.07,0.0,0.0,0.0,0.0,0.0,0.0,0.0,0.0,0.0,0.0,0.0,1,2,6,2016,6.0,10.0,4.571428571428571,10.0,4.888888888888889,10.0,3.8181818181818183,7.0,4.0,5.0,3.7333333333333334
2219778,2016-06-02,42,Automotive,5.0,0,49.14,0.0,0.0,0.0,0.0,0.0,0.0,0.0,0.0,0.0,0.0,0.0,2,3,6,2016,2.0,2.0,4.285714285714286,7.0,5.111111111111111,6.0,4.090909090909091,2.0,4.153846153846154,6.0,3.466666666666667
2221560,2016-06-03,42,Automotive,2.0,0,48.69,0.0,0.0,0.0,0.0,0.0,0.0,0.0,0.0,0.0,0.0,0.0,3,4,6,2016,6.0,1.0,4.714285714285714,3.0,5.444444444444445,3.0,4.363636363636363,9.0,4.076923076923077,7.0,3.3333333333333335
2223342,2016-06-04,42,Automotive,9.0,0,49.03,0.0,0.0,0.0,0.0,0.0,0.0,0.0,0.0,0.0,0.0,0.0,4,5,6,2016,2.0,9.0,5.0,1.0,5.111111111111111,5.0,4.7272727272727275,5.0,4.230769230769231,0.0,3.2666666666666666
2225124,2016-06-05,42,Automotive,15.0,0,49.37,0.0,0.0,0.0,0.0,0.0,0.0,0.0,0.0,0.0,0.0,0.0,5,6,6,2016,6.0,5.0,4.428571428571429,3.0,4.444444444444445,2.0,4.363636363636363,2.0,5.0,6.0,3.2
2226906,2016-06-06,42,Automotive,3.0,0,49.71,0.0,0.0,0.0,0.0,0.0,0.0,0.0,0.0,0.0,0.0,0.0,6,0,6,2016,5.0,6.0,4.428571428571429,6.0,4.444444444444445,1.0,4.2727272727272725,0.0,4.846153846153846,4.0,3.6
2228688,2016-06-07,42,Automotive,2.0,0,50.37,0.0,0.0,0.0,0.0,0.0,0.0,0.0,0.0,0.0,0.0,0.0,7,1,6,2016,5.0,2.0,5.142857142857143,7.0,3.888888888888889,3.0,3.5454545454545454,6.0,5.0,3.0,3.533333333333333
2230470,2016-06-08,42,Automotive,2.0,0,51.23,0.0,0.0,0.0,0.0,0.0,0.0,0.0,0.0,0.0,0.0,0.0,8,2,6,2016,2.0,6.0,4.571428571428571,3.0,3.6666666666666665,6.0,3.1818181818181817,3.0,4.615384615384615,1.0,3.6
2232252,2016-06-09,42,Automotive,4.0,0,50.52,0.0,0.0,0.0,0.0,0.0,0.0,0.0,0.0,0.0,0.0,0.0,9,3,6,2016,5.0,2.0,4.571428571428571,0.0,4.555555555555555,6.0,3.4545454545454546,4.0,4.461538461538462,1.0,3.4
2234034,2016-06-10,42,Automotive,4.0,1,49.09,0.0,0.0,0.0,0.0,0.0,0.0,0.0,0.0,0.0,0.0,0.0,10,4,6,2016,3.0,6.0,4.0,10.0,4.777777777777778,3.0,3.6363636363636362,9.0,4.076923076923077,0.0,3.4
2235816,2016-06-11,42,Automotive,8.0,0,49.02333333333333,0.0,0.0,0.0,0.0,0.0,0.0,0.0,0.0,0.0,0.0,0.0,11,5,6,2016,2.0,5.0,4.428571428571429,2.0,4.777777777777778,2.0,4.363636363636363,12.0,3.923076923076923,1.0,2.933333333333333
2237598,2016-06-12,42,Automotive,6.0,1,48.95666666666667,0.0,0.0,0.0,0.0,0.0,0.0,0.0,0.0,0.0,0.0,0.0,12,6,6,2016,9.0,5.0,4.0,1.0,4.222222222222222,2.0,4.454545454545454,0.0,4.384615384615385,3.0,3.066666666666667
2239380,2016-06-13,42,Automotive,2.0,0,48.89,0.0,0.0,0.0,0.0,0.0,0.0,0.0,0.0,0.0,0.0,0.0,13,0,6,2016,7.0,2.0,4.0,9.0,4.555555555555555,2.0,4.454545454545454,6.0,4.6923076923076925,11.0,3.2666666666666666
2241162,2016-06-14,42,Automotive,4.0,0,48.49,0.0,0.0,0.0,0.0,0.0,0.0,0.0,0.0,0.0,0.0,0.0,14,1,6,2016,13.0,5.0,4.428571428571429,5.0,4.777777777777778,6.0,4.2727272727272725,2.0,4.3076923076923075,2.0,3.0
2242944,2016-06-15,42,Automotive,2.0,0,47.92,0.0,0.0,0.0,0.0,0.0,0.0,0.0,0.0,0.0,0.0,0.0,15,2,6,2016,6.0,3.0,4.714285714285714,6.0,4.333333333333333,7.0,3.909090909090909,0.0,4.3076923076923075,4.0,3.066666666666667
2244726,2016-06-16,42,Automotive,2.0,0,46.14,0.0,0.0,0.0,0.0,0.0,0.0,0.0,0.0,0.0,0.0,0.0,16,3,6,2016,1.0,2.0,5.857142857142857,2.0,4.666666666666667,10.0,4.0,4.0,4.153846153846154,2.0,3.2
2246508,2016-06-17,42,Automotive,4.0,1,48.0,0.0,0.0,0.0,0.0,0.0,0.0,0.0,0.0,0.0,0.0,0.0,17,4,6,2016,2.0,9.0,6.428571428571429,6.0,5.111111111111111,2.0,4.090909090909091,3.0,4.0,6.0,3.4
2248290,2016-06-18,42,Automotive,9.0,0,48.46666666666667,0.0,0.0,0.0,0.0,0.0,0.0,0.0,0.0,0.0,0.0,0.0,18,5,6,2016,5.0,7.0,5.857142857142857,2.0,4.333333333333333,3.0,4.363636363636363,8.0,3.6153846153846154,0.0,3.8666666666666667
2250072,2016-06-19,42,Automotive,7.0,0,48.93333333333333,0.0,0.0,0.0,0.0,0.0,0.0,0.0,0.0,0.0,0.0,0.0,19,6,6,2016,2.0,13.0,5.714285714285714,6.0,4.333333333333333,4.0,4.363636363636363,4.0,4.0,2.0,4.066666666666666
2251854,2016-06-20,42,Automotive,8.0,0,49.4,0.0,0.0,0.0,0.0,0.0,0.0,0.0,0.0,0.0,0.0,0.0,20,0,6,2016,9.0,6.0,6.142857142857143,5.0,4.0,2.0,3.8181818181818183,1.0,3.5384615384615383,9.0,4.466666666666667
2253636,2016-06-21,42,Automotive,6.0,1,48.95,0.0,0.0,0.0,0.0,0.0,0.0,0.0,0.0,0.0,0.0,0.0,21,1,6,2016,15.0,1.0,5.142857142857143,5.0,4.0,4.0,3.3636363636363638,3.0,3.6153846153846154,0.0,3.7333333333333334
2255418,2016-06-22,42,Automotive,0.0,0,49.16,0.0,0.0,0.0,0.0,0.0,0.0,0.0,0.0,0.0,0.0,0.0,22,2,6,2016,3.0,2.0,5.428571428571429,2.0,4.333333333333333,3.0,2.8181818181818183,2.0,3.769230769230769,4.0,3.8666666666666667
2257200,2016-06-23,42,Automotive,4.0,0,49.34,0.0,0.0,0.0,0.0,1.0,0.0,0.0,0.0,0.0,0.0,0.0,23,3,6,2016,2.0,5.0,5.714285714285714,5.0,4.888888888888889,5.0,3.0,7.0,4.0,3.0,3.7333333333333334
2258982,2016-06-24,42,Automotive,1.0,0,46.7,0.0,0.0,0.0,0.0,0.0,0.0,0.0,0.0,0.0,0.0,0.0,24,4,6,2016,2.0,2.0,5.285714285714286,3.0,5.666666666666667,2.0,3.272727272727273,7.0,4.0,4.0,4.733333333333333
2260764,2016-06-25,42,Automotive,4.0,1,46.4,0.0,0.0,0.0,0.0,2.0,0.0,1.0,0.0,0.0,0.0,0.0,25,5,6,2016,4.0,9.0,5.428571428571429,2.0,5.777777777777778,0.0,3.4545454545454546,5.0,4.153846153846154,7.0,5.0
2262546,2016-06-26,42,Automotive,10.0,1,46.1,0.0,0.0,0.0,0.0,0.0,0.0,0.0,0.0,0.0,0.0,0.0,26,6,6,2016,4.0,15.0,5.428571428571429,9.0,5.333333333333333,2.0,4.181818181818182,0.0,4.3076923076923075,4.0,5.333333333333333
2264328,2016-06-27,42,Automotive,5.0,0,45.8,0.0,0.0,0.0,0.0,0.0,0.0,0.0,0.0,0.0,0.0,0.0,27,0,6,2016,8.0,3.0,5.285714285714286,7.0,5.333333333333333,4.0,4.454545454545454,3.0,4.461538461538462,9.0,5.533333333333333
2266110,2016-06-28,42,Automotive,4.0,0,47.93,0.0,0.0,0.0,0.0,0.0,0.0,0.0,0.0,0.0,0.0,0.0,28,1,6,2016,6.0,2.0,5.571428571428571,13.0,5.333333333333333,4.0,4.454545454545454,2.0,4.615384615384615,0.0,4.933333333333334
2267892,2016-06-29,42,Automotive,5.0,0,49.85,0.0,0.0,0.0,0.0,0.0,0.0,0.0,0.0,0.0,0.0,0.0,29,2,6,2016,2.0,2.0,5.428571428571429,6.0,5.222222222222222,6.0,4.090909090909091,7.0,4.615384615384615,4.0,5.2
2269674,2016-06-30,42,Automotive,7.0,1,48.27,0.0,0.0,0.0,0.0,0.0,0.0,0.0,0.0,0.0,0.0,0.0,30,3,6,2016,4.0,4.0,4.142857142857143,1.0,6.0,6.0,4.181818181818182,3.0,4.153846153846154,2.0,5.066666666666666
2271456,2016-07-01,42,Automotive,3.0,0,49.02,0.0,0.0,0.0,0.0,0.0,0.0,0.0,0.0,0.0,0.0,0.0,1,4,7,2016,2.0,4.0,4.0,2.0,6.666666666666667,10.0,4.7272727272727275,10.0,3.8461538461538463,17.0,5.2
2273238,2016-07-02,42,Automotive,7.0,1,48.447500000000005,0.0,0.0,0.0,0.0,0.0,0.0,0.0,0.0,0.0,0.0,0.0,2,5,7,2016,2.0,8.0,4.285714285714286,5.0,6.222222222222222,7.0,5.181818181818182,6.0,3.923076923076923,10.0,5.133333333333334
2275020,2016-07-03,42,Automotive,7.0,0,47.875,0.0,0.0,0.0,0.0,2.0,0.0,0.0,0.0,0.0,0.0,0.0,3,6,7,2016,4.0,6.0,4.285714285714286,2.0,5.0,3.0,5.090909090909091,3.0,4.384615384615385,5.0,4.666666666666667
2276802,2016-07-04,42,Automotive,6.0,0,47.302499999999995,0.0,0.0,0.0,0.0,0.0,0.0,0.0,0.0,0.0,0.0,0.0,4,0,7,2016,9.0,2.0,4.0,9.0,4.555555555555555,1.0,4.7272727272727275,5.0,4.384615384615385,5.0,4.4
2278584,2016-07-05,42,Automotive,0.0,0,46.73,0.0,0.0,0.0,0.0,0.0,0.0,0.0,0.0,0.0,0.0,0.0,5,1,7,2016,7.0,4.0,4.0,15.0,4.888888888888889,3.0,5.090909090909091,2.0,4.384615384615385,0.0,3.8666666666666667
2280366,2016-07-06,42,Automotive,2.0,0,47.37,0.0,0.0,0.0,0.0,0.0,0.0,0.0,0.0,0.0,0.0,0.0,6,2,7,2016,8.0,2.0,4.142857142857143,3.0,5.111111111111111,6.0,4.7272727272727275,1.0,4.0,4.0,4.0
2282148,2016-07-07,42,Automotive,0.0,0,45.22,0.0,0.0,0.0,0.0,0.0,0.0,0.0,0.0,0.0,0.0,0.0,7,3,7,2016,6.0,2.0,4.285714285714286,2.0,5.444444444444445,7.0,3.909090909090909,3.0,3.923076923076923,2.0,3.933333333333333
2283930,2016-07-08,42,Automotive,2.0,0,45.37,0.0,0.0,0.0,0.0,0.0,0.0,0.0,0.0,0.0,0.0,0.0,8,4,7,2016,0.0,4.0,5.142857142857143,2.0,5.888888888888889,3.0,4.090909090909091,6.0,3.6153846153846154,5.0,4.2
2285712,2016-07-09,42,Automotive,4.0,0,45.156666666666666,0.0,0.0,0.0,0.0,0.0,0.0,0.0,0.0,0.0,0.0,0.0,9,5,7,2016,4.0,9.0,5.428571428571429,4.0,5.111111111111111,0.0,4.2727272727272725,6.0,3.6923076923076925,3.0,3.466666666666667
2287494,2016-07-10,42,Automotive,3.0,0,44.94333333333333,0.0,0.0,0.0,0.0,0.0,0.0,0.0,0.0,0.0,0.0,0.0,10,6,7,2016,1.0,7.0,5.142857142857143,4.0,3.888888888888889,10.0,4.7272727272727275,3.0,4.230769230769231,0.0,2.8
2289276,2016-07-11,42,Automotive,4.0,0,44.73,0.0,0.0,0.0,0.0,0.0,0.0,0.0,0.0,0.0,0.0,0.0,11,0,7,2016,4.0,8.0,5.428571428571429,8.0,3.7777777777777777,2.0,4.636363636363637,2.0,4.0,0.0,2.533333333333333
2291058,2016-07-12,42,Automotive,4.0,0,46.82,0.0,0.0,0.0,0.0,0.0,0.0,0.0,0.0,0.0,0.0,0.0,12,1,7,2016,10.0,6.0,5.0,6.0,3.7777777777777777,1.0,4.636363636363637,2.0,4.076923076923077,1.0,2.2
2292840,2016-07-13,42,Automotive,0.0,0,44.87,0.0,0.0,0.0,0.0,0.0,0.0,0.0,0.0,0.0,0.0,0.0,13,2,7,2016,5.0,0.0,4.285714285714286,2.0,4.0,9.0,4.181818181818182,2.0,4.3076923076923075,2.0,2.2
2294622,2016-07-14,42,Automotive,1.0,0,45.64,0.0,0.0,0.0,0.0,0.0,0.0,0.0,0.0,0.0,0.0,0.0,14,3,7,2016,4.0,4.0,4.714285714285714,4.0,4.555555555555555,5.0,4.454545454545454,6.0,4.230769230769231,3.0,2.066666666666667
2296404,2016-07-15,42,Automotive,1.0,0,45.93,0.0,0.0,0.0,0.0,0.0,0.0,0.0,0.0,0.0,0.0,0.0,15,4,7,2016,5.0,1.0,4.285714285714286,2.0,4.888888888888889,6.0,4.909090909090909,7.0,4.076923076923077,6.0,2.066666666666667
2298186,2016-07-16,42,Automotive,5.0,0,45.696666666666665,0.0,0.0,0.0,0.0,0.0,0.0,0.0,0.0,0.0,0.0,0.0,16,5,7,2016,7.0,4.0,4.0,2.0,4.888888888888889,2.0,4.454545454545454,10.0,3.8461538461538463,6.0,2.0
2299968,2016-07-17,42,Automotive,2.0,0,45.46333333333333,0.0,0.0,0.0,0.0,0.0,0.0,0.0,0.0,0.0,0.0,0.0,17,6,7,2016,3.0,10.0,4.714285714285714,4.0,4.888888888888889,6.0,4.454545454545454,2.0,4.0,0.0,1.8666666666666667
2301750,2016-07-18,42,Automotive,3.0,0,45.23,0.0,0.0,0.0,0.0,0.0,0.0,0.0,0.0,0.0,0.0,0.0,18,0,7,2016,7.0,5.0,5.142857142857143,9.0,4.666666666666667,2.0,4.818181818181818,3.0,4.0,1.0,2.2666666666666666
2303532,2016-07-19,42,Automotive,2.0,0,44.64,0.0,0.0,0.0,0.0,0.0,0.0,0.0,0.0,0.0,0.0,0.0,19,1,7,2016,7.0,4.0,5.428571428571429,7.0,4.666666666666667,6.0,4.2727272727272725,4.0,3.8461538461538463,0.0,2.3333333333333335
2305314,2016-07-20,42,Automotive,5.0,0,44.96,0.0,0.0,0.0,0.0,0.0,0.0,0.0,0.0,0.0,0.0,0.0,20,2,7,2016,6.0,5.0,5.857142857142857,8.0,4.555555555555555,5.0,4.0,2.0,3.8461538461538463,0.0,2.3333333333333335
2307096,2016-07-21,42,Automotive,2.0,0,43.96,0.0,0.0,0.0,0.0,0.0,0.0,0.0,0.0,0.0,0.0,0.0,21,3,7,2016,0.0,7.0,5.428571428571429,6.0,4.777777777777778,5.0,4.2727272727272725,4.0,3.6923076923076925,2.0,2.533333333333333
2308878,2016-07-22,42,Automotive,1.0,0,43.41,0.0,0.0,0.0,0.0,0.0,0.0,0.0,0.0,0.0,0.0,0.0,22,4,7,2016,2.0,3.0,5.571428571428571,0.0,5.444444444444445,2.0,4.7272727272727275,3.0,3.4615384615384617,2.0,2.3333333333333335
2310660,2016-07-23,42,Automotive,7.0,0,43.07333333333333,0.0,0.0,0.0,0.0,1.0,0.0,0.0,0.0,0.0,0.0,0.0,23,5,7,2016,0.0,7.0,5.0,4.0,5.0,5.0,5.363636363636363,5.0,3.1538461538461537,4.0,2.6666666666666665
2312442,2016-07-24,42,Automotive,4.0,0,42.736666666666665,1.0,0.0,0.0,0.0,0.0,0.0,0.0,0.0,0.0,1.0,0.0,24,6,7,2016,2.0,7.0,4.571428571428571,1.0,4.666666666666667,3.0,5.7272727272727275,2.0,3.4615384615384617,1.0,2.533333333333333
2314224,2016-07-25,42,Automotive,8.0,0,42.4,0.0,0.0,0.0,0.0,0.0,0.0,0.0,1.0,0.0,0.0,0.0,25,0,7,2016,4.0,6.0,3.5714285714285716,4.0,4.333333333333333,2.0,5.2727272727272725,0.0,4.0,6.0,2.8
2316006,2016-07-26,42,Automotive,3.0,0,42.16,0.0,0.0,0.0,0.0,0.0,0.0,0.0,0.0,0.0,0.0,0.0,26,1,7,2016,3.0,0.0,3.4285714285714284,10.0,4.444444444444445,9.0,5.0,2.0,4.230769230769231,1.0,3.2666666666666666
2317788,2016-07-27,42,Automotive,2.0,0,41.9,0.0,0.0,0.0,0.0,0.0,0.0,0.0,0.0,0.0,0.0,0.0,27,2,7,2016,4.0,2.0,3.0,5.0,4.777777777777778,7.0,5.0,4.0,4.3076923076923075,1.0,3.466666666666667
2319570,2016-07-28,42,Automotive,3.0,0,41.13,0.0,0.0,0.0,0.0,0.0,0.0,0.0,0.0,0.0,0.0,0.0,28,3,7,2016,4.0,0.0,2.4285714285714284,4.0,5.111111111111111,13.0,5.0,4.0,4.076923076923077,5.0,3.8
2321352,2016-07-29,42,Automotive,0.0,0,41.54,0.0,0.0,0.0,0.0,0.0,0.0,0.0,0.0,0.0,0.0,0.0,29,4,7,2016,0.0,2.0,2.142857142857143,5.0,5.777777777777778,6.0,5.363636363636363,6.0,4.076923076923077,0.0,3.8666666666666667
2323134,2016-07-30,42,Automotive,6.0,0,41.04333333333333,0.0,0.0,0.0,0.0,0.0,0.0,0.0,0.0,0.0,0.0,0.0,30,5,7,2016,1.0,4.0,2.7142857142857144,7.0,6.0,1.0,6.454545454545454,6.0,4.153846153846154,11.0,3.8666666666666667
2324916,2016-07-31,42,Automotive,7.0,0,40.54666666666667,0.0,0.0,0.0,0.0,0.0,0.0,0.0,0.0,0.0,0.0,0.0,31,6,7,2016,1.0,3.0,2.4285714285714284,3.0,4.888888888888889,2.0,6.545454545454546,10.0,4.538461538461538,4.0,3.933333333333333
2326698,2016-08-01,42,Automotive,5.0,0,40.05,0.0,0.0,0.0,0.0,0.0,0.0,0.0,0.0,0.0,0.0,0.0,1,0,8,2016,5.0,4.0,2.5714285714285716,7.0,4.555555555555555,5.0,5.909090909090909,7.0,4.769230769230769,4.0,4.066666666666666
2328480,2016-08-02,42,Automotive,4.0,0,39.5,0.0,0.0,0.0,0.0,0.0,0.0,0.0,0.0,0.0,0.0,0.0,2,1,8,2016,2.0,4.0,2.4285714285714284,7.0,4.111111111111111,2.0,5.454545454545454,3.0,4.615384615384615,8.0,4.066666666666666
2330262,2016-08-03,42,Automotive,3.0,0,40.8,0.0,0.0,0.0,0.0,0.0,0.0,0.0,0.0,0.0,0.0,0.0,3,2,8,2016,3.0,0.0,2.5714285714285716,6.0,3.7777777777777777,9.0,4.636363636363637,1.0,5.076923076923077,3.0,4.2
2332044,2016-08-04,42,Automotive,1.0,0,41.92,0.0,0.0,0.0,0.0,0.0,0.0,0.0,0.0,0.0,0.0,0.0,4,3,8,2016,2.0,1.0,2.4285714285714284,0.0,3.4444444444444446,15.0,4.454545454545454,3.0,4.923076923076923,5.0,4.4
2333826,2016-08-05,42,Automotive,8.0,0,41.83,0.0,0.0,0.0,0.0,1.0,0.0,0.0,0.0,0.0,0.0,0.0,5,4,8,2016,5.0,1.0,2.2857142857142856,2.0,3.4444444444444446,3.0,5.090909090909091,6.0,4.538461538461538,3.0,4.2
2335608,2016-08-06,42,Automotive,5.0,0,42.24,0.0,0.0,0.0,0.0,0.0,0.0,0.0,0.0,0.0,0.0,0.0,6,5,8,2016,2.0,5.0,2.0,0.0,3.111111111111111,2.0,5.454545454545454,7.0,4.769230769230769,2.0,4.266666666666667
2337390,2016-08-07,42,Automotive,5.0,0,42.65,0.0,0.0,0.0,0.0,0.0,0.0,0.0,0.0,0.0,0.0,0.0,7,6,8,2016,1.0,2.0,2.7142857142857144,2.0,2.7777777777777777,2.0,5.181818181818182,3.0,4.384615384615385,5.0,3.7333333333333334
2339172,2016-08-08,42,Automotive,1.0,0,43.06,0.0,0.0,0.0,0.0,0.0,0.0,0.0,0.0,0.0,0.0,0.0,8,0,8,2016,7.0,3.0,2.857142857142857,4.0,2.111111111111111,4.0,5.363636363636363,0.0,4.3076923076923075,3.0,4.0
2340954,2016-08-09,42,Automotive,2.0,0,42.78,0.0,0.0,0.0,0.0,0.0,0.0,0.0,0.0,0.0,0.0,0.0,9,1,8,2016,4.0,2.0,2.857142857142857,3.0,2.2222222222222223,4.0,4.7272727272727275,10.0,4.230769230769231,6.0,3.8666666666666667
2342736,2016-08-10,42,Automotive,6.0,0,41.75,0.0,0.0,0.0,0.0,0.0,0.0,0.0,0.0,1.0,0.0,0.0,10,2,8,2016,8.0,5.0,3.142857142857143,4.0,2.111111111111111,8.0,3.5454545454545454,2.0,4.615384615384615,3.0,3.6
2344518,2016-08-11,42,Automotive,5.0,0,43.51,0.0,0.0,0.0,0.0,0.0,0.0,0.0,0.0,0.0,0.0,0.0,11,3,8,2016,3.0,2.0,3.4285714285714284,4.0,2.6666666666666665,6.0,3.6363636363636362,1.0,4.538461538461538,4.0,3.6
2346300,2016-08-12,42,Automotive,7.0,0,44.47,0.0,0.0,0.0,0.0,0.0,0.0,0.0,0.0,0.0,0.0,1.0,12,4,8,2016,2.0,1.0,4.142857142857143,0.0,2.6666666666666665,2.0,4.2727272727272725,9.0,4.538461538461538,2.0,3.466666666666667
2348082,2016-08-13,42,Automotive,1.0,0,44.88666666666666,0.0,0.0,0.0,0.0,0.0,0.0,0.0,0.0,0.0,0.0,0.0,13,5,8,2016,3.0,7.0,4.285714285714286,1.0,2.5555555555555554,4.0,4.7272727272727275,5.0,4.384615384615385,1.0,3.6666666666666665
2349864,2016-08-14,42,Automotive,5.0,0,45.303333333333335,0.0,0.0,0.0,0.0,0.0,0.0,0.0,0.0,0.0,0.0,0.0,14,6,8,2016,0.0,4.0,3.857142857142857,1.0,2.4444444444444446,2.0,5.090909090909091,6.0,4.538461538461538,3.0,3.6666666666666665
2351646,2016-08-15,42,Automotive,2.0,0,45.72,0.0,0.0,0.0,0.0,1.0,0.0,0.0,0.0,0.0,0.0,0.0,15,0,8,2016,6.0,8.0,4.0,5.0,2.5555555555555554,2.0,5.2727272727272725,2.0,4.6923076923076925,8.0,3.8666666666666667
2353428,2016-08-16,42,Automotive,3.0,0,46.57,0.0,0.0,0.0,0.0,0.0,0.0,0.0,0.0,0.0,0.0,0.0,16,1,8,2016,7.0,3.0,3.857142857142857,2.0,2.3333333333333335,4.0,4.545454545454546,6.0,4.3076923076923075,2.0,3.6666666666666665
2355210,2016-08-17,42,Automotive,12.0,0,46.81,0.0,0.0,0.0,0.0,0.0,0.0,0.0,0.0,0.0,0.0,0.0,17,2,8,2016,5.0,2.0,3.7142857142857144,3.0,2.4444444444444446,9.0,4.363636363636363,2.0,4.384615384615385,4.0,3.7333333333333334
2356992,2016-08-18,42,Automotive,2.0,0,48.2,0.0,0.0,0.0,0.0,0.0,0.0,0.0,0.0,0.0,0.0,0.0,18,3,8,2016,4.0,3.0,4.142857142857143,2.0,3.111111111111111,7.0,4.2727272727272725,6.0,4.461538461538462,3.0,3.6
2358774,2016-08-19,42,Automotive,4.0,0,48.48,0.0,0.0,0.0,0.0,0.0,0.0,0.0,0.0,0.0,0.0,0.0,19,4,8,2016,3.0,0.0,3.7142857142857144,5.0,3.4444444444444446,8.0,4.2727272727272725,5.0,4.461538461538462,3.0,3.6666666666666665
2360556,2016-08-20,42,Automotive,7.0,0,47.919999999999995,0.0,0.0,0.0,0.0,0.0,0.0,0.0,0.0,0.0,0.0,0.0,20,5,8,2016,1.0,6.0,3.857142857142857,2.0,3.7777777777777777,6.0,5.0,5.0,4.615384615384615,6.0,4.0
2362338,2016-08-21,42,Automotive,7.0,0,47.36,0.0,0.0,0.0,0.0,0.0,0.0,0.0,0.0,0.0,0.0,0.0,21,6,8,2016,8.0,7.0,4.0,1.0,3.888888888888889,0.0,5.2727272727272725,2.0,5.153846153846154,2.0,4.066666666666666
2364120,2016-08-22,42,Automotive,7.0,0,46.8,0.0,0.0,0.0,0.0,0.0,0.0,0.0,0.0,0.0,0.0,0.0,22,0,8,2016,5.0,5.0,3.7142857142857144,7.0,3.7777777777777777,4.0,5.2727272727272725,5.0,5.461538461538462,8.0,4.0
2365902,2016-08-23,42,Automotive,4.0,0,47.54,0.0,0.0,0.0,0.0,0.0,0.0,0.0,0.0,0.0,0.0,0.0,23,1,8,2016,5.0,4.0,4.857142857142857,4.0,3.888888888888889,1.0,4.909090909090909,3.0,5.076923076923077,0.0,3.7333333333333334
2367684,2016-08-24,42,Automotive,4.0,0,46.29,0.0,0.0,0.0,0.0,1.0,0.0,0.0,0.0,0.0,0.0,0.0,24,2,8,2016,1.0,3.0,4.714285714285714,8.0,3.3333333333333335,4.0,4.909090909090909,2.0,5.076923076923077,7.0,4.066666666666666
2369466,2016-08-25,42,Automotive,4.0,0,46.97,0.0,0.0,0.0,0.0,0.0,0.0,0.0,0.0,0.0,0.0,0.0,25,3,8,2016,2.0,1.0,4.428571428571429,3.0,3.7777777777777777,10.0,4.454545454545454,9.0,5.0,1.0,3.933333333333333
2371248,2016-08-26,42,Automotive,3.0,0,47.64,0.0,0.0,0.0,0.0,0.0,0.0,0.0,0.0,0.0,0.0,0.0,26,4,8,2016,6.0,8.0,3.857142857142857,2.0,4.444444444444445,5.0,4.545454545454546,7.0,4.769230769230769,5.0,4.333333333333333
2373030,2016-08-27,42,Automotive,9.0,0,47.416666666666664,0.0,0.0,0.0,0.0,0.0,0.0,0.0,0.0,0.0,0.0,0.0,27,5,8,2016,5.0,5.0,3.5714285714285716,3.0,4.222222222222222,4.0,5.181818181818182,13.0,5.076923076923077,7.0,4.466666666666667
2374812,2016-08-28,42,Automotive,15.0,0,47.193333333333335,0.0,0.0,0.0,0.0,0.0,0.0,0.0,0.0,0.0,0.0,0.0,28,6,8,2016,7.0,5.0,4.0,0.0,4.222222222222222,5.0,5.363636363636363,6.0,6.076923076923077,2.0,4.2
2376594,2016-08-29,42,Automotive,5.0,0,46.97,0.0,0.0,0.0,0.0,0.0,0.0,0.0,0.0,0.0,0.0,0.0,29,0,8,2016,1.0,1.0,4.571428571428571,6.0,3.6666666666666665,7.0,5.2727272727272725,1.0,5.923076923076923,2.0,4.066666666666666
2378376,2016-08-30,42,Automotive,3.0,0,46.32,0.0,0.0,0.0,0.0,0.0,0.0,0.0,0.0,0.0,0.0,0.0,30,1,8,2016,5.0,2.0,4.428571428571429,7.0,3.4444444444444446,3.0,5.090909090909091,2.0,5.846153846153846,4.0,3.933333333333333
2380158,2016-08-31,42,Automotive,5.0,0,44.68,0.0,0.0,0.0,0.0,0.0,0.0,0.0,0.0,0.0,0.0,0.0,31,2,8,2016,2.0,6.0,3.857142857142857,5.0,4.111111111111111,7.0,4.181818181818182,5.0,5.846153846153846,7.0,4.133333333333334
2381940,2016-09-01,42,Automotive,6.0,0,43.17,0.0,0.0,0.0,0.0,0.0,0.0,0.0,0.0,0.0,0.0,0.0,1,3,9,2016,3.0,5.0,3.857142857142857,4.0,4.333333333333333,7.0,3.909090909090909,2.0,5.461538461538462,2.0,3.933333333333333
2383722,2016-09-02,42,Automotive,3.0,0,44.39,0.0,0.0,0.0,0.0,0.0,0.0,0.0,0.0,0.0,0.0,0.0,2,4,9,2016,12.0,7.0,4.0,3.0,4.888888888888889,6.0,3.909090909090909,9.0,5.230769230769231,9.0,4.466666666666667
2385504,2016-09-03,42,Automotive,7.0,0,44.505,0.0,0.0,0.0,0.0,0.0,0.0,0.0,0.0,0.0,0.0,0.0,3,5,9,2016,2.0,1.0,4.142857142857143,1.0,4.333333333333333,0.0,3.727272727272727,15.0,4.846153846153846,5.0,4.933333333333334
2387286,2016-09-04,42,Automotive,7.0,0,44.620000000000005,0.0,0.0,0.0,0.0,0.0,0.0,0.0,0.0,0.0,0.0,0.0,4,6,9,2016,4.0,5.0,5.0,8.0,3.7777777777777777,2.0,3.4545454545454546,3.0,4.846153846153846,2.0,4.466666666666667
2389068,2016-09-05,42,Automotive,4.0,0,44.735,0.0,0.0,0.0,0.0,0.0,0.0,0.0,0.0,0.0,0.0,0.0,5,0,9,2016,7.0,2.0,4.571428571428571,5.0,3.888888888888889,0.0,3.5454545454545454,2.0,4.923076923076923,0.0,4.733333333333333
2390850,2016-09-06,42,Automotive,1.0,0,44.85,0.0,0.0,0.0,0.0,0.0,0.0,0.0,0.0,0.0,0.0,0.0,6,1,9,2016,7.0,3.0,4.142857142857143,5.0,4.0,2.0,2.909090909090909,2.0,5.076923076923077,6.0,4.733333333333333
2392632,2016-09-07,42,Automotive,2.0,0,45.47,0.0,0.0,0.0,0.0,0.0,0.0,0.0,0.0,0.0,0.0,0.0,7,2,9,2016,7.0,12.0,5.0,1.0,4.444444444444445,4.0,2.3636363636363638,4.0,4.846153846153846,3.0,4.466666666666667
2394414,2016-09-08,42,Automotive,0.0,0,47.63,0.0,0.0,0.0,0.0,0.0,0.0,0.0,0.0,0.0,0.0,0.0,8,3,9,2016,4.0,2.0,5.285714285714286,2.0,4.444444444444445,3.0,1.9090909090909092,4.0,4.846153846153846,4.0,4.266666666666667
2396196,2016-09-09,42,Automotive,2.0,0,45.88,0.0,0.0,0.0,0.0,0.0,0.0,0.0,0.0,0.0,0.0,0.0,9,4,9,2016,4.0,4.0,6.0,6.0,4.111111111111111,4.0,2.3636363636363638,8.0,4.461538461538462,9.0,4.333333333333333
2397978,2016-09-10,42,Automotive,1.0,0,46.013333333333335,0.0,0.0,0.0,0.0,0.0,0.0,0.0,0.0,0.0,0.0,0.0,10,5,9,2016,4.0,7.0,6.142857142857143,5.0,3.7777777777777777,4.0,2.3636363636363638,6.0,4.0,12.0,4.266666666666667
2399760,2016-09-11,42,Automotive,4.0,0,46.14666666666667,0.0,0.0,0.0,0.0,0.0,0.0,0.0,0.0,0.0,0.0,0.0,11,6,9,2016,3.0,7.0,5.0,7.0,3.5555555555555554,0.0,2.6363636363636362,2.0,4.3076923076923075,0.0,4.2
2401542,2016-09-12,42,Automotive,0.0,0,46.28,0.0,0.0,0.0,0.0,0.0,0.0,0.0,0.0,0.0,0.0,0.0,12,0,9,2016,9.0,7.0,5.285714285714286,1.0,4.777777777777778,1.0,2.6363636363636362,4.0,4.769230769230769,6.0,4.133333333333334
2403324,2016-09-13,42,Automotive,0.0,0,44.91,0.0,0.0,0.0,0.0,0.0,0.0,0.0,0.0,0.0,0.0,0.0,13,1,9,2016,15.0,4.0,5.142857142857143,5.0,4.777777777777778,1.0,2.727272727272727,2.0,5.076923076923077,2.0,4.333333333333333
2405106,2016-09-14,42,Automotive,2.0,0,43.62,0.0,0.0,0.0,0.0,0.0,0.0,0.0,0.0,0.0,0.0,0.0,14,2,9,2016,5.0,4.0,5.428571428571429,2.0,4.555555555555555,5.0,2.6363636363636362,2.0,4.769230769230769,0.0,4.066666666666666
2406888,2016-09-15,42,Automotive,0.0,0,43.85,0.0,0.0,0.0,0.0,0.0,0.0,0.0,0.0,0.0,0.0,0.0,15,3,9,2016,3.0,4.0,6.571428571428571,3.0,4.777777777777778,2.0,2.3636363636363638,4.0,4.769230769230769,4.0,4.333333333333333
2408670,2016-09-16,42,Automotive,3.0,0,43.04,0.0,0.0,0.0,0.0,0.0,0.0,0.0,0.0,0.0,0.0,0.0,16,4,9,2016,5.0,3.0,6.285714285714286,12.0,4.777777777777778,3.0,2.6363636363636362,9.0,4.230769230769231,3.0,4.533333333333333
2410452,2016-09-17,42,Automotive,1.0,0,43.14,0.0,0.0,0.0,0.0,0.0,0.0,0.0,0.0,0.0,0.0,0.0,17,5,9,2016,6.0,9.0,6.142857142857143,2.0,5.444444444444445,2.0,3.0,7.0,4.076923076923077,8.0,4.266666666666667
2412234,2016-09-18,42,Automotive,1.0,0,43.24,0.0,0.0,0.0,0.0,0.0,0.0,0.0,0.0,0.0,0.0,0.0,18,6,9,2016,3.0,15.0,6.285714285714286,4.0,5.333333333333333,5.0,3.6363636363636362,8.0,4.6923076923076925,4.0,3.466666666666667
2414016,2016-09-19,42,Automotive,10.0,0,43.34,0.0,0.0,0.0,0.0,0.0,0.0,0.0,0.0,0.0,0.0,0.0,19,0,9,2016,7.0,5.0,6.571428571428571,7.0,5.555555555555555,2.0,3.8181818181818183,6.0,4.769230769230769,1.0,3.6666666666666665
2415798,2016-09-20,42,Automotive,1.0,0,43.85,0.0,0.0,0.0,0.0,0.0,0.0,0.0,0.0,0.0,0.0,0.0,20,1,9,2016,7.0,3.0,6.571428571428571,7.0,5.666666666666667,1.0,3.5454545454545454,0.0,4.923076923076923,3.0,3.4
2417580,2016-09-21,42,Automotive,2.0,0,45.33,0.0,0.0,0.0,0.0,0.0,0.0,0.0,0.0,0.0,0.0,0.0,21,2,9,2016,4.0,5.0,6.285714285714286,7.0,4.666666666666667,7.0,3.6363636363636362,4.0,5.153846153846154,2.0,3.7333333333333334
2419362,2016-09-22,42,Automotive,4.0,0,46.1,0.0,0.0,0.0,0.0,0.0,0.0,0.0,0.0,0.0,0.0,0.0,22,3,9,2016,1.0,6.0,5.142857142857143,4.0,5.444444444444445,4.0,3.3636363636363638,1.0,5.384615384615385,7.0,3.933333333333333
2421144,2016-09-23,42,Automotive,3.0,0,44.36,0.0,0.0,0.0,0.0,0.0,0.0,0.0,0.0,0.0,0.0,0.0,23,4,9,2016,2.0,3.0,5.0,4.0,6.666666666666667,8.0,3.727272727272727,4.0,4.923076923076923,7.0,4.333333333333333
2422926,2016-09-24,42,Automotive,6.0,0,44.77333333333333,0.0,0.0,0.0,0.0,0.0,0.0,0.0,0.0,0.0,0.0,0.0,24,5,9,2016,0.0,7.0,4.714285714285714,4.0,6.444444444444445,3.0,3.909090909090909,10.0,4.923076923076923,5.0,4.533333333333333
2424708,2016-09-25,42,Automotive,7.0,0,45.18666666666667,0.0,0.0,0.0,0.0,0.0,0.0,0.0,0.0,0.0,0.0,0.0,25,6,9,2016,2.0,7.0,4.285714285714286,3.0,6.0,2.0,4.181818181818182,5.0,4.846153846153846,0.0,4.2
2426490,2016-09-26,42,Automotive,4.0,0,45.6,0.0,0.0,0.0,0.0,0.0,0.0,0.0,0.0,0.0,0.0,0.0,26,0,9,2016,1.0,4.0,3.4285714285714284,9.0,5.777777777777778,3.0,4.454545454545454,4.0,4.846153846153846,3.0,4.266666666666667
2428272,2016-09-27,42,Automotive,4.0,0,44.65,0.0,0.0,0.0,0.0,0.0,0.0,0.0,0.0,0.0,0.0,0.0,27,1,9,2016,4.0,1.0,3.2857142857142856,15.0,6.0,0.0,4.090909090909091,5.0,4.846153846153846,2.0,4.333333333333333
2430054,2016-09-28,42,Automotive,6.0,0,47.07,0.0,0.0,0.0,0.0,1.0,0.0,0.0,0.0,0.0,0.0,0.0,28,2,9,2016,0.0,2.0,2.4285714285714284,5.0,5.888888888888889,6.0,3.8181818181818183,7.0,4.6923076923076925,7.0,4.2
2431836,2016-09-29,42,Automotive,2.0,0,47.72,0.0,0.0,0.0,0.0,0.0,0.0,0.0,0.0,0.0,0.0,0.0,29,3,9,2016,0.0,0.0,2.0,3.0,6.222222222222222,7.0,3.8181818181818183,3.0,4.615384615384615,3.0,4.266666666666667
2433618,2016-09-30,42,Automotive,5.0,0,47.72,0.0,0.0,0.0,0.0,0.0,0.0,0.0,0.0,0.0,0.0,0.0,30,4,9,2016,2.0,2.0,1.4285714285714286,5.0,6.666666666666667,5.0,4.0,7.0,4.461538461538462,10.0,4.2
2435400,2016-10-01,42,Automotive,3.0,0,48.08,0.0,0.0,0.0,0.0,0.0,0.0,0.0,0.0,0.0,0.0,0.0,1,5,10,2016,0.0,1.0,1.2857142857142858,6.0,6.111111111111111,4.0,4.2727272727272725,7.0,4.0,6.0,4.133333333333334
2437182,2016-10-02,42,Automotive,9.0,0,48.44,0.0,0.0,0.0,0.0,0.0,0.0,0.0,0.0,0.0,0.0,0.0,2,6,10,2016,3.0,4.0,1.2857142857142858,3.0,4.555555555555555,3.0,4.090909090909091,6.0,3.8461538461538463,3.0,4.0
2438964,2016-10-03,42,Automotive,1.0,0,48.8,0.0,0.0,0.0,0.0,0.0,0.0,0.0,0.0,0.0,0.0,0.0,3,0,10,2016,1.0,0.0,1.2857142857142858,7.0,4.222222222222222,1.0,4.2727272727272725,0.0,3.8461538461538463,5.0,4.133333333333334
2440746,2016-10-04,42,Automotive,3.0,0,48.67,0.0,0.0,0.0,0.0,0.0,0.0,0.0,0.0,0.0,0.0,0.0,4,1,10,2016,1.0,0.0,1.4285714285714286,7.0,3.888888888888889,8.0,4.2727272727272725,2.0,3.769230769230769,2.0,4.066666666666666
2442528,2016-10-05,42,Automotive,3.0,0,49.75,0.0,0.0,0.0,0.0,0.0,0.0,0.0,0.0,0.0,0.0,0.0,5,2,10,2016,10.0,2.0,1.4285714285714286,4.0,3.5555555555555554,5.0,4.090909090909091,0.0,3.230769230769231,1.0,4.066666666666666
2444310,2016-10-06,42,Automotive,0.0,0,50.44,0.0,0.0,0.0,0.0,0.0,0.0,0.0,0.0,0.0,0.0,0.0,6,3,10,2016,1.0,0.0,1.0,1.0,3.0,5.0,4.2727272727272725,2.0,3.076923076923077,3.0,4.0
2446092,2016-10-07,42,Automotive,2.0,0,49.76,0.0,0.0,0.0,0.0,1.0,0.0,0.0,0.0,0.0,0.0,0.0,7,4,10,2016,2.0,3.0,2.4285714285714284,2.0,3.111111111111111,1.0,4.0,4.0,2.6153846153846154,6.0,4.266666666666667
2447874,2016-10-08,42,Automotive,5.0,0,49.76,0.0,0.0,0.0,0.0,0.0,0.0,0.0,0.0,0.0,0.0,0.0,8,5,10,2016,4.0,1.0,2.5714285714285716,0.0,2.3333333333333335,2.0,4.181818181818182,3.0,2.4615384615384617,6.0,4.266666666666667
2449656,2016-10-09,42,Automotive,7.0,0,49.76,0.0,0.0,0.0,0.0,0.0,1.0,0.0,0.0,0.0,0.0,0.0,9,6,10,2016,3.0,1.0,2.5714285714285716,2.0,1.5555555555555556,6.0,4.2727272727272725,4.0,2.1538461538461537,3.0,4.0
2451438,2016-10-10,42,Automotive,1.0,0,49.76,0.0,0.0,0.0,0.0,0.0,0.0,0.0,0.0,0.0,0.0,0.0,10,0,10,2016,6.0,10.0,3.142857142857143,1.0,1.3333333333333333,5.0,3.8181818181818183,4.0,2.3846153846153846,2.0,4.0
2453220,2016-10-11,42,Automotive,1.0,0,50.72,0.0,0.0,0.0,0.0,0.0,0.0,0.0,0.0,0.0,0.0,0.0,11,1,10,2016,7.0,1.0,3.142857142857143,4.0,1.2222222222222223,7.0,4.454545454545454,0.0,2.3846153846153846,2.0,3.933333333333333
2455002,2016-10-12,42,Automotive,2.0,0,50.14,0.0,0.0,0.0,0.0,0.0,0.0,0.0,0.0,0.0,0.0,0.0,12,2,10,2016,4.0,2.0,3.857142857142857,0.0,1.3333333333333333,1.0,4.181818181818182,1.0,2.769230769230769,2.0,3.933333333333333
2456784,2016-10-13,42,Automotive,1.0,0,50.47,0.0,0.0,0.0,0.0,0.0,0.0,0.0,0.0,0.0,0.0,0.0,13,3,10,2016,4.0,4.0,4.714285714285714,0.0,1.4444444444444444,5.0,4.454545454545454,1.0,2.769230769230769,6.0,4.133333333333334
2458566,2016-10-14,42,Automotive,1.0,0,50.35,0.0,0.0,0.0,0.0,0.0,0.0,0.0,0.0,0.0,0.0,0.0,14,4,10,2016,6.0,3.0,3.857142857142857,2.0,1.3333333333333333,2.0,4.909090909090909,5.0,2.5384615384615383,7.0,4.133333333333334
2460348,2016-10-15,42,Automotive,8.0,0,50.223333333333336,0.0,0.0,0.0,0.0,0.0,0.0,0.0,0.0,0.0,0.0,0.0,15,5,10,2016,2.0,6.0,4.285714285714286,0.0,2.3333333333333335,3.0,5.0,2.0,2.8461538461538463,10.0,4.066666666666666
2462130,2016-10-16,42,Automotive,11.0,0,50.096666666666664,0.0,0.0,0.0,0.0,0.0,0.0,0.0,0.0,0.0,0.0,0.0,16,6,10,2016,5.0,7.0,4.857142857142857,3.0,2.0,12.0,5.181818181818182,3.0,2.8461538461538463,2.0,3.8
2463912,2016-10-17,42,Automotive,1.0,0,49.97,0.0,0.0,0.0,0.0,0.0,0.0,0.0,0.0,0.0,0.0,0.0,17,0,10,2016,3.0,4.0,4.571428571428571,1.0,2.2222222222222223,2.0,4.909090909090909,2.0,3.1538461538461537,3.0,3.6
2465694,2016-10-18,42,Automotive,3.0,0,50.3,0.0,0.0,0.0,0.0,0.0,0.0,0.0,0.0,0.0,0.0,0.0,18,1,10,2016,9.0,4.0,4.857142857142857,1.0,2.6666666666666665,4.0,5.181818181818182,5.0,3.3846153846153846,4.0,3.6
2467476,2016-10-19,42,Automotive,0.0,0,51.59,0.0,0.0,0.0,0.0,0.0,0.0,0.0,0.0,0.0,0.0,0.0,19,2,10,2016,1.0,6.0,4.428571428571429,10.0,2.7777777777777777,7.0,5.090909090909091,2.0,3.4615384615384617,2.0,3.7333333333333334
2469258,2016-10-20,42,Automotive,3.0,0,50.31,0.0,0.0,0.0,0.0,0.0,0.0,0.0,0.0,0.0,0.0,0.0,20,3,10,2016,3.0,2.0,4.714285714285714,1.0,3.4444444444444446,7.0,5.181818181818182,1.0,3.6153846153846154,4.0,3.8666666666666667
2471040,2016-10-21,42,Automotive,0.0,0,50.61,0.0,0.0,0.0,0.0,0.0,0.0,0.0,0.0,0.0,0.0,0.0,21,4,10,2016,3.0,5.0,4.285714285714286,2.0,3.888888888888889,7.0,5.7272727272727275,7.0,3.230769230769231,3.0,3.8666666666666667
2472822,2016-10-22,42,Automotive,8.0,0,50.46666666666667,0.0,0.0,0.0,0.0,0.0,0.0,0.0,0.0,0.0,0.0,0.0,22,5,10,2016,0.0,3.0,4.142857142857143,4.0,4.222222222222222,4.0,6.0,4.0,3.5384615384615383,5.0,3.8
2474604,2016-10-23,42,Automotive,5.0,0,50.32333333333333,0.0,0.0,0.0,0.0,0.0,0.0,0.0,0.0,0.0,0.0,0.0,23,6,10,2016,2.0,9.0,3.7142857142857144,3.0,4.555555555555555,4.0,6.2727272727272725,8.0,3.8461538461538463,2.0,3.8
2476386,2016-10-24,42,Automotive,7.0,0,50.18,0.0,0.0,0.0,0.0,0.0,0.0,0.0,0.0,0.0,0.0,0.0,24,0,10,2016,5.0,1.0,3.4285714285714284,6.0,4.111111111111111,4.0,6.181818181818182,3.0,4.076923076923077,0.0,4.133333333333334
2478168,2016-10-25,42,Automotive,9.0,0,49.45,0.0,0.0,0.0,0.0,0.0,0.0,0.0,0.0,0.0,0.0,0.0,25,1,10,2016,7.0,3.0,3.0,7.0,4.222222222222222,3.0,6.0,2.0,4.0,2.0,4.133333333333334
2479950,2016-10-26,42,Automotive,2.0,0,48.75,0.0,0.0,0.0,0.0,0.0,0.0,0.0,0.0,0.0,0.0,0.0,26,2,10,2016,1.0,3.0,3.2857142857142856,4.0,4.555555555555555,9.0,5.909090909090909,3.0,4.076923076923077,4.0,3.933333333333333
2481732,2016-10-27,42,Automotive,4.0,0,49.71,0.0,0.0,0.0,0.0,0.0,0.0,0.0,0.0,0.0,0.0,0.0,27,3,10,2016,1.0,0.0,3.0,4.0,4.444444444444445,15.0,5.545454545454546,0.0,4.076923076923077,4.0,4.0
2483514,2016-10-28,42,Automotive,4.0,0,48.72,0.0,0.0,0.0,0.0,0.0,0.0,0.0,0.0,0.0,0.0,0.0,28,4,10,2016,2.0,2.0,3.0,6.0,5.111111111111111,5.0,5.818181818181818,6.0,4.153846153846154,6.0,4.133333333333334
2485296,2016-10-29,42,Automotive,6.0,0,48.089999999999996,0.0,0.0,0.0,0.0,0.0,0.0,0.0,0.0,0.0,0.0,0.0,29,5,10,2016,1.0,5.0,2.7142857142857144,2.0,4.555555555555555,3.0,6.090909090909091,7.0,4.230769230769231,6.0,4.4
2487078,2016-10-30,42,Automotive,5.0,0,47.46,0.0,0.0,0.0,0.0,0.0,0.0,0.0,0.0,0.0,0.0,0.0,30,6,10,2016,1.0,7.0,2.5714285714285716,5.0,4.111111111111111,5.0,6.090909090909091,5.0,4.0,10.0,4.266666666666667
2488860,2016-10-31,42,Automotive,0.0,0,46.83,0.0,0.0,0.0,0.0,0.0,0.0,0.0,0.0,0.0,0.0,0.0,31,0,10,2016,8.0,1.0,2.7142857142857144,3.0,4.0,6.0,5.909090909090909,4.0,3.8461538461538463,7.0,4.133333333333334
2490642,2016-11-01,42,Automotive,3.0,0,46.66,0.0,0.0,0.0,0.0,0.0,0.0,0.0,0.0,0.0,0.0,0.0,1,1,11,2016,11.0,1.0,2.5714285714285716,9.0,3.5555555555555554,3.0,5.2727272727272725,3.0,3.8461538461538463,3.0,4.8
2492424,2016-11-02,42,Automotive,5.0,0,45.32,0.0,0.0,0.0,0.0,0.0,1.0,0.0,0.0,0.0,0.0,0.0,2,2,11,2016,1.0,2.0,3.0,1.0,3.111111111111111,7.0,3.909090909090909,1.0,4.076923076923077,1.0,4.8
2494206,2016-11-03,42,Automotive,5.0,0,44.66,0.0,0.0,0.0,0.0,0.0,1.0,0.0,0.0,0.0,0.0,0.0,3,3,11,2016,3.0,1.0,3.5714285714285716,3.0,3.4444444444444446,7.0,3.6363636363636362,8.0,4.461538461538462,3.0,4.6
2495988,2016-11-04,42,Automotive,4.0,0,44.07,0.0,0.0,1.0,0.0,0.0,0.0,0.0,0.0,0.0,0.0,0.0,4,4,11,2016,0.0,1.0,3.5714285714285716,3.0,3.6666666666666665,4.0,3.4545454545454546,5.0,4.538461538461538,6.0,4.933333333333334
2497770,2016-11-05,42,Automotive,2.0,0,44.34,0.0,0.0,0.0,0.0,0.0,0.0,0.0,0.0,0.0,0.0,0.0,5,5,11,2016,3.0,8.0,3.857142857142857,0.0,3.4444444444444446,1.0,3.3636363636363638,5.0,4.076923076923077,7.0,4.866666666666666
2499552,2016-11-06,42,Automotive,8.0,0,44.61,0.0,0.0,0.0,0.0,0.0,0.0,1.0,0.0,0.0,0.0,0.0,6,6,11,2016,0.0,11.0,3.5714285714285716,2.0,2.5555555555555554,2.0,2.8181818181818183,1.0,4.076923076923077,3.0,4.866666666666666
2501334,2016-11-07,42,Automotive,4.0,0,44.88,0.0,0.0,0.0,0.0,0.0,0.0,1.0,0.0,0.0,0.0,0.0,7,0,11,2016,8.0,1.0,3.857142857142857,5.0,2.6666666666666665,0.0,2.5454545454545454,2.0,3.923076923076923,0.0,4.333333333333333
2503116,2016-11-08,42,Automotive,5.0,0,44.96,0.0,0.0,0.0,0.0,0.0,0.0,0.0,0.0,0.0,0.0,0.0,8,1,11,2016,5.0,3.0,3.7142857142857144,7.0,2.4444444444444446,2.0,2.090909090909091,6.0,3.923076923076923,10.0,4.266666666666667
2504898,2016-11-09,42,Automotive,1.0,0,45.2,0.0,0.0,0.0,0.0,0.0,0.0,0.0,0.0,0.0,0.0,0.0,9,2,11,2016,7.0,0.0,3.7142857142857144,1.0,2.2222222222222223,1.0,1.4545454545454546,5.0,4.769230769230769,2.0,4.2
2506680,2016-11-10,42,Automotive,1.0,0,44.62,0.0,0.0,0.0,0.0,1.0,0.0,0.0,0.0,0.0,0.0,0.0,10,3,11,2016,9.0,3.0,2.857142857142857,1.0,3.111111111111111,4.0,1.3636363636363635,7.0,4.3076923076923075,1.0,4.533333333333333
2508462,2016-11-11,42,Automotive,2.0,0,43.39,0.0,0.0,0.0,0.0,1.0,0.0,0.0,0.0,0.0,0.0,0.0,11,4,11,2016,2.0,0.0,3.7142857142857144,2.0,4.111111111111111,0.0,1.3636363636363635,1.0,4.230769230769231,9.0,4.666666666666667
2510244,2016-11-12,42,Automotive,9.0,0,43.35666666666667,0.0,0.0,0.0,0.0,1.0,0.0,0.0,0.0,0.0,0.0,0.0,12,5,11,2016,4.0,8.0,4.571428571428571,1.0,3.6666666666666665,0.0,1.2727272727272727,5.0,4.384615384615385,5.0,4.6
2512026,2016-11-13,42,Automotive,3.0,0,43.32333333333333,0.0,0.0,0.0,0.0,0.0,0.0,0.0,0.0,0.0,0.0,0.0,13,6,11,2016,4.0,5.0,4.857142857142857,1.0,3.2222222222222223,2.0,2.1818181818181817,2.0,4.846153846153846,6.0,4.266666666666667
2513808,2016-11-14,42,Automotive,3.0,0,43.29,0.0,0.0,0.0,0.0,0.0,0.0,0.0,0.0,0.0,0.0,0.0,14,0,11,2016,6.0,7.0,5.0,8.0,3.111111111111111,0.0,2.090909090909091,3.0,5.230769230769231,2.0,4.4
2515590,2016-11-15,42,Automotive,4.0,0,45.86,0.0,0.0,0.0,0.0,0.0,0.0,0.0,0.0,0.0,0.0,0.0,15,1,11,2016,5.0,9.0,5.571428571428571,11.0,3.3333333333333335,3.0,2.1818181818181817,12.0,5.076923076923077,6.0,4.6
2517372,2016-11-16,42,Automotive,1.0,0,45.56,0.0,0.0,0.0,0.0,0.0,0.0,0.0,0.0,0.0,0.0,0.0,16,2,11,2016,0.0,2.0,5.285714285714286,1.0,3.111111111111111,1.0,2.1818181818181817,2.0,5.0,2.0,4.066666666666666
2519154,2016-11-17,42,Automotive,3.0,0,45.37,0.0,0.0,0.0,0.0,0.0,0.0,0.0,0.0,0.0,0.0,0.0,17,3,11,2016,3.0,4.0,5.285714285714286,3.0,3.888888888888889,1.0,2.4545454545454546,4.0,4.769230769230769,6.0,4.533333333333333
2520936,2016-11-18,42,Automotive,4.0,0,45.69,0.0,0.0,0.0,0.0,0.0,0.0,0.0,0.0,0.0,0.0,0.0,18,4,11,2016,5.0,4.0,4.285714285714286,0.0,4.333333333333333,10.0,3.0,7.0,4.923076923076923,5.0,4.933333333333334
2522718,2016-11-19,42,Automotive,2.0,0,46.28666666666666,0.0,0.0,0.0,0.0,0.0,0.0,0.0,0.0,0.0,0.0,0.0,19,5,11,2016,5.0,6.0,3.4285714285714284,3.0,4.222222222222222,1.0,3.4545454545454546,7.0,5.230769230769231,5.0,5.2
2524500,2016-11-20,42,Automotive,4.0,0,46.88333333333333,0.0,0.0,0.0,0.0,0.0,0.0,0.0,0.0,0.0,0.0,0.0,20,6,11,2016,4.0,5.0,3.857142857142857,0.0,4.0,2.0,3.8181818181818183,7.0,6.230769230769231,2.0,5.266666666666667
2526282,2016-11-21,42,Automotive,2.0,0,47.48,0.0,0.0,0.0,0.0,0.0,0.0,0.0,0.0,0.0,0.0,0.0,21,0,11,2016,2.0,0.0,4.0,8.0,4.111111111111111,4.0,3.909090909090909,4.0,6.384615384615385,5.0,4.933333333333334
2528064,2016-11-22,42,Automotive,4.0,0,48.07,0.0,0.0,0.0,0.0,0.0,0.0,0.0,0.0,0.0,0.0,0.0,22,1,11,2016,8.0,3.0,4.0,5.0,4.222222222222222,3.0,4.363636363636363,4.0,5.6923076923076925,3.0,4.933333333333334
2529846,2016-11-23,42,Automotive,2.0,0,46.72,0.0,0.0,0.0,0.0,0.0,0.0,0.0,0.0,0.0,0.0,0.0,23,2,11,2016,4.0,5.0,3.4285714285714284,7.0,4.666666666666667,6.0,4.454545454545454,4.0,5.923076923076923,2.0,4.866666666666666
2531628,2016-11-24,42,Automotive,7.0,0,46.72,0.0,0.0,0.0,0.0,0.0,0.0,0.0,0.0,0.0,0.0,0.0,24,3,11,2016,5.0,5.0,3.857142857142857,9.0,5.0,7.0,4.0,3.0,6.076923076923077,9.0,4.866666666666666
2533410,2016-11-25,42,Automotive,1.0,0,46.72,0.0,0.0,0.0,1.0,0.0,0.0,0.0,0.0,0.0,0.0,0.0,25,4,11,2016,1.0,4.0,4.428571428571429,2.0,5.555555555555555,4.0,4.181818181818182,9.0,5.769230769230769,7.0,5.066666666666666
2535192,2016-11-26,42,Automotive,4.0,0,46.36666666666667,0.0,0.0,0.0,0.0,0.0,0.0,0.0,0.0,0.0,0.0,0.0,26,5,11,2016,1.0,2.0,4.714285714285714,4.0,4.666666666666667,4.0,4.818181818181818,15.0,5.769230769230769,13.0,5.733333333333333
2536974,2016-11-27,42,Automotive,2.0,0,46.01333333333333,0.0,0.0,0.0,0.0,0.0,0.0,0.0,0.0,0.0,0.0,0.0,27,6,11,2016,2.0,8.0,4.142857142857143,4.0,4.444444444444445,6.0,4.545454545454546,5.0,5.769230769230769,6.0,5.6
2538756,2016-11-28,42,Automotive,3.0,0,45.66,0.0,0.0,0.0,1.0,0.0,0.0,0.0,0.0,0.0,0.0,0.0,28,0,11,2016,9.0,4.0,3.5714285714285716,6.0,4.222222222222222,2.0,4.545454545454546,3.0,5.769230769230769,1.0,5.6
2540538,2016-11-29,42,Automotive,4.0,0,45.29,0.0,0.0,0.0,0.0,0.0,0.0,0.0,0.0,0.0,0.0,0.0,29,1,11,2016,3.0,5.0,3.2857142857142856,5.0,3.7777777777777777,5.0,4.2727272727272725,5.0,5.538461538461538,2.0,5.4
2542320,2016-11-30,42,Automotive,0.0,0,49.41,0.0,0.0,0.0,0.0,0.0,0.0,0.0,0.0,0.0,0.0,0.0,30,2,11,2016,3.0,1.0,4.285714285714286,0.0,4.0,3.0,3.6363636363636362,6.0,5.384615384615385,5.0,5.466666666666667
2544102,2016-12-01,42,Automotive,4.0,0,51.08,0.0,0.0,0.0,0.0,0.0,0.0,0.0,0.0,0.0,0.0,0.0,1,3,12,2016,4.0,1.0,3.5714285714285716,3.0,3.7777777777777777,9.0,3.4545454545454546,3.0,5.153846153846154,2.0,5.6
2545884,2016-12-02,42,Automotive,3.0,0,51.7,0.0,0.0,0.0,0.0,0.0,0.0,0.0,0.0,0.0,0.0,0.0,2,4,12,2016,1.0,2.0,3.4285714285714284,5.0,4.222222222222222,1.0,3.5454545454545454,7.0,4.615384615384615,9.0,5.533333333333333
2547666,2016-12-03,42,Automotive,4.0,0,51.70666666666667,0.0,0.0,0.0,0.0,0.0,0.0,0.0,0.0,0.0,0.0,0.0,3,5,12,2016,3.0,9.0,3.2857142857142856,5.0,4.0,3.0,3.6363636363636362,7.0,3.5384615384615383,15.0,5.466666666666667
2549448,2016-12-04,42,Automotive,4.0,0,51.71333333333333,0.0,0.0,0.0,0.0,0.0,0.0,0.0,0.0,0.0,0.0,0.0,4,6,12,2016,4.0,3.0,3.2857142857142856,4.0,4.0,3.0,3.5454545454545454,4.0,3.4615384615384617,3.0,4.733333333333333
2551230,2016-12-05,42,Automotive,1.0,0,51.72,1.0,0.0,0.0,0.0,0.0,0.0,0.0,0.0,0.0,0.0,0.0,5,0,12,2016,2.0,3.0,3.5714285714285716,2.0,4.111111111111111,0.0,3.1818181818181817,1.0,3.230769230769231,2.0,4.6
2553012,2016-12-06,42,Automotive,1.0,0,50.95,0.0,0.0,0.0,0.0,1.0,0.0,0.0,0.0,0.0,0.0,0.0,6,1,12,2016,4.0,4.0,3.857142857142857,8.0,3.888888888888889,2.0,3.090909090909091,2.0,2.8461538461538463,2.0,4.666666666666667
2554794,2016-12-07,42,Automotive,3.0,0,49.85,0.0,0.0,0.0,0.0,0.0,0.0,0.0,0.0,0.0,0.0,0.0,7,2,12,2016,2.0,1.0,2.857142857142857,4.0,3.5555555555555554,5.0,2.3636363636363638,0.0,2.5384615384615383,4.0,4.666666666666667
2556576,2016-12-08,42,Automotive,1.0,0,50.84,0.0,0.0,0.0,0.0,1.0,0.0,0.0,0.0,0.0,0.0,0.0,8,3,12,2016,4.0,3.0,3.0,5.0,4.0,7.0,2.3636363636363638,2.0,2.3076923076923075,4.0,4.6
2558358,2016-12-09,42,Automotive,5.0,0,51.51,0.0,0.0,0.0,0.0,0.0,0.0,0.0,0.0,0.0,0.0,0.0,9,4,12,2016,2.0,4.0,2.857142857142857,1.0,3.888888888888889,1.0,2.8181818181818183,1.0,2.0,8.0,5.066666666666666
2560140,2016-12-10,42,Automotive,1.0,0,51.92,0.0,0.0,0.0,0.0,0.0,0.0,0.0,0.0,0.0,0.0,0.0,10,5,12,2016,7.0,2.0,2.857142857142857,1.0,4.0,1.0,3.5454545454545454,4.0,1.5384615384615385,6.0,4.933333333333334
2561922,2016-12-11,42,Automotive,2.0,0,52.33,0.0,0.0,0.0,0.0,0.0,0.0,0.0,0.0,0.0,0.0,0.0,11,6,12,2016,1.0,4.0,3.0,2.0,3.5555555555555554,2.0,3.6363636363636362,0.0,1.3076923076923077,2.0,4.466666666666667
2563704,2016-12-12,42,Automotive,3.0,0,52.74,0.0,0.0,0.0,0.0,0.0,0.0,0.0,0.0,0.0,0.0,0.0,12,0,12,2016,4.0,2.0,3.5714285714285716,9.0,3.2222222222222223,1.0,3.727272727272727,0.0,2.0,4.0,4.666666666666667
2565486,2016-12-13,42,Automotive,2.0,0,52.99,0.0,0.0,0.0,0.0,0.0,0.0,0.0,0.0,0.0,0.0,0.0,13,1,12,2016,2.0,4.0,3.142857142857143,3.0,3.0,1.0,3.272727272727273,2.0,1.9230769230769231,2.0,4.533333333333333
2567268,2016-12-14,42,Automotive,3.0,0,51.01,0.0,0.0,0.0,0.0,0.0,0.0,0.0,0.0,0.0,0.0,0.0,14,2,12,2016,3.0,2.0,3.4285714285714284,3.0,3.3333333333333335,8.0,2.909090909090909,0.0,2.076923076923077,2.0,4.666666666666667
2569050,2016-12-15,42,Automotive,2.0,0,50.9,0.0,0.0,0.0,0.0,0.0,0.0,0.0,0.0,0.0,0.0,0.0,15,3,12,2016,4.0,7.0,3.142857142857143,4.0,3.4444444444444446,11.0,2.8181818181818183,3.0,2.230769230769231,4.0,4.466666666666667
2570832,2016-12-16,42,Automotive,2.0,0,51.93,0.0,0.0,0.0,0.0,0.0,0.0,0.0,0.0,0.0,0.0,0.0,16,4,12,2016,0.0,1.0,3.2857142857142856,1.0,3.6666666666666665,1.0,3.4545454545454546,1.0,2.3846153846153846,9.0,4.466666666666667
2572614,2016-12-17,42,Automotive,0.0,0,51.99666666666667,0.0,0.0,0.0,0.0,0.0,0.0,0.0,0.0,0.0,0.0,0.0,17,5,12,2016,4.0,4.0,3.2857142857142856,3.0,2.888888888888889,3.0,3.727272727272727,1.0,2.5384615384615383,7.0,4.6
2574396,2016-12-18,42,Automotive,7.0,0,52.06333333333333,0.0,0.0,0.0,0.0,0.0,0.0,0.0,0.0,0.0,0.0,0.0,18,6,12,2016,3.0,2.0,3.0,4.0,3.0,0.0,4.2727272727272725,10.0,3.076923076923077,8.0,4.533333333333333
2576178,2016-12-19,42,Automotive,6.0,0,52.13,0.0,0.0,0.0,0.0,0.0,0.0,0.0,0.0,0.0,0.0,0.0,19,0,12,2016,4.0,3.0,2.5714285714285716,2.0,2.888888888888889,3.0,5.0,1.0,3.3846153846153846,6.0,4.666666666666667
2577960,2016-12-20,42,Automotive,4.0,0,52.22,0.0,0.0,0.0,0.0,0.0,0.0,0.0,0.0,0.0,0.0,0.0,20,1,12,2016,4.0,4.0,2.857142857142857,4.0,3.2222222222222223,0.0,4.454545454545454,2.0,3.5384615384615383,0.0,4.733333333333333
2579742,2016-12-21,42,Automotive,2.0,0,51.44,0.0,1.0,0.0,0.0,0.0,0.0,0.0,0.0,0.0,0.0,0.0,21,2,12,2016,1.0,0.0,2.857142857142857,2.0,3.2222222222222223,8.0,3.8181818181818183,4.0,4.0,4.0,5.066666666666666
2581524,2016-12-22,42,Automotive,7.0,0,51.98,0.0,1.0,0.0,0.0,1.0,0.0,0.0,0.0,0.0,0.0,0.0,22,3,12,2016,1.0,4.0,3.142857142857143,4.0,3.3333333333333335,5.0,4.090909090909091,3.0,3.923076923076923,1.0,5.133333333333334
2583306,2016-12-23,42,Automotive,3.0,0,52.01,0.0,1.0,0.0,0.0,0.0,0.0,0.0,0.0,0.0,0.0,0.0,23,4,12,2016,3.0,3.0,2.857142857142857,2.0,3.111111111111111,7.0,4.363636363636363,6.0,4.230769230769231,4.0,5.333333333333333
2585088,2016-12-24,42,Automotive,7.0,0,52.2125,0.0,1.0,0.0,0.0,0.0,0.0,0.0,0.0,0.0,0.0,0.0,24,5,12,2016,1.0,4.0,2.4285714285714284,7.0,3.2222222222222223,9.0,4.818181818181818,7.0,4.384615384615385,10.0,5.2
2586870,2016-12-26,42,Automotive,6.0,0,52.6175,0.0,1.0,0.0,0.0,0.0,0.0,0.0,0.0,0.0,0.0,0.0,26,0,12,2016,5.0,4.0,2.857142857142857,1.0,3.2222222222222223,2.0,4.545454545454546,4.0,4.3076923076923075,5.0,5.133333333333334
2588652,2016-12-27,42,Automotive,3.0,0,52.82,0.0,0.0,0.0,0.0,0.0,0.0,0.0,0.0,0.0,0.0,0.0,27,1,12,2016,1.0,1.0,2.4285714285714284,4.0,3.0,4.0,4.818181818181818,4.0,4.3076923076923075,4.0,4.6
2590434,2016-12-28,42,Automotive,2.0,0,54.01,0.0,0.0,0.0,0.0,0.0,0.0,0.0,0.0,0.0,0.0,0.0,28,2,12,2016,2.0,1.0,2.7142857142857144,2.0,3.0,4.0,4.545454545454546,6.0,4.384615384615385,5.0,4.333333333333333
2592216,2016-12-29,42,Automotive,2.0,0,53.8,0.0,0.0,0.0,0.0,0.0,0.0,0.0,0.0,0.0,0.0,0.0,29,3,12,2016,3.0,3.0,2.2857142857142856,3.0,3.111111111111111,6.0,4.545454545454546,2.0,4.3076923076923075,7.0,4.333333333333333
2593998,2016-12-30,42,Automotive,0.0,0,53.75,0.0,0.0,0.0,0.0,0.0,0.0,0.0,0.0,0.0,0.0,0.0,30,4,12,2016,2.0,1.0,2.0,4.0,2.7777777777777777,5.0,4.2727272727272725,5.0,4.076923076923077,3.0,4.2
2595780,2016-12-31,42,Automotive,2.0,0,53.4025,0.0,1.0,0.0,0.0,0.0,0.0,0.0,0.0,0.0,0.0,0.0,31,5,12,2016,3.0,5.0,2.2857142857142856,0.0,3.111111111111111,0.0,3.6363636363636362,3.0,3.769230769230769,7.0,4.4
2599344,2017-01-02,42,Automotive,5.0,0,52.707499999999996,0.0,0.0,0.0,0.0,0.0,0.0,0.0,0.0,0.0,0.0,1.0,2,0,1,2017,2.0,1.0,2.4285714285714284,4.0,2.7777777777777777,3.0,4.181818181818182,9.0,3.6153846153846154,7.0,4.333333333333333
2601126,2017-01-03,42,Automotive,4.0,0,52.36,0.0,0.0,0.0,0.0,0.0,0.0,0.0,0.0,0.0,0.0,0.0,3,1,1,2017,2.0,2.0,2.4285714285714284,3.0,2.6666666666666665,5.0,4.181818181818182,1.0,3.8461538461538463,6.0,3.933333333333333
2602908,2017-01-04,42,Automotive,7.0,0,53.26,0.0,0.0,0.0,0.0,0.0,0.0,0.0,0.0,0.0,0.0,0.0,4,2,1,2017,0.0,3.0,2.5714285714285716,4.0,2.6666666666666665,5.0,4.2727272727272725,3.0,3.6153846153846154,0.0,3.8666666666666667
2604690,2017-01-05,42,Automotive,1.0,0,53.77,0.0,0.0,0.0,0.0,0.0,0.0,0.0,0.0,0.0,0.0,0.0,5,3,1,2017,7.0,2.0,2.142857142857143,4.0,2.3333333333333335,4.0,3.8181818181818183,3.0,3.230769230769231,2.0,3.6
2606472,2017-01-06,42,Automotive,2.0,0,53.98,0.0,0.0,0.0,0.0,0.0,0.0,0.0,0.0,0.0,0.0,0.0,6,4,1,2017,6.0,3.0,2.0,1.0,2.888888888888889,2.0,3.4545454545454546,0.0,3.230769230769231,0.0,3.3333333333333335
2608254,2017-01-07,42,Automotive,4.0,0,53.303333333333335,0.0,0.0,0.0,0.0,0.0,0.0,0.0,0.0,0.0,0.0,0.0,7,5,1,2017,4.0,2.0,2.7142857142857144,1.0,2.5555555555555554,8.0,3.6363636363636362,2.0,2.923076923076923,2.0,2.933333333333333
2610036,2017-01-08,42,Automotive,4.0,0,52.626666666666665,0.0,0.0,0.0,0.0,0.0,0.0,0.0,0.0,0.0,0.0,0.0,8,6,1,2017,2.0,2.0,3.142857142857143,3.0,2.4444444444444446,4.0,4.181818181818182,5.0,2.769230769230769,4.0,3.066666666666667
2611818,2017-01-09,42,Automotive,11.0,0,51.95,0.0,0.0,0.0,0.0,0.0,0.0,0.0,0.0,0.0,0.0,0.0,9,0,1,2017,7.0,0.0,3.4285714285714284,1.0,2.3333333333333335,5.0,4.0,7.0,2.6923076923076925,3.0,2.7333333333333334
2613600,2017-01-10,42,Automotive,2.0,0,50.82,0.0,0.0,0.0,0.0,0.0,0.0,0.0,0.0,0.0,0.0,0.0,10,1,1,2017,3.0,7.0,3.2857142857142856,5.0,2.111111111111111,1.0,3.8181818181818183,1.0,3.4615384615384617,4.0,2.466666666666667
2615382,2017-01-11,42,Automotive,2.0,0,52.19,0.0,0.0,0.0,0.0,0.0,0.0,0.0,0.0,0.0,0.0,0.0,11,2,1,2017,7.0,6.0,4.0,1.0,2.3333333333333335,1.0,3.8181818181818183,1.0,3.3076923076923075,4.0,2.2
2617164,2017-01-12,42,Automotive,3.0,0,53.01,0.0,0.0,0.0,0.0,0.0,0.0,0.0,0.0,0.0,0.0,0.0,12,3,1,2017,6.0,4.0,4.142857142857143,2.0,2.4444444444444446,2.0,3.727272727272727,2.0,3.3076923076923075,0.0,2.533333333333333
2618946,2017-01-13,42,Automotive,1.0,0,52.36,0.0,0.0,0.0,0.0,0.0,0.0,0.0,0.0,0.0,0.0,0.0,13,4,1,2017,3.0,2.0,5.142857142857143,3.0,2.3333333333333335,9.0,3.272727272727273,1.0,3.3076923076923075,1.0,2.533333333333333
2620728,2017-01-14,42,Automotive,5.0,0,52.3825,0.0,0.0,0.0,0.0,0.0,0.0,0.0,0.0,0.0,0.0,0.0,14,5,1,2017,2.0,7.0,5.0,2.0,2.2222222222222223,3.0,3.272727272727273,1.0,3.3846153846153846,1.0,2.6
2622510,2017-01-15,42,Automotive,7.0,0,52.405,0.0,0.0,0.0,0.0,0.0,0.0,0.0,0.0,0.0,0.0,0.0,15,6,1,2017,2.0,3.0,4.571428571428571,3.0,2.4444444444444446,3.0,3.0,8.0,3.0,5.0,2.933333333333333
2624292,2017-01-16,42,Automotive,1.0,0,52.4275,0.0,0.0,0.0,0.0,0.0,0.0,0.0,0.0,0.0,0.0,0.0,16,0,1,2017,0.0,7.0,4.285714285714286,2.0,3.0,4.0,3.272727272727273,11.0,3.076923076923077,2.0,2.933333333333333
2626074,2017-01-17,42,Automotive,8.0,0,52.45,0.0,0.0,0.0,0.0,0.0,0.0,0.0,0.0,0.0,0.0,0.0,17,1,1,2017,2.0,6.0,4.285714285714286,2.0,3.2222222222222223,1.0,3.3636363636363638,1.0,3.3846153846153846,3.0,3.2666666666666666
2627856,2017-01-18,42,Automotive,3.0,0,51.12,0.0,0.0,0.0,0.0,0.0,0.0,0.0,0.0,0.0,0.0,0.0,18,2,1,2017,5.0,3.0,3.2857142857142856,0.0,3.111111111111111,3.0,3.5454545454545454,3.0,3.8461538461538463,2.0,3.2
2629638,2017-01-19,42,Automotive,2.0,0,51.39,0.0,0.0,0.0,0.0,0.0,0.0,0.0,0.0,0.0,0.0,0.0,19,3,1,2017,4.0,2.0,3.142857142857143,7.0,3.6666666666666665,4.0,2.909090909090909,0.0,4.384615384615385,5.0,3.066666666666667
2631420,2017-01-20,42,Automotive,5.0,0,52.33,0.0,0.0,0.0,0.0,0.0,0.0,0.0,0.0,0.0,0.0,0.0,20,4,1,2017,7.0,2.0,2.857142857142857,6.0,3.6666666666666665,2.0,3.272727272727273,3.0,4.461538461538462,2.0,3.2666666666666666
2633202,2017-01-21,42,Automotive,4.0,0,52.47666666666667,0.0,0.0,0.0,0.0,0.0,0.0,0.0,0.0,0.0,0.0,0.0,21,5,1,2017,1.0,0.0,2.5714285714285716,4.0,4.222222222222222,4.0,3.090909090909091,0.0,4.6923076923076925,1.0,3.2
2634984,2017-01-22,42,Automotive,6.0,0,52.623333333333335,0.0,0.0,0.0,0.0,0.0,0.0,0.0,0.0,0.0,0.0,0.0,22,6,1,2017,2.0,2.0,3.142857142857143,2.0,4.666666666666667,2.0,3.090909090909091,8.0,4.384615384615385,7.0,3.533333333333333
2636766,2017-01-23,42,Automotive,1.0,0,52.77,0.0,0.0,0.0,0.0,0.0,0.0,0.0,0.0,0.0,0.0,0.0,23,0,1,2017,4.0,5.0,3.0,7.0,5.0,4.0,3.1818181818181817,5.0,4.0,4.0,3.6666666666666665
2638548,2017-01-24,42,Automotive,1.0,0,52.38,0.0,0.0,0.0,0.0,0.0,0.0,0.0,0.0,0.0,0.0,0.0,24,1,1,2017,4.0,4.0,3.0,3.0,4.444444444444445,2.0,3.1818181818181817,7.0,4.3076923076923075,8.0,3.8666666666666667
2640330,2017-01-25,42,Automotive,3.0,0,52.14,0.0,0.0,0.0,0.0,0.0,0.0,0.0,0.0,0.0,0.0,0.0,25,2,1,2017,11.0,7.0,3.5714285714285716,7.0,4.0,7.0,3.1818181818181817,9.0,4.076923076923077,3.0,3.933333333333333
2642112,2017-01-26,42,Automotive,1.0,0,53.24,0.0,0.0,0.0,0.0,0.0,0.0,0.0,0.0,0.0,0.0,0.0,26,3,1,2017,2.0,1.0,3.857142857142857,6.0,3.5555555555555554,1.0,3.0,2.0,4.3076923076923075,2.0,4.0
2643894,2017-01-27,42,Automotive,1.0,0,53.18,0.0,0.0,0.0,0.0,0.0,0.0,0.0,0.0,0.0,0.0,0.0,27,4,1,2017,2.0,2.0,4.714285714285714,3.0,3.5555555555555554,4.0,3.0,4.0,4.461538461538462,3.0,3.7333333333333334
2645676,2017-01-28,42,Automotive,3.0,0,52.99666666666667,0.0,0.0,0.0,0.0,0.0,0.0,0.0,0.0,0.0,0.0,0.0,28,5,1,2017,3.0,4.0,4.428571428571429,2.0,3.3333333333333335,2.0,3.090909090909091,4.0,4.846153846153846,0.0,4.133333333333334
2647458,2017-01-29,42,Automotive,8.0,0,52.81333333333333,0.0,0.0,0.0,0.0,0.0,0.0,0.0,0.0,0.0,0.0,0.0,29,6,1,2017,1.0,4.0,3.7142857142857144,2.0,3.4444444444444446,3.0,3.090909090909091,6.0,4.538461538461538,6.0,4.4
2649240,2017-01-30,42,Automotive,4.0,0,52.63,0.0,0.0,0.0,0.0,0.0,0.0,0.0,0.0,0.0,0.0,0.0,30,0,1,2017,5.0,11.0,4.0,0.0,3.4444444444444446,4.0,3.272727272727273,5.0,4.3076923076923075,7.0,4.266666666666667
2651022,2017-01-31,42,Automotive,1.0,0,52.75,0.0,0.0,0.0,0.0,0.0,0.0,0.0,0.0,0.0,0.0,0.0,31,1,1,2017,7.0,2.0,3.857142857142857,2.0,2.888888888888889,0.0,2.727272727272727,0.0,4.384615384615385,5.0,4.066666666666666
2652804,2017-02-01,42,Automotive,4.0,0,53.9,0.0,0.0,0.0,0.0,0.0,0.0,0.0,0.0,0.0,0.0,0.0,1,2,2,2017,1.0,2.0,4.0,5.0,2.7777777777777777,4.0,2.727272727272727,3.0,4.0,4.0,3.6666666666666665
2654586,2017-02-02,42,Automotive,2.0,0,53.55,0.0,0.0,0.0,0.0,0.0,0.0,0.0,0.0,0.0,0.0,0.0,2,3,2,2017,8.0,3.0,4.428571428571429,4.0,3.0,3.0,2.6363636363636362,5.0,4.230769230769231,3.0,3.8666666666666667
2656368,2017-02-03,42,Automotive,1.0,0,53.81,0.0,0.0,0.0,0.0,0.0,0.0,0.0,0.0,0.0,0.0,0.0,3,4,2,2017,3.0,1.0,3.0,7.0,3.2222222222222223,4.0,2.5454545454545454,5.0,4.0,1.0,4.066666666666666
2658150,2017-02-04,42,Automotive,3.0,0,53.54333333333334,0.0,0.0,0.0,0.0,0.0,0.0,0.0,0.0,0.0,0.0,0.0,4,5,2,2017,2.0,5.0,3.857142857142857,1.0,4.444444444444445,4.0,2.727272727272727,4.0,3.769230769230769,8.0,4.333333333333333
2659932,2017-02-05,42,Automotive,5.0,0,53.276666666666664,0.0,0.0,0.0,0.0,0.0,0.0,0.0,0.0,0.0,0.0,0.0,5,6,2,2017,5.0,7.0,4.0,2.0,4.444444444444445,1.0,2.4545454545454546,2.0,3.4615384615384617,5.0,4.4
2661714,2017-02-06,42,Automotive,2.0,0,53.01,0.0,0.0,0.0,0.0,0.0,0.0,0.0,0.0,0.0,0.0,0.0,6,0,2,2017,4.0,1.0,3.857142857142857,4.0,4.111111111111111,1.0,2.6363636363636362,8.0,3.769230769230769,5.0,4.333333333333333
2663496,2017-02-07,42,Automotive,2.0,0,52.19,0.0,0.0,0.0,0.0,0.0,0.0,0.0,0.0,0.0,0.0,0.0,7,1,2,2017,6.0,8.0,4.428571428571429,4.0,4.0,3.0,2.5454545454545454,4.0,4.0,1.0,4.0
2665278,2017-02-08,42,Automotive,3.0,0,52.37,0.0,0.0,0.0,0.0,0.0,0.0,0.0,0.0,0.0,0.0,0.0,8,2,2,2017,1.0,3.0,4.285714285714286,11.0,3.3333333333333335,1.0,2.4545454545454546,5.0,4.0,2.0,3.8666666666666667
2667060,2017-02-09,42,Automotive,6.0,0,52.99,0.0,0.0,0.0,0.0,0.0,0.0,0.0,0.0,0.0,0.0,0.0,9,3,2,2017,1.0,2.0,4.142857142857143,2.0,3.7777777777777777,5.0,2.3636363636363638,1.0,3.923076923076923,6.0,4.4
2668842,2017-02-10,42,Automotive,5.0,0,53.84,0.0,0.0,0.0,0.0,0.0,0.0,0.0,0.0,0.0,0.0,0.0,10,4,2,2017,3.0,5.0,4.142857142857143,2.0,4.333333333333333,1.0,2.1818181818181817,1.0,3.6153846153846154,5.0,4.333333333333333
2670624,2017-02-11,42,Automotive,3.0,0,53.54666666666667,0.0,0.0,0.0,0.0,0.0,0.0,0.0,0.0,0.0,0.0,0.0,11,5,2,2017,1.0,4.0,3.142857142857143,3.0,4.0,2.0,2.272727272727273,2.0,3.5384615384615383,7.0,4.533333333333333
2672406,2017-02-12,42,Automotive,4.0,0,53.25333333333334,0.0,0.0,0.0,0.0,0.0,0.0,0.0,0.0,0.0,0.0,0.0,12,6,2,2017,1.0,6.0,3.142857142857143,1.0,4.444444444444445,3.0,2.1818181818181817,9.0,3.6923076923076925,1.0,4.466666666666667
2674188,2017-02-13,42,Automotive,5.0,0,52.96,0.0,0.0,0.0,0.0,0.0,0.0,0.0,0.0,0.0,0.0,0.0,13,0,2,2017,3.0,1.0,3.0,5.0,3.5555555555555554,2.0,2.5454545454545454,3.0,3.230769230769231,5.0,4.6
2675970,2017-02-14,42,Automotive,3.0,0,53.21,0.0,0.0,0.0,0.0,0.0,0.0,0.0,0.0,0.0,0.0,0.0,14,1,2,2017,8.0,1.0,2.4285714285714284,7.0,3.5555555555555554,3.0,3.0,3.0,3.230769230769231,2.0,4.733333333333333
2677752,2017-02-15,42,Automotive,3.0,0,53.11,0.0,0.0,0.0,0.0,0.0,0.0,0.0,0.0,0.0,0.0,0.0,15,2,2,2017,4.0,3.0,2.2857142857142856,1.0,3.888888888888889,2.0,2.909090909090909,4.0,3.0,3.0,4.933333333333334
2679534,2017-02-16,42,Automotive,3.0,0,53.41,0.0,0.0,0.0,0.0,0.0,0.0,0.0,0.0,0.0,0.0,0.0,16,3,2,2017,1.0,1.0,2.5714285714285716,8.0,4.0,2.0,3.0,1.0,3.230769230769231,12.0,5.066666666666666
2681316,2017-02-17,42,Automotive,2.0,0,53.41,0.0,0.0,0.0,0.0,0.0,0.0,0.0,0.0,0.0,0.0,0.0,17,4,2,2017,4.0,1.0,3.0,3.0,4.555555555555555,0.0,3.4545454545454546,3.0,3.3076923076923075,2.0,4.933333333333334
2683098,2017-02-18,42,Automotive,4.0,0,53.5625,0.0,0.0,0.0,0.0,0.0,0.0,0.0,0.0,0.0,0.0,0.0,18,5,2,2017,2.0,3.0,3.0,2.0,4.111111111111111,7.0,3.4545454545454546,4.0,3.6923076923076925,4.0,4.8
2684880,2017-02-19,42,Automotive,1.0,0,53.715,0.0,0.0,0.0,0.0,0.0,0.0,0.0,0.0,0.0,0.0,0.0,19,6,2,2017,1.0,8.0,3.142857142857143,5.0,3.4444444444444446,6.0,3.909090909090909,2.0,3.076923076923077,7.0,4.933333333333334
2686662,2017-02-20,42,Automotive,3.0,0,53.8675,0.0,0.0,0.0,0.0,0.0,0.0,0.0,0.0,0.0,0.0,0.0,20,0,2,2017,3.0,4.0,3.2857142857142856,4.0,3.6666666666666665,4.0,4.181818181818182,4.0,3.1538461538461537,7.0,5.866666666666666
2688444,2017-02-21,42,Automotive,3.0,0,54.02,0.0,0.0,0.0,0.0,0.0,0.0,0.0,0.0,0.0,0.0,0.0,21,1,2,2017,5.0,1.0,3.2857142857142856,6.0,2.888888888888889,2.0,4.2727272727272725,2.0,3.076923076923077,7.0,5.866666666666666
2690226,2017-02-22,42,Automotive,2.0,0,53.61,0.0,0.0,0.0,0.0,0.0,0.0,0.0,0.0,0.0,0.0,0.0,22,2,2,2017,2.0,4.0,3.2857142857142856,1.0,2.6666666666666665,7.0,4.2727272727272725,4.0,3.0,4.0,5.933333333333334
2692008,2017-02-23,42,Automotive,1.0,0,54.48,0.0,0.0,0.0,0.0,0.0,0.0,0.0,0.0,0.0,0.0,0.0,23,3,2,2017,2.0,2.0,2.857142857142857,1.0,2.7777777777777777,3.0,4.454545454545454,2.0,3.230769230769231,4.0,6.066666666666666
2693790,2017-02-24,42,Automotive,3.0,0,53.99,0.0,0.0,0.0,0.0,0.0,0.0,0.0,0.0,0.0,0.0,0.0,24,4,2,2017,3.0,1.0,2.5714285714285716,3.0,3.111111111111111,7.0,3.8181818181818183,7.0,3.0,4.0,5.666666666666667
2695572,2017-02-25,42,Automotive,5.0,0,54.00666666666667,0.0,0.0,0.0,0.0,0.0,0.0,0.0,0.0,0.0,0.0,0.0,25,5,2,2017,6.0,3.0,2.7142857142857144,1.0,3.111111111111111,6.0,3.4545454545454546,1.0,3.0,3.0,5.733333333333333
2697354,2017-02-26,42,Automotive,8.0,0,54.02333333333333,0.0,0.0,0.0,0.0,0.0,0.0,0.0,0.0,0.0,0.0,0.0,26,6,2,2017,5.0,5.0,2.5714285714285716,1.0,2.5555555555555554,3.0,3.5454545454545454,4.0,3.076923076923077,9.0,5.933333333333334
2699136,2017-02-27,42,Automotive,2.0,0,54.04,0.0,0.0,0.0,0.0,0.0,1.0,0.0,0.0,0.0,0.0,0.0,27,0,2,2017,3.0,2.0,3.142857142857143,3.0,2.888888888888889,2.0,3.727272727272727,2.0,3.076923076923077,15.0,5.933333333333334
2700918,2017-02-28,42,Automotive,9.0,0,54.0,0.0,0.0,0.0,0.0,0.0,1.0,0.0,0.0,0.0,0.0,0.0,28,1,2,2017,4.0,2.0,3.7142857142857144,8.0,3.0,2.0,3.727272727272727,3.0,3.230769230769231,5.0,5.733333333333333
2702700,2017-03-01,42,Automotive,8.0,0,53.82,0.0,0.0,0.0,0.0,0.0,0.0,0.0,0.0,0.0,0.0,0.0,1,2,3,2017,5.0,3.0,3.7142857142857144,4.0,2.7777777777777777,0.0,3.5454545454545454,4.0,3.0,3.0,5.333333333333333
2704482,2017-03-02,42,Automotive,3.0,0,52.63,0.0,0.0,0.0,0.0,1.0,0.0,0.0,0.0,0.0,0.0,0.0,2,3,3,2017,3.0,6.0,3.5714285714285716,1.0,3.0,2.0,3.090909090909091,0.0,2.923076923076923,5.0,5.2
2706264,2017-03-03,42,Automotive,2.0,0,53.33,0.0,0.0,0.0,0.0,0.0,0.0,0.0,0.0,0.0,0.0,0.0,3,4,3,2017,3.0,5.0,4.0,4.0,3.4444444444444446,5.0,2.909090909090909,4.0,2.6153846153846154,6.0,4.933333333333334
2708046,2017-03-04,42,Automotive,6.0,0,53.28333333333333,0.0,0.0,0.0,0.0,0.0,0.0,0.0,0.0,0.0,0.0,0.0,4,5,3,2017,3.0,3.0,4.142857142857143,2.0,3.3333333333333335,4.0,3.0,3.0,2.6153846153846154,3.0,4.8
2709828,2017-03-05,42,Automotive,10.0,0,53.236666666666665,0.0,0.0,0.0,0.0,0.0,0.0,0.0,0.0,0.0,0.0,0.0,5,6,3,2017,2.0,4.0,4.142857142857143,1.0,2.6666666666666665,7.0,3.8181818181818183,4.0,2.6923076923076925,7.0,4.666666666666667
2711610,2017-03-06,42,Automotive,12.0,0,53.19,0.0,0.0,0.0,0.0,0.0,0.0,0.0,0.0,0.0,0.0,0.0,6,0,3,2017,4.0,5.0,3.7142857142857144,3.0,2.5555555555555554,1.0,3.8181818181818183,4.0,2.6153846153846154,7.0,4.333333333333333
2713392,2017-03-07,42,Automotive,4.0,0,52.68,0.0,0.0,0.0,0.0,0.0,0.0,0.0,0.0,0.0,0.0,0.0,7,1,3,2017,1.0,3.0,3.2857142857142856,5.0,3.111111111111111,2.0,4.0,1.0,2.5384615384615383,4.0,3.3333333333333335
2715174,2017-03-08,42,Automotive,2.0,0,49.83,0.0,0.0,0.0,0.0,0.0,0.0,0.0,0.0,0.0,0.0,0.0,8,2,3,2017,3.0,3.0,3.4285714285714284,2.0,3.2222222222222223,4.0,4.090909090909091,1.0,2.4615384615384617,1.0,3.0
2716956,2017-03-09,42,Automotive,3.0,0,48.75,0.0,0.0,0.0,0.0,0.0,0.0,0.0,0.0,0.0,0.0,0.0,9,3,3,2017,3.0,3.0,3.0,2.0,3.3333333333333335,4.0,3.727272727272727,3.0,2.6153846153846154,2.0,2.933333333333333
2718738,2017-03-10,42,Automotive,2.0,0,48.05,0.0,0.0,0.0,0.0,0.0,0.0,0.0,0.0,0.0,0.0,0.0,10,4,3,2017,2.0,2.0,2.7142857142857144,3.0,3.6666666666666665,11.0,3.8181818181818183,1.0,2.5384615384615383,0.0,2.6
2720520,2017-03-11,42,Automotive,4.0,0,48.016666666666666,0.0,0.0,0.0,0.0,0.0,0.0,0.0,0.0,0.0,0.0,0.0,11,5,3,2017,1.0,4.0,2.7142857142857144,6.0,3.888888888888889,2.0,3.8181818181818183,5.0,2.4615384615384617,2.0,2.4
2722302,2017-03-12,42,Automotive,11.0,0,47.983333333333334,0.0,0.0,0.0,0.0,0.0,0.0,0.0,0.0,0.0,0.0,0.0,12,6,3,2017,3.0,1.0,2.5714285714285716,5.0,3.6666666666666665,2.0,3.8181818181818183,1.0,2.3076923076923075,1.0,2.2666666666666666
2724084,2017-03-13,42,Automotive,5.0,0,47.95,0.0,0.0,0.0,0.0,0.0,0.0,0.0,0.0,0.0,0.0,0.0,13,0,3,2017,5.0,3.0,2.2857142857142856,3.0,3.7777777777777777,3.0,4.363636363636363,2.0,2.0,4.0,1.8666666666666667
2725866,2017-03-14,42,Automotive,0.0,0,47.24,0.0,0.0,0.0,0.0,0.0,0.0,0.0,0.0,0.0,0.0,0.0,14,1,3,2017,8.0,3.0,2.4285714285714284,4.0,3.888888888888889,1.0,4.2727272727272725,3.0,2.4615384615384617,0.0,2.066666666666667
2727648,2017-03-15,42,Automotive,3.0,0,48.34,0.0,0.0,0.0,0.0,0.0,0.0,0.0,0.0,0.0,0.0,0.0,15,2,3,2017,2.0,2.0,2.5714285714285716,5.0,3.7777777777777777,5.0,4.090909090909091,2.0,2.8461538461538463,0.0,1.8666666666666667
2729430,2017-03-16,42,Automotive,8.0,0,48.3,0.0,0.0,0.0,0.0,0.0,0.0,0.0,0.0,0.0,0.0,0.0,16,3,3,2017,9.0,1.0,3.5714285714285716,3.0,3.5555555555555554,7.0,3.5454545454545454,3.0,2.923076923076923,2.0,1.9333333333333333
2731212,2017-03-17,42,Automotive,4.0,0,48.34,0.0,0.0,0.0,0.0,0.0,0.0,0.0,0.0,0.0,0.0,0.0,17,4,3,2017,8.0,3.0,3.4285714285714284,3.0,3.111111111111111,1.0,3.727272727272727,2.0,3.0,0.0,2.066666666666667
2732994,2017-03-18,42,Automotive,4.0,0,48.156666666666666,0.0,0.0,0.0,0.0,0.0,0.0,0.0,0.0,0.0,0.0,0.0,18,5,3,2017,3.0,5.0,4.285714285714286,3.0,3.111111111111111,8.0,4.090909090909091,2.0,3.1538461538461537,3.0,2.2666666666666666
2734776,2017-03-19,42,Automotive,5.0,0,47.973333333333336,0.0,0.0,0.0,0.0,0.0,0.0,0.0,0.0,0.0,0.0,0.0,19,6,3,2017,2.0,8.0,5.142857142857143,2.0,3.0,3.0,3.909090909090909,0.0,3.3076923076923075,1.0,2.533333333333333
2736558,2017-03-20,42,Automotive,3.0,0,47.79,0.0,0.0,0.0,0.0,0.0,0.0,0.0,0.0,0.0,0.0,0.0,20,0,3,2017,6.0,2.0,5.428571428571429,4.0,2.6666666666666665,2.0,3.909090909090909,7.0,3.6923076923076925,1.0,2.933333333333333
2738340,2017-03-21,42,Automotive,2.0,0,47.02,0.0,0.0,0.0,0.0,0.0,0.0,0.0,0.0,0.0,0.0,0.0,21,1,3,2017,10.0,9.0,5.285714285714286,1.0,2.4444444444444446,5.0,3.727272727272727,6.0,3.923076923076923,10.0,2.933333333333333
2740122,2017-03-22,42,Automotive,3.0,0,47.29,0.0,0.0,0.0,0.0,0.0,0.0,0.0,0.0,0.0,0.0,0.0,22,2,3,2017,12.0,8.0,5.428571428571429,3.0,2.4444444444444446,4.0,3.1818181818181817,4.0,4.0,1.0,3.2
2741904,2017-03-23,42,Automotive,2.0,0,47.0,0.0,0.0,0.0,0.0,0.0,0.0,0.0,0.0,0.0,0.0,0.0,23,3,3,2017,4.0,3.0,5.714285714285714,3.0,2.6666666666666665,6.0,3.1818181818181817,2.0,3.923076923076923,2.0,3.6
2743686,2017-03-24,42,Automotive,2.0,0,47.3,0.0,0.0,0.0,0.0,0.0,0.0,0.0,0.0,0.0,0.0,0.0,24,4,3,2017,2.0,2.0,7.142857142857143,2.0,3.3333333333333335,1.0,2.727272727272727,7.0,3.923076923076923,4.0,3.6
2745468,2017-03-25,42,Automotive,7.0,0,47.20666666666666,0.0,0.0,0.0,0.0,0.0,0.0,0.0,0.0,0.0,0.0,0.0,25,5,3,2017,3.0,6.0,6.428571428571429,1.0,3.111111111111111,1.0,3.1818181818181817,3.0,3.769230769230769,3.0,3.933333333333333
2747250,2017-03-26,42,Automotive,11.0,0,47.11333333333334,0.0,0.0,0.0,0.0,0.0,0.0,0.0,0.0,0.0,0.0,0.0,26,6,3,2017,2.0,10.0,5.571428571428571,3.0,4.0,3.0,3.3636363636363638,7.0,3.923076923076923,6.0,3.933333333333333
2749032,2017-03-27,42,Automotive,3.0,0,47.02,0.0,0.0,0.0,0.0,0.0,0.0,0.0,0.0,0.0,0.0,0.0,27,0,3,2017,4.0,12.0,5.571428571428571,5.0,4.555555555555555,1.0,3.0,6.0,3.769230769230769,7.0,4.466666666666667
2750814,2017-03-28,42,Automotive,7.0,0,48.36,0.0,0.0,0.0,0.0,0.0,0.0,0.0,0.0,0.0,0.0,0.0,28,1,3,2017,11.0,4.0,5.571428571428571,8.0,4.555555555555555,1.0,3.0,3.0,3.6153846153846154,4.0,4.466666666666667
2752596,2017-03-29,42,Automotive,2.0,0,49.47,0.0,0.0,0.0,0.0,0.0,0.0,0.0,0.0,0.0,0.0,0.0,29,2,3,2017,5.0,2.0,5.285714285714286,2.0,4.555555555555555,3.0,2.6363636363636362,2.0,3.8461538461538463,4.0,4.0
2754378,2017-03-30,42,Automotive,9.0,0,50.3,0.0,0.0,0.0,0.0,0.0,0.0,0.0,0.0,0.0,0.0,0.0,30,3,3,2017,0.0,3.0,5.428571428571429,9.0,5.111111111111111,8.0,2.6363636363636362,2.0,3.769230769230769,6.0,4.133333333333334
2756160,2017-03-31,42,Automotive,4.0,0,50.54,0.0,0.0,0.0,0.0,0.0,0.0,0.0,0.0,0.0,0.0,0.0,31,4,3,2017,3.0,2.0,4.428571428571429,8.0,5.888888888888889,4.0,2.8181818181818183,0.0,3.3846153846153846,2.0,4.0
2757942,2017-04-01,42,Automotive,9.0,0,50.443333333333335,0.0,0.0,0.0,0.0,0.0,0.0,1.0,0.0,0.0,0.0,0.0,1,5,4,2017,8.0,4.0,3.857142857142857,3.0,6.666666666666667,1.0,3.0,2.0,3.4615384615384617,5.0,3.8666666666666667
2759724,2017-04-02,42,Automotive,8.0,0,50.346666666666664,0.0,0.0,0.0,0.0,0.0,0.0,0.0,0.0,0.0,0.0,0.0,2,6,4,2017,4.0,11.0,4.0,2.0,6.222222222222222,4.0,3.090909090909091,5.0,3.230769230769231,3.0,4.0
2761506,2017-04-03,42,Automotive,5.0,0,50.25,0.0,0.0,0.0,0.0,0.0,0.0,0.0,0.0,0.0,0.0,0.0,3,0,4,2017,4.0,5.0,4.714285714285714,6.0,6.222222222222222,2.0,3.1818181818181817,4.0,3.6153846153846154,9.0,4.066666666666666
2763288,2017-04-04,42,Automotive,3.0,0,50.99,0.0,0.0,0.0,0.0,0.0,0.0,0.0,0.0,0.0,0.0,0.0,4,1,4,2017,5.0,0.0,5.0,10.0,5.555555555555555,1.0,3.1818181818181817,7.0,3.5384615384615383,1.0,3.6666666666666665
2765070,2017-04-05,42,Automotive,7.0,0,51.14,0.0,0.0,0.0,0.0,0.0,0.0,0.0,0.0,0.0,0.0,0.0,5,2,4,2017,3.0,3.0,5.0,12.0,4.888888888888889,3.0,3.0,1.0,3.5384615384615383,3.0,3.466666666666667
2766852,2017-04-06,42,Automotive,6.0,0,51.69,0.0,0.0,0.0,0.0,0.0,0.0,0.0,0.0,0.0,0.0,0.0,6,3,4,2017,2.0,8.0,4.142857142857143,4.0,5.0,5.0,3.090909090909091,2.0,3.6153846153846154,3.0,3.3333333333333335
2768634,2017-04-07,42,Automotive,8.0,0,52.25,0.0,0.0,0.0,0.0,0.0,0.0,0.0,0.0,0.0,0.0,0.0,7,4,4,2017,3.0,4.0,3.857142857142857,2.0,6.0,2.0,3.272727272727273,4.0,3.6923076923076925,0.0,3.0
2770416,2017-04-08,42,Automotive,15.0,0,52.52,0.0,0.0,0.0,0.0,0.0,0.0,0.0,0.0,0.0,0.0,0.0,8,5,4,2017,2.0,4.0,4.142857142857143,3.0,5.888888888888889,2.0,3.272727272727273,4.0,3.923076923076923,2.0,2.933333333333333
2772198,2017-04-09,42,Automotive,7.0,0,52.79,0.0,0.0,0.0,0.0,0.0,0.0,0.0,0.0,0.0,0.0,0.0,9,6,4,2017,2.0,5.0,4.142857142857143,2.0,4.777777777777778,3.0,3.5454545454545454,11.0,4.076923076923077,5.0,3.1333333333333333
2773980,2017-04-10,42,Automotive,2.0,0,53.06,0.0,0.0,0.0,0.0,0.0,0.0,0.0,0.0,0.0,0.0,0.0,10,0,4,2017,7.0,3.0,3.2857142857142856,4.0,3.7777777777777777,6.0,3.727272727272727,2.0,3.8461538461538463,7.0,3.6666666666666665
2775762,2017-04-11,42,Automotive,2.0,0,53.38,0.0,0.0,0.0,0.0,0.0,0.0,0.0,0.0,0.0,0.0,0.0,11,1,4,2017,11.0,2.0,3.0,11.0,4.222222222222222,5.0,3.727272727272727,2.0,3.923076923076923,1.0,3.1333333333333333
2777544,2017-04-12,42,Automotive,2.0,0,53.12,0.0,0.0,0.0,0.0,0.0,0.0,0.0,1.0,0.0,0.0,0.0,12,2,4,2017,3.0,3.0,3.4285714285714284,5.0,4.444444444444445,3.0,3.5454545454545454,3.0,4.076923076923077,1.0,3.2666666666666666
2779326,2017-04-13,42,Automotive,3.0,0,53.19,0.0,0.0,0.0,0.0,0.0,0.0,0.0,0.0,0.0,1.0,0.0,13,3,4,2017,7.0,2.0,4.285714285714286,0.0,4.555555555555555,4.0,3.5454545454545454,1.0,4.076923076923077,2.0,3.066666666666667
2781108,2017-04-14,42,Automotive,1.0,0,53.0475,0.0,0.0,0.0,0.0,1.0,1.0,0.0,0.0,0.0,0.0,0.0,14,4,4,2017,2.0,2.0,4.285714285714286,3.0,4.888888888888889,5.0,3.727272727272727,5.0,4.153846153846154,1.0,3.066666666666667
2782890,2017-04-15,42,Automotive,6.0,0,52.905,0.0,0.0,0.0,0.0,0.0,0.0,0.0,0.0,0.0,0.0,0.0,15,5,4,2017,9.0,7.0,5.0,8.0,4.777777777777778,3.0,3.5454545454545454,7.0,4.153846153846154,1.0,3.066666666666667
2784672,2017-04-16,42,Automotive,5.0,0,52.762499999999996,0.0,0.0,0.0,0.0,0.0,0.0,0.0,0.0,0.0,0.0,0.0,16,6,4,2017,4.0,11.0,4.857142857142857,4.0,3.7777777777777777,3.0,3.272727272727273,1.0,3.769230769230769,8.0,3.466666666666667
2786454,2017-04-17,42,Automotive,6.0,0,52.62,0.0,0.0,0.0,0.0,0.0,0.0,0.0,0.0,0.0,0.0,0.0,17,0,4,2017,9.0,3.0,5.857142857142857,4.0,3.5555555555555554,3.0,3.090909090909091,8.0,3.6923076923076925,11.0,3.466666666666667
2788236,2017-04-18,42,Automotive,2.0,0,52.46,0.0,0.0,0.0,0.0,0.0,0.0,0.0,0.0,0.0,0.0,0.0,18,1,4,2017,8.0,7.0,6.142857142857143,5.0,3.7777777777777777,2.0,3.0,3.0,3.6153846153846154,1.0,3.466666666666667
2790018,2017-04-19,42,Automotive,0.0,0,50.49,0.0,0.0,0.0,0.0,0.0,0.0,0.0,0.0,0.0,0.0,0.0,19,2,4,2017,5.0,2.0,6.428571428571429,3.0,3.6666666666666665,4.0,2.727272727272727,2.0,3.6153846153846154,3.0,4.0
2791800,2017-04-20,42,Automotive,3.0,0,50.26,0.0,0.0,0.0,0.0,0.0,0.0,0.0,0.0,0.0,0.0,0.0,20,3,4,2017,3.0,9.0,6.0,2.0,3.5555555555555554,1.0,2.5454545454545454,5.0,3.6153846153846154,0.0,4.066666666666666
2793582,2017-04-21,42,Automotive,6.0,0,49.64,0.0,0.0,0.0,0.0,1.0,0.0,0.0,0.0,0.0,0.0,0.0,21,4,4,2017,7.0,4.0,6.285714285714286,3.0,4.333333333333333,3.0,2.727272727272727,4.0,3.3076923076923075,3.0,4.2
2795364,2017-04-22,42,Automotive,10.0,0,49.39333333333333,0.0,0.0,0.0,0.0,0.0,0.0,0.0,0.0,0.0,0.0,0.0,22,5,4,2017,6.0,9.0,5.714285714285714,2.0,4.222222222222222,3.0,3.1818181818181817,6.0,3.0,0.0,4.4
2797146,2017-04-23,42,Automotive,10.0,0,49.14666666666667,0.0,0.0,0.0,0.0,0.0,0.0,0.0,0.0,0.0,0.0,0.0,23,6,4,2017,8.0,8.0,6.428571428571429,2.0,4.444444444444445,2.0,3.090909090909091,1.0,3.5384615384615383,8.0,4.733333333333333
2798928,2017-04-24,42,Automotive,3.0,0,48.9,0.0,0.0,0.0,0.0,0.0,0.0,0.0,0.0,0.0,0.0,0.0,24,0,4,2017,15.0,5.0,6.0,7.0,4.333333333333333,1.0,3.727272727272727,1.0,3.230769230769231,5.0,4.533333333333333
2800710,2017-04-25,42,Automotive,1.0,0,49.22,0.0,0.0,0.0,0.0,0.0,0.0,0.0,0.0,0.0,0.0,0.0,25,1,4,2017,7.0,3.0,6.571428571428571,11.0,5.111111111111111,3.0,4.090909090909091,3.0,3.076923076923077,7.0,3.8
2802492,2017-04-26,42,Automotive,2.0,0,49.22,0.0,0.0,0.0,0.0,0.0,0.0,0.0,0.0,0.0,0.0,0.0,26,2,4,2017,2.0,7.0,7.428571428571429,3.0,5.222222222222222,5.0,4.2727272727272725,1.0,3.230769230769231,9.0,3.933333333333333
2804274,2017-04-27,42,Automotive,1.0,0,48.96,0.0,0.0,0.0,0.0,0.0,0.0,0.0,0.0,0.0,0.0,0.0,27,3,4,2017,2.0,6.0,7.285714285714286,7.0,6.0,8.0,4.181818181818182,1.0,3.0,2.0,4.066666666666666
2806056,2017-04-28,42,Automotive,5.0,0,49.31,0.0,0.0,0.0,0.0,0.0,0.0,0.0,0.0,0.0,0.0,0.0,28,4,4,2017,2.0,8.0,6.857142857142857,2.0,6.666666666666667,2.0,4.454545454545454,3.0,2.769230769230769,4.0,4.4
2807838,2017-04-29,42,Automotive,4.0,0,49.15,0.0,0.0,0.0,0.0,0.0,0.0,0.0,0.0,0.0,0.0,0.0,29,5,4,2017,3.0,15.0,6.714285714285714,9.0,6.444444444444445,9.0,5.181818181818182,8.0,2.5384615384615383,4.0,4.466666666666667
2809620,2017-04-30,42,Automotive,9.0,0,48.99,0.0,0.0,0.0,0.0,0.0,0.0,0.0,0.0,0.0,0.0,0.0,30,6,4,2017,1.0,7.0,6.0,4.0,5.555555555555555,8.0,6.181818181818182,4.0,2.8461538461538463,6.0,4.6
2811402,2017-05-01,42,Automotive,8.0,0,48.83,0.0,0.0,0.0,0.0,0.0,1.0,0.0,0.0,0.0,0.0,0.0,1,0,5,2017,6.0,2.0,5.571428571428571,9.0,6.0,3.0,6.2727272727272725,1.0,2.923076923076923,5.0,4.6
2813184,2017-05-02,42,Automotive,5.0,0,47.65,0.0,0.0,0.0,0.0,0.0,0.0,0.0,0.0,0.0,0.0,0.0,2,1,5,2017,5.0,2.0,4.571428571428571,8.0,5.888888888888889,2.0,6.0,4.0,2.8461538461538463,0.0,4.533333333333333
2814966,2017-05-03,42,Automotive,5.0,0,47.79,0.0,0.0,0.0,0.0,0.0,0.0,0.0,0.0,0.0,0.0,0.0,3,2,5,2017,6.0,2.0,3.2857142857142856,5.0,6.555555555555555,6.0,5.545454545454546,2.0,3.0,3.0,4.4
2816748,2017-05-04,42,Automotive,1.0,0,45.55,0.0,0.0,0.0,0.0,0.0,0.0,0.0,0.0,0.0,0.0,0.0,4,3,5,2017,2.0,3.0,3.0,3.0,7.222222222222222,10.0,5.545454545454546,1.0,3.3846153846153846,5.0,3.8666666666666667
2818530,2017-05-05,42,Automotive,2.0,0,46.23,0.0,0.0,0.0,0.0,0.0,0.0,0.0,0.0,0.0,0.0,0.0,5,4,5,2017,0.0,1.0,3.5714285714285716,7.0,7.555555555555555,12.0,5.090909090909091,3.0,3.5384615384615383,5.0,3.8
2820312,2017-05-06,42,Automotive,4.0,0,46.306666666666665,0.0,0.0,0.0,0.0,0.0,0.0,0.0,0.0,0.0,0.0,0.0,6,5,5,2017,3.0,6.0,3.5714285714285716,6.0,6.777777777777778,4.0,5.363636363636363,5.0,3.1538461538461537,4.0,3.6666666666666665
2822094,2017-05-07,42,Automotive,13.0,0,46.38333333333333,0.0,0.0,0.0,0.0,0.0,0.0,0.0,0.0,0.0,0.0,0.0,7,6,5,2017,6.0,5.0,3.2857142857142856,8.0,6.111111111111111,2.0,5.545454545454546,2.0,3.1538461538461537,2.0,4.0
2823876,2017-05-08,42,Automotive,7.0,0,46.46,0.0,0.0,0.0,0.0,0.0,0.0,0.0,0.0,0.0,0.0,0.0,8,0,5,2017,10.0,6.0,3.2857142857142856,15.0,5.777777777777778,3.0,5.363636363636363,2.0,3.4615384615384617,8.0,3.8
2825658,2017-05-09,42,Automotive,4.0,0,45.84,0.0,0.0,0.0,0.0,0.0,0.0,0.0,0.0,0.0,0.0,0.0,9,1,5,2017,10.0,2.0,4.0,7.0,5.777777777777778,2.0,5.090909090909091,3.0,3.3846153846153846,4.0,3.6666666666666665
2827440,2017-05-10,42,Automotive,5.0,0,47.28,0.0,0.0,0.0,0.0,0.0,0.0,0.0,0.0,0.0,0.0,0.0,10,2,5,2017,3.0,0.0,4.571428571428571,2.0,5.111111111111111,4.0,4.909090909090909,6.0,3.4615384615384617,5.0,3.933333333333333
2829222,2017-05-11,42,Automotive,1.0,0,47.81,0.0,0.0,0.0,0.0,0.0,0.0,0.0,0.0,0.0,0.0,0.0,11,3,5,2017,1.0,3.0,5.285714285714286,2.0,5.111111111111111,11.0,4.181818181818182,5.0,3.6153846153846154,1.0,3.8
2831004,2017-05-12,42,Automotive,1.0,0,47.83,0.0,0.0,0.0,0.0,1.0,0.0,0.0,0.0,0.0,0.0,0.0,12,4,5,2017,2.0,6.0,4.857142857142857,2.0,4.777777777777778,5.0,4.181818181818182,3.0,3.5384615384615383,1.0,3.6666666666666665
2832786,2017-05-13,42,Automotive,7.0,0,48.17333333333333,0.0,1.0,0.0,0.0,0.0,0.0,0.0,0.0,0.0,0.0,0.0,13,5,5,2017,1.0,10.0,4.714285714285714,3.0,3.7777777777777777,0.0,4.454545454545454,4.0,3.4615384615384617,2.0,3.6
2834568,2017-05-14,42,Automotive,10.0,0,48.516666666666666,0.0,0.0,0.0,1.0,0.0,0.0,0.0,0.0,0.0,0.0,0.0,14,6,5,2017,5.0,10.0,5.0,1.0,3.2222222222222223,3.0,4.454545454545454,5.0,3.3846153846153846,9.0,3.466666666666667
2836350,2017-05-15,42,Automotive,4.0,0,48.86,0.0,0.0,0.0,0.0,0.0,0.0,0.0,0.0,0.0,0.0,0.0,15,0,5,2017,4.0,3.0,4.714285714285714,6.0,3.0,8.0,4.454545454545454,3.0,3.4615384615384617,3.0,3.6
2838132,2017-05-16,42,Automotive,2.0,0,48.64,0.0,0.0,0.0,0.0,0.0,0.0,0.0,0.0,0.0,0.0,0.0,16,1,5,2017,9.0,1.0,4.571428571428571,5.0,3.111111111111111,4.0,4.363636363636363,3.0,3.4615384615384617,3.0,3.2
2839914,2017-05-17,42,Automotive,2.0,0,49.04,0.0,0.0,0.0,0.0,0.0,0.0,0.0,0.0,0.0,0.0,0.0,17,2,5,2017,8.0,2.0,3.7142857142857144,6.0,3.5555555555555554,4.0,3.5454545454545454,3.0,3.1538461538461537,4.0,3.2
2841696,2017-05-18,42,Automotive,1.0,0,49.36,0.0,0.0,0.0,0.0,0.0,0.0,0.0,0.0,0.0,0.0,0.0,18,3,5,2017,5.0,1.0,3.5714285714285716,2.0,4.333333333333333,5.0,3.272727272727273,2.0,2.8461538461538463,1.0,3.0
2843478,2017-05-19,42,Automotive,0.0,0,50.32,0.0,0.0,0.0,0.0,0.0,0.0,0.0,0.0,0.0,0.0,0.0,19,4,5,2017,5.0,5.0,4.285714285714286,0.0,5.333333333333333,3.0,3.909090909090909,4.0,2.8461538461538463,3.0,3.4
2845260,2017-05-20,42,Automotive,7.0,0,50.483333333333334,0.0,0.0,0.0,0.0,0.0,0.0,0.0,0.0,0.0,0.0,0.0,20,5,5,2017,1.0,4.0,4.857142857142857,3.0,5.0,2.0,4.636363636363637,1.0,2.923076923076923,4.0,3.4
2847042,2017-05-21,42,Automotive,12.0,0,50.64666666666667,0.0,0.0,0.0,0.0,0.0,0.0,0.0,0.0,0.0,0.0,0.0,21,6,5,2017,2.0,9.0,5.285714285714286,6.0,4.555555555555555,3.0,4.181818181818182,3.0,3.1538461538461537,2.0,3.533333333333333
2848824,2017-05-22,42,Automotive,3.0,0,50.81,0.0,0.0,0.0,0.0,0.0,0.0,0.0,0.0,0.0,0.0,0.0,22,0,5,2017,4.0,8.0,5.285714285714286,10.0,4.111111111111111,2.0,4.454545454545454,3.0,3.076923076923077,4.0,3.066666666666667
2850606,2017-05-23,42,Automotive,2.0,0,51.12,0.0,0.0,0.0,0.0,0.0,0.0,0.0,0.0,0.0,0.0,0.0,23,1,5,2017,13.0,5.0,4.857142857142857,10.0,4.0,2.0,4.2727272727272725,2.0,3.5384615384615383,2.0,3.066666666666667
2852388,2017-05-24,42,Automotive,3.0,0,50.99,0.0,0.0,0.0,0.0,0.0,0.0,0.0,0.0,1.0,0.0,0.0,24,2,5,2017,7.0,5.0,4.857142857142857,3.0,4.555555555555555,7.0,4.636363636363637,1.0,3.923076923076923,4.0,3.1333333333333333
2854170,2017-05-25,42,Automotive,1.0,0,48.57,0.0,0.0,0.0,0.0,0.0,0.0,0.0,0.0,0.0,0.0,0.0,25,3,5,2017,4.0,1.0,5.428571428571429,1.0,4.666666666666667,11.0,4.7272727272727275,3.0,4.0,2.0,2.8666666666666667
2855952,2017-05-26,42,Automotive,7.0,0,49.58,0.0,0.0,0.0,0.0,0.0,0.0,0.0,0.0,0.0,0.0,1.0,26,4,5,2017,5.0,2.0,5.285714285714286,2.0,5.0,3.0,5.363636363636363,5.0,3.8461538461538463,7.0,3.066666666666667
2857734,2017-05-27,42,Automotive,4.0,0,49.5925,0.0,0.0,0.0,0.0,0.0,0.0,0.0,0.0,0.0,0.0,0.0,27,5,5,2017,1.0,4.0,5.142857142857143,1.0,4.777777777777778,7.0,5.818181818181818,8.0,4.230769230769231,1.0,3.066666666666667
2859516,2017-05-28,42,Automotive,6.0,0,49.605000000000004,0.0,0.0,0.0,0.0,0.0,0.0,0.0,0.0,0.0,0.0,0.0,28,6,5,2017,1.0,13.0,5.142857142857143,5.0,4.222222222222222,2.0,6.090909090909091,2.0,4.769230769230769,4.0,3.066666666666667
2861298,2017-05-29,42,Automotive,4.0,0,49.6175,0.0,0.0,0.0,0.0,0.0,0.0,0.0,0.0,0.0,0.0,0.0,29,0,5,2017,7.0,7.0,5.142857142857143,4.0,4.444444444444445,9.0,6.181818181818182,9.0,5.461538461538462,2.0,3.2
2863080,2017-05-30,42,Automotive,3.0,0,49.63,0.0,0.0,0.0,0.0,0.0,0.0,0.0,0.0,0.0,0.0,0.0,30,1,5,2017,10.0,4.0,5.0,9.0,4.444444444444445,4.0,6.181818181818182,8.0,5.615384615384615,3.0,3.0
2864862,2017-05-31,42,Automotive,1.0,0,48.29,0.0,0.0,0.0,0.0,0.0,0.0,0.0,0.0,0.0,0.0,0.0,31,2,5,2017,4.0,5.0,5.428571428571429,8.0,4.444444444444445,9.0,5.7272727272727275,3.0,5.6923076923076925,4.0,2.933333333333333
2866644,2017-06-01,42,Automotive,4.0,0,48.32,0.0,0.0,0.0,0.0,0.0,0.0,0.0,0.0,0.0,0.0,0.0,1,3,6,2017,2.0,1.0,5.0,5.0,4.777777777777778,8.0,6.181818181818182,2.0,5.6923076923076925,0.0,2.8666666666666667
2868426,2017-06-02,42,Automotive,6.0,0,47.68,0.0,0.0,0.0,0.0,0.0,0.0,0.0,0.0,0.0,0.0,0.0,2,4,6,2017,2.0,1.0,4.571428571428571,5.0,5.666666666666667,5.0,6.909090909090909,6.0,5.461538461538462,4.0,2.8
2870208,2017-06-03,42,Automotive,2.0,0,47.586666666666666,0.0,0.0,0.0,0.0,0.0,0.0,0.0,0.0,0.0,0.0,0.0,3,5,6,2017,1.0,7.0,4.285714285714286,1.0,6.0,3.0,7.363636363636363,10.0,5.153846153846154,3.0,2.6666666666666665
2871990,2017-06-04,42,Automotive,8.0,0,47.49333333333333,0.0,0.0,0.0,0.0,0.0,0.0,0.0,0.0,0.0,0.0,0.0,4,6,6,2017,0.0,10.0,3.857142857142857,2.0,5.444444444444445,7.0,6.7272727272727275,12.0,5.846153846153846,4.0,2.6666666666666665
2873772,2017-06-05,42,Automotive,2.0,0,47.4,0.0,0.0,0.0,0.0,0.0,0.0,0.0,0.0,0.0,0.0,0.0,5,0,6,2017,7.0,4.0,3.857142857142857,4.0,5.111111111111111,6.0,6.545454545454546,4.0,5.538461538461538,4.0,2.533333333333333
2875554,2017-06-06,42,Automotive,1.0,0,48.13,0.0,0.0,0.0,0.0,0.0,0.0,0.0,0.0,0.0,0.0,0.0,6,1,6,2017,12.0,2.0,3.7142857142857144,13.0,4.666666666666667,8.0,5.909090909090909,2.0,4.923076923076923,1.0,2.6
2877336,2017-06-07,42,Automotive,1.0,0,45.8,0.0,0.0,0.0,0.0,0.0,0.0,0.0,0.0,0.0,0.0,0.0,7,2,6,2017,3.0,2.0,3.7142857142857144,7.0,4.222222222222222,15.0,5.454545454545454,3.0,4.923076923076923,1.0,2.533333333333333
2879118,2017-06-08,42,Automotive,5.0,0,45.68,0.0,0.0,0.0,0.0,0.0,0.0,0.0,0.0,0.0,0.0,0.0,8,3,6,2017,2.0,1.0,4.0,4.0,4.888888888888889,7.0,5.090909090909091,2.0,5.384615384615385,3.0,2.466666666666667
2880900,2017-06-09,42,Automotive,2.0,0,45.82,0.0,0.0,0.0,0.0,0.0,0.0,0.0,0.0,0.0,0.0,0.0,9,4,6,2017,3.0,0.0,3.857142857142857,5.0,5.777777777777778,2.0,5.363636363636363,4.0,5.230769230769231,1.0,2.6
2882682,2017-06-10,42,Automotive,11.0,0,45.913333333333334,0.0,0.0,0.0,0.0,0.0,0.0,0.0,0.0,0.0,0.0,0.0,10,5,6,2017,1.0,7.0,3.857142857142857,1.0,5.777777777777778,2.0,5.181818181818182,11.0,4.769230769230769,5.0,2.466666666666667
2884464,2017-06-11,42,Automotive,7.0,0,46.00666666666667,0.0,0.0,0.0,0.0,0.0,0.0,0.0,0.0,0.0,0.0,0.0,11,6,6,2017,7.0,12.0,4.0,1.0,4.555555555555555,2.0,5.181818181818182,5.0,4.230769230769231,1.0,2.2666666666666666
2886246,2017-06-12,42,Automotive,2.0,0,46.1,0.0,0.0,0.0,0.0,0.0,0.0,0.0,0.0,0.0,0.0,0.0,12,0,6,2017,4.0,3.0,4.0,7.0,4.0,3.0,4.636363636363637,0.0,4.153846153846154,2.0,2.466666666666667
2888028,2017-06-13,42,Automotive,1.0,0,46.41,0.0,0.0,0.0,0.0,0.0,0.0,0.0,0.0,0.0,0.0,0.0,13,1,6,2017,6.0,2.0,5.0,10.0,3.6666666666666665,1.0,3.272727272727273,3.0,4.153846153846154,3.0,2.6
2889810,2017-06-14,42,Automotive,4.0,0,44.79,0.0,0.0,0.0,0.0,0.0,0.0,0.0,0.0,0.0,0.0,0.0,14,2,6,2017,4.0,3.0,4.571428571428571,4.0,3.111111111111111,6.0,2.909090909090909,8.0,4.153846153846154,2.0,2.8
2891592,2017-06-15,42,Automotive,4.0,0,44.47,0.0,0.0,0.0,0.0,0.0,0.0,0.0,0.0,0.0,0.0,0.0,15,3,6,2017,3.0,1.0,3.7142857142857144,2.0,3.7777777777777777,5.0,3.272727272727273,4.0,4.153846153846154,3.0,2.8666666666666667
2893374,2017-06-16,42,Automotive,3.0,0,44.73,0.0,0.0,0.0,0.0,0.0,0.0,0.0,0.0,0.0,0.0,0.0,16,4,6,2017,1.0,7.0,3.857142857142857,2.0,5.0,6.0,4.0,4.0,4.0,2.0,3.1333333333333333
2895156,2017-06-17,42,Automotive,3.0,0,44.56666666666666,0.0,0.0,0.0,0.0,0.0,0.0,0.0,0.0,0.0,0.0,0.0,17,5,6,2017,4.0,4.0,4.0,1.0,4.555555555555555,2.0,4.7272727272727275,5.0,3.6923076923076925,2.0,3.2666666666666666
2896938,2017-06-18,42,Automotive,0.0,0,44.403333333333336,0.0,0.0,0.0,0.0,0.0,0.0,0.0,0.0,0.0,0.0,0.0,18,6,6,2017,6.0,6.0,3.7142857142857144,0.0,3.6666666666666665,0.0,4.7272727272727275,3.0,4.153846153846154,0.0,3.4
2898720,2017-06-19,42,Automotive,3.0,0,44.24,0.0,0.0,0.0,0.0,0.0,0.0,0.0,0.0,0.0,0.0,0.0,19,0,6,2017,2.0,4.0,4.142857142857143,7.0,3.5555555555555554,3.0,4.7272727272727275,2.0,4.384615384615385,7.0,3.7333333333333334
2900502,2017-06-20,42,Automotive,3.0,0,43.34,0.0,0.0,0.0,0.0,0.0,0.0,0.0,0.0,0.0,0.0,0.0,20,1,6,2017,8.0,3.0,4.0,12.0,3.4444444444444446,6.0,4.363636363636363,3.0,4.6923076923076925,6.0,3.8
2902284,2017-06-21,42,Automotive,2.0,0,42.48,0.0,0.0,0.0,0.0,0.0,0.0,0.0,0.0,0.0,0.0,0.0,21,2,6,2017,2.0,1.0,3.7142857142857144,3.0,4.0,10.0,4.0,2.0,4.230769230769231,4.0,3.7333333333333334
2904066,2017-06-22,42,Automotive,0.0,0,42.53,0.0,0.0,0.0,0.0,0.0,0.0,0.0,0.0,0.0,0.0,0.0,22,3,6,2017,1.0,4.0,4.0,2.0,4.333333333333333,10.0,3.909090909090909,2.0,4.615384615384615,2.0,3.7333333333333334
2905848,2017-06-23,42,Automotive,1.0,0,42.86,0.0,0.0,0.0,0.0,1.0,0.0,0.0,0.0,0.0,0.0,0.0,23,4,6,2017,1.0,6.0,3.7142857142857144,3.0,5.0,3.0,4.090909090909091,7.0,4.615384615384615,7.0,3.533333333333333
2907630,2017-06-24,42,Automotive,5.0,0,42.986666666666665,0.0,0.0,0.0,0.0,0.0,0.0,0.0,0.0,0.0,0.0,0.0,24,5,6,2017,5.0,2.0,3.4285714285714284,1.0,4.666666666666667,1.0,4.909090909090909,11.0,4.923076923076923,3.0,3.533333333333333
2909412,2017-06-25,42,Automotive,4.0,0,43.11333333333334,0.0,0.0,0.0,0.0,2.0,0.0,1.0,0.0,0.0,0.0,0.0,25,6,6,2017,2.0,8.0,3.4285714285714284,7.0,3.6666666666666665,2.0,5.363636363636363,3.0,5.3076923076923075,7.0,3.7333333333333334
2911194,2017-06-26,42,Automotive,2.0,0,43.24,0.0,0.0,0.0,0.0,0.0,0.0,0.0,0.0,0.0,0.0,0.0,26,0,6,2017,11.0,2.0,3.5714285714285716,4.0,3.4444444444444446,1.0,5.2727272727272725,7.0,5.538461538461538,6.0,4.0
2912976,2017-06-27,42,Automotive,2.0,0,44.25,0.0,0.0,0.0,0.0,0.0,0.0,0.0,0.0,0.0,0.0,0.0,27,1,6,2017,7.0,1.0,3.0,6.0,3.6666666666666665,5.0,4.818181818181818,2.0,5.538461538461538,3.0,4.0
2914758,2017-06-28,42,Automotive,3.0,0,44.74,0.0,0.0,0.0,0.0,0.0,0.0,0.0,0.0,0.0,0.0,0.0,28,2,6,2017,2.0,1.0,4.285714285714286,4.0,4.0,4.0,4.0,9.0,5.923076923076923,2.0,3.6666666666666665
2916540,2017-06-29,42,Automotive,5.0,0,44.88,0.0,0.0,0.0,0.0,0.0,0.0,0.0,0.0,0.0,0.0,0.0,29,3,6,2017,1.0,5.0,4.142857142857143,3.0,4.111111111111111,9.0,3.909090909090909,4.0,6.230769230769231,2.0,3.533333333333333
2918322,2017-06-30,42,Automotive,9.0,0,46.02,0.0,0.0,0.0,0.0,0.0,0.0,0.0,0.0,0.0,0.0,0.0,30,4,6,2017,4.0,2.0,4.142857142857143,1.0,4.222222222222222,8.0,4.181818181818182,9.0,6.3076923076923075,0.0,3.6666666666666665
2920104,2017-07-01,42,Automotive,9.0,0,45.838,0.0,0.0,0.0,0.0,0.0,0.0,0.0,0.0,0.0,0.0,0.0,1,5,7,2017,4.0,11.0,4.142857142857143,4.0,4.0,5.0,5.181818181818182,8.0,6.615384615384615,2.0,3.466666666666667
2921886,2017-07-02,42,Automotive,7.0,0,45.656,0.0,0.0,0.0,0.0,0.0,0.0,0.0,0.0,0.0,0.0,0.0,2,6,7,2017,3.0,7.0,4.571428571428571,6.0,3.4444444444444446,5.0,5.7272727272727275,5.0,6.923076923076923,5.0,4.0
2923668,2017-07-03,42,Automotive,0.0,0,45.474000000000004,0.0,0.0,0.0,0.0,2.0,0.0,0.0,0.0,0.0,0.0,0.0,3,0,7,2017,3.0,2.0,4.428571428571429,2.0,3.111111111111111,1.0,5.636363636363637,3.0,6.538461538461538,4.0,3.6666666666666665
2925450,2017-07-04,42,Automotive,6.0,0,45.292,0.0,0.0,0.0,0.0,0.0,0.0,0.0,0.0,0.0,0.0,0.0,4,1,7,2017,0.0,1.0,4.571428571428571,8.0,3.3333333333333335,2.0,5.7272727272727275,7.0,6.538461538461538,7.0,3.4
2927232,2017-07-05,42,Automotive,1.0,0,45.11,0.0,0.0,0.0,0.0,0.0,0.0,0.0,0.0,0.0,0.0,0.0,5,2,7,2017,3.0,4.0,3.4285714285714284,2.0,3.4444444444444446,4.0,5.0,6.0,6.0,1.0,3.4
2929014,2017-07-06,42,Automotive,1.0,0,45.52,0.0,0.0,0.0,0.0,0.0,0.0,0.0,0.0,0.0,0.0,0.0,6,3,7,2017,3.0,4.0,2.4285714285714284,1.0,4.222222222222222,13.0,4.363636363636363,8.0,5.923076923076923,2.0,3.3333333333333335
2930796,2017-07-07,42,Automotive,3.0,0,44.25,0.0,0.0,0.0,0.0,0.0,0.0,0.0,0.0,0.0,0.0,0.0,7,4,7,2017,2.0,3.0,2.5714285714285716,1.0,4.333333333333333,7.0,4.545454545454546,15.0,5.3076923076923075,4.0,3.533333333333333
2932578,2017-07-08,42,Automotive,7.0,0,44.3,0.0,0.0,0.0,0.0,0.0,0.0,0.0,0.0,0.0,0.0,0.0,8,5,7,2017,0.0,3.0,2.857142857142857,5.0,4.333333333333333,4.0,5.0,7.0,5.153846153846154,4.0,4.0
2934360,2017-07-09,42,Automotive,4.0,0,44.35,0.0,0.0,0.0,0.0,0.0,0.0,0.0,0.0,0.0,0.0,0.0,9,6,7,2017,1.0,0.0,2.5714285714285716,2.0,3.5555555555555554,5.0,5.2727272727272725,2.0,5.153846153846154,11.0,3.933333333333333
2936142,2017-07-10,42,Automotive,3.0,0,44.4,0.0,0.0,0.0,0.0,0.0,0.0,0.0,0.0,0.0,0.0,0.0,10,0,7,2017,5.0,3.0,2.0,11.0,3.7777777777777777,1.0,5.2727272727272725,2.0,5.384615384615385,2.0,4.133333333333334
2937924,2017-07-11,42,Automotive,5.0,0,45.06,0.0,0.0,0.0,0.0,0.0,0.0,0.0,0.0,0.0,0.0,0.0,11,1,7,2017,4.0,3.0,1.7142857142857142,7.0,4.111111111111111,1.0,5.090909090909091,2.0,5.0,2.0,4.066666666666666
2939706,2017-07-12,42,Automotive,3.0,0,45.48,0.0,0.0,0.0,0.0,0.0,0.0,0.0,0.0,0.0,0.0,0.0,12,2,7,2017,2.0,2.0,2.0,2.0,4.333333333333333,7.0,4.0,3.0,4.538461538461538,3.0,3.7333333333333334
2941488,2017-07-13,42,Automotive,5.0,0,46.06,0.0,0.0,0.0,0.0,0.0,0.0,0.0,0.0,0.0,0.0,0.0,13,3,7,2017,2.0,0.0,2.5714285714285716,1.0,4.111111111111111,10.0,3.3636363636363638,1.0,4.153846153846154,1.0,4.0
2943270,2017-07-14,42,Automotive,4.0,0,46.53,0.0,0.0,0.0,0.0,0.0,0.0,0.0,0.0,0.0,0.0,0.0,14,4,7,2017,3.0,1.0,2.4285714285714284,4.0,3.888888888888889,4.0,3.6363636363636362,6.0,3.4615384615384617,5.0,4.133333333333334
2945052,2017-07-15,42,Automotive,8.0,0,46.36,0.0,0.0,0.0,0.0,0.0,0.0,0.0,0.0,0.0,0.0,0.0,15,5,7,2017,5.0,5.0,2.2857142857142856,4.0,3.0,2.0,4.2727272727272725,5.0,3.6923076923076925,7.0,4.266666666666667
2946834,2017-07-16,42,Automotive,2.0,0,46.190000000000005,0.0,0.0,0.0,0.0,0.0,0.0,0.0,0.0,0.0,0.0,0.0,16,6,7,2017,9.0,4.0,2.4285714285714284,3.0,2.5555555555555554,2.0,4.454545454545454,6.0,4.3076923076923075,1.0,4.066666666666666
2948616,2017-07-17,42,Automotive,5.0,0,46.02,0.0,0.0,0.0,0.0,0.0,0.0,0.0,0.0,0.0,0.0,0.0,17,0,7,2017,9.0,2.0,3.142857142857143,3.0,2.5555555555555554,1.0,4.545454545454546,2.0,4.384615384615385,8.0,3.4
2950398,2017-07-18,42,Automotive,3.0,0,46.4,0.0,0.0,0.0,0.0,0.0,0.0,0.0,0.0,0.0,0.0,0.0,18,1,7,2017,7.0,2.0,4.285714285714286,0.0,2.4444444444444446,0.0,4.181818181818182,0.0,4.3076923076923075,3.0,3.466666666666667
2952180,2017-07-19,42,Automotive,3.0,0,47.1,0.0,0.0,0.0,0.0,0.0,0.0,0.0,0.0,0.0,0.0,0.0,19,2,7,2017,0.0,3.0,4.857142857142857,3.0,2.111111111111111,7.0,3.3636363636363638,3.0,4.230769230769231,2.0,3.4
2953962,2017-07-20,42,Automotive,1.0,0,46.73,0.0,0.0,0.0,0.0,0.0,0.0,0.0,0.0,0.0,0.0,0.0,20,3,7,2017,6.0,5.0,5.285714285714286,3.0,2.2222222222222223,12.0,3.6363636363636362,6.0,4.230769230769231,5.0,3.2666666666666666
2955744,2017-07-21,42,Automotive,4.0,0,45.78,0.0,0.0,0.0,0.0,0.0,0.0,0.0,0.0,0.0,0.0,0.0,21,4,7,2017,1.0,9.0,5.0,2.0,2.3333333333333335,3.0,3.8181818181818183,10.0,4.153846153846154,4.0,3.4
2957526,2017-07-22,42,Automotive,6.0,0,45.92333333333333,0.0,0.0,0.0,0.0,0.0,0.0,0.0,0.0,0.0,0.0,0.0,22,5,7,2017,1.0,9.0,5.571428571428571,0.0,2.2222222222222223,2.0,4.181818181818182,10.0,4.076923076923077,6.0,3.6
2959308,2017-07-23,42,Automotive,4.0,0,46.06666666666667,0.0,0.0,0.0,0.0,1.0,0.0,0.0,0.0,0.0,0.0,0.0,23,6,7,2017,3.0,7.0,5.285714285714286,1.0,2.4444444444444446,3.0,4.454545454545454,3.0,4.3076923076923075,1.0,3.4
2961090,2017-07-24,42,Automotive,2.0,0,46.21,1.0,0.0,0.0,0.0,0.0,0.0,0.0,0.0,0.0,0.0,0.0,24,0,7,2017,7.0,0.0,4.714285714285714,5.0,2.4444444444444446,1.0,4.7272727272727275,1.0,4.769230769230769,1.0,3.4
2962872,2017-07-25,42,Automotive,4.0,0,47.77,1.0,0.0,0.0,0.0,0.0,0.0,0.0,0.0,0.0,0.0,0.0,25,1,7,2017,4.0,6.0,3.857142857142857,4.0,2.6666666666666665,7.0,4.181818181818182,2.0,5.153846153846154,3.0,3.1333333333333333
2964654,2017-07-26,42,Automotive,3.0,0,48.58,0.0,0.0,0.0,0.0,0.0,0.0,0.0,0.0,0.0,0.0,0.0,26,2,7,2017,3.0,1.0,3.5714285714285716,2.0,3.4444444444444446,4.0,3.4545454545454546,1.0,5.3076923076923075,1.0,3.066666666666667
2966436,2017-07-27,42,Automotive,1.0,0,49.05,0.0,0.0,0.0,0.0,0.0,0.0,0.0,0.0,0.0,0.0,0.0,27,3,7,2017,5.0,1.0,3.142857142857143,2.0,4.444444444444445,6.0,3.727272727272727,5.0,4.923076923076923,1.0,3.0
2968218,2017-07-28,42,Automotive,0.0,0,49.72,0.0,0.0,0.0,0.0,0.0,0.0,0.0,0.0,0.0,0.0,0.0,28,4,7,2017,3.0,3.0,3.5714285714285716,3.0,5.111111111111111,4.0,3.727272727272727,4.0,4.3076923076923075,3.0,2.8666666666666667
2970000,2017-07-29,42,Automotive,5.0,0,49.88333333333333,0.0,0.0,0.0,0.0,0.0,0.0,0.0,0.0,0.0,0.0,0.0,29,5,7,2017,5.0,7.0,3.4285714285714284,5.0,4.555555555555555,3.0,4.181818181818182,9.0,3.8461538461538463,8.0,2.933333333333333
2971782,2017-07-30,42,Automotive,7.0,0,50.04666666666667,0.0,0.0,0.0,0.0,0.0,0.0,0.0,0.0,0.0,0.0,0.0,30,6,7,2017,4.0,4.0,3.7142857142857144,9.0,4.777777777777778,1.0,4.2727272727272725,8.0,4.615384615384615,4.0,2.6666666666666665
2973564,2017-07-31,42,Automotive,2.0,0,50.21,0.0,0.0,0.0,0.0,0.0,0.0,0.0,0.0,0.0,0.0,0.0,31,0,7,2017,8.0,3.0,4.285714285714286,9.0,4.666666666666667,4.0,3.727272727272727,5.0,5.076923076923077,1.0,2.7333333333333334
2975346,2017-08-01,42,Automotive,2.0,0,49.19,0.0,0.0,0.0,0.0,0.0,0.0,0.0,0.0,0.0,0.0,0.0,1,1,8,2017,2.0,5.0,4.428571428571429,7.0,4.555555555555555,6.0,3.4545454545454546,5.0,5.230769230769231,4.0,2.8666666666666667
2977128,2017-08-02,42,Automotive,3.0,0,49.6,0.0,0.0,0.0,0.0,0.0,0.0,0.0,0.0,0.0,0.0,0.0,2,2,8,2017,5.0,3.0,4.571428571428571,0.0,4.555555555555555,2.0,3.3636363636363638,1.0,5.538461538461538,2.0,3.066666666666667
2978910,2017-08-03,42,Automotive,5.0,0,49.03,0.0,0.0,0.0,0.0,0.0,0.0,0.0,0.0,0.0,0.0,0.0,3,3,8,2017,3.0,5.0,4.285714285714286,6.0,4.777777777777778,8.0,3.1818181818181817,2.0,5.230769230769231,1.0,3.3333333333333335
2980692,2017-08-04,42,Automotive,1.0,0,49.57,0.0,0.0,0.0,0.0,0.0,0.0,0.0,0.0,0.0,0.0,0.0,4,4,8,2017,3.0,4.0,4.571428571428571,1.0,4.222222222222222,2.0,3.909090909090909,4.0,5.0,3.0,3.466666666666667
2982474,2017-08-05,42,Automotive,15.0,0,49.50333333333333,0.0,0.0,0.0,0.0,1.0,0.0,0.0,0.0,0.0,0.0,0.0,5,5,8,2017,1.0,8.0,4.285714285714286,1.0,3.5555555555555554,1.0,4.454545454545454,13.0,4.846153846153846,5.0,3.533333333333333
2984256,2017-08-06,42,Automotive,8.0,0,49.43666666666667,0.0,0.0,0.0,0.0,0.0,0.0,0.0,0.0,0.0,0.0,0.0,6,6,8,2017,4.0,2.0,4.285714285714286,3.0,3.3333333333333335,1.0,4.2727272727272725,7.0,5.0,2.0,3.3333333333333335
2986038,2017-08-07,42,Automotive,4.0,0,49.37,0.0,0.0,0.0,0.0,0.0,0.0,0.0,0.0,0.0,0.0,0.0,7,0,8,2017,6.0,5.0,3.7142857142857144,7.0,3.6666666666666665,5.0,3.8181818181818183,4.0,4.923076923076923,2.0,3.2666666666666666
2987820,2017-08-08,42,Automotive,2.0,0,49.07,0.0,0.0,0.0,0.0,0.0,0.0,0.0,0.0,0.0,0.0,0.0,8,1,8,2017,4.0,3.0,3.7142857142857144,4.0,3.5555555555555554,2.0,4.0,5.0,4.6923076923076925,3.0,3.4
2989602,2017-08-09,42,Automotive,3.0,0,49.59,0.0,0.0,0.0,0.0,0.0,0.0,0.0,0.0,0.0,0.0,0.0,9,2,8,2017,2.0,3.0,3.4285714285714284,3.0,3.888888888888889,11.0,3.6363636363636362,1.0,4.769230769230769,6.0,3.3333333333333335
2991384,2017-08-10,42,Automotive,1.0,0,48.54,0.0,0.0,0.0,0.0,0.0,0.0,0.0,0.0,1.0,0.0,0.0,10,3,8,2017,4.0,1.0,3.7142857142857144,5.0,4.666666666666667,7.0,3.727272727272727,1.0,4.6923076923076925,5.0,3.3333333333333335
2993166,2017-08-11,42,Automotive,4.0,0,48.81,0.0,0.0,0.0,0.0,0.0,0.0,0.0,0.0,0.0,0.0,1.0,11,4,8,2017,3.0,4.0,3.2857142857142856,3.0,4.555555555555555,2.0,3.909090909090909,7.0,4.384615384615385,3.0,3.533333333333333
2994948,2017-08-12,42,Automotive,1.0,0,48.403333333333336,0.0,0.0,0.0,0.0,0.0,0.0,0.0,0.0,0.0,0.0,0.0,12,5,8,2017,1.0,6.0,3.4285714285714284,5.0,4.333333333333333,1.0,3.8181818181818183,10.0,3.923076923076923,4.0,3.4
2996730,2017-08-13,42,Automotive,7.0,0,47.99666666666667,0.0,0.0,0.0,0.0,0.0,0.0,0.0,0.0,0.0,0.0,0.0,13,6,8,2017,0.0,4.0,3.4285714285714284,4.0,4.222222222222222,4.0,3.6363636363636362,4.0,4.3076923076923075,5.0,3.2666666666666666
2998512,2017-08-14,42,Automotive,5.0,0,47.59,0.0,0.0,0.0,0.0,0.0,0.0,0.0,0.0,0.0,0.0,0.0,14,0,8,2017,5.0,2.0,3.4285714285714284,8.0,4.222222222222222,4.0,3.727272727272727,2.0,4.230769230769231,3.0,3.3333333333333335
3000294,2017-08-15,42,Automotive,4.0,0,47.57,0.0,0.0,0.0,0.0,1.0,0.0,0.0,0.0,0.0,0.0,0.0,15,1,8,2017,7.0,4.0,2.857142857142857,2.0,3.7777777777777777,3.0,2.909090909090909,2.0,4.0,3.0,3.3333333333333335
