date,sales
2013-01-02,181.0
2013-01-03,138.0
2013-01-04,137.0
2013-01-05,178.0
2013-01-06,280.0
2013-01-07,120.0
2013-01-08,150.0
2013-01-09,150.0
2013-01-10,116.0
2013-01-11,99.0
2013-01-12,184.0
2013-01-13,249.0
2013-01-14,127.0
2013-01-15,115.0
2013-01-16,109.0
2013-01-17,135.0
2013-01-18,112.0
2013-01-19,179.0
2013-01-20,246.0
2013-01-21,116.0
2013-01-22,103.0
2013-01-23,99.0
2013-01-24,79.0
2013-01-25,91.0
2013-01-26,201.0
2013-01-27,265.0
2013-01-28,130.0
2013-01-29,122.0
2013-01-30,89.0
2013-01-31,110.0
2013-02-01,141.0
2013-02-02,239.0
2013-02-03,340.0
2013-02-04,159.0
2013-02-05,127.0
2013-02-06,88.0
2013-02-07,101.0
2013-02-08,113.0
2013-02-09,209.0
2013-02-10,157.0
2013-02-11,88.0
2013-02-12,89.0
2013-02-13,137.0
2013-02-14,99.0
2013-02-15,159.0
2013-02-16,232.0
2013-02-17,224.0
2013-02-18,112.0
2013-02-19,121.0
2013-02-20,156.0
2013-02-21,84.0
2013-02-22,108.0
2013-02-23,153.0
2013-02-24,207.0
2013-02-25,142.0
2013-02-26,124.0
2013-02-27,112.0
2013-02-28,96.0
2013-03-01,169.0
2013-03-02,229.0
2013-03-03,291.0
2013-03-04,141.0
2013-03-05,120.0
2013-03-06,154.0
2013-03-07,106.0
2013-03-08,92.0
2013-03-09,189.0
2013-03-10,203.0
2013-03-11,133.0
2013-03-12,124.0
2013-03-13,94.0
2013-03-14,84.0
2013-03-15,110.0
2013-03-16,189.0
2013-03-17,280.0
2013-03-18,148.0
2013-03-19,118.0
2013-03-20,140.0
2013-03-21,113.0
2013-03-22,114.0
2013-03-23,149.0
2013-03-24,173.0
2013-03-25,108.0
2013-03-26,98.0
2013-03-27,87.0
2013-03-28,83.0
2013-03-29,130.0
2013-03-30,165.0
2013-03-31,212.0
2013-04-01,207.0
2013-04-02,149.0
2013-04-03,156.0
2013-04-04,146.0
2013-04-05,142.0
2013-04-06,257.0
2013-04-07,352.0
2013-04-08,171.0
2013-04-09,118.0
2013-04-10,120.0
2013-04-11,177.0
2013-04-12,183.0
2013-04-13,198.0
2013-04-14,294.0
2013-04-15,153.0
2013-04-16,143.0
2013-04-17,192.0
2013-04-18,135.0
2013-04-19,118.0
2013-04-20,172.0
2013-04-21,302.0
2013-04-22,130.0
2013-04-23,164.0
2013-04-24,147.0
2013-04-25,116.0
2013-04-26,92.0
2013-04-27,206.0
2013-04-28,232.0
2013-04-29,117.0
2013-04-30,115.0
2013-05-01,209.0
2013-05-02,110.0
2013-05-03,109.0
2013-05-04,243.0
2013-05-05,313.0
2013-05-06,123.0
2013-05-07,122.0
2013-05-08,94.0
2013-05-09,99.0
2013-05-10,99.0
2013-05-11,219.0
2013-05-12,208.0
2013-05-13,121.0
2013-05-14,134.0
2013-05-15,138.0
2013-05-16,80.0
2013-05-17,123.0
2013-05-18,229.0
2013-05-19,279.0
2013-05-20,98.0
2013-05-21,115.0
2013-05-22,113.0
2013-05-23,82.0
2013-05-24,195.0
2013-05-25,199.0
2013-05-26,228.0
2013-05-27,98.0
2013-05-28,124.0
2013-05-29,109.0
2013-05-30,85.0
2013-05-31,105.0
2013-06-01,271.0
2013-06-02,335.0
2013-06-03,143.0
2013-06-04,135.0
2013-06-05,119.0
2013-06-06,106.0
2013-06-07,76.0
2013-06-08,196.0
2013-06-09,277.0
2013-06-10,75.0
2013-06-11,90.0
2013-06-12,108.0
2013-06-13,94.0
2013-06-14,74.0
2013-06-15,207.0
2013-06-16,201.0
2013-06-17,104.0
2013-06-18,71.0
2013-06-19,77.0
2013-06-20,124.0
2013-06-21,88.0
2013-06-22,122.0
2013-06-23,244.0
2013-06-24,89.0
2013-06-25,137.0
2013-06-26,110.0
2013-06-27,78.0
2013-06-28,82.0
2013-06-29,173.0
2013-06-30,268.0
2013-07-01,178.0
2013-07-02,165.0
2013-07-03,112.0
2013-07-04,102.0
2013-07-05,97.0
2013-07-06,223.0
2013-07-07,268.0
2013-07-08,115.0
2013-07-09,126.0
2013-07-10,108.0
2013-07-11,89.0
2013-07-12,109.0
2013-07-13,160.0
2013-07-14,226.0
2013-07-15,114.0
2013-07-16,106.0
2013-07-17,125.0
2013-07-18,118.0
2013-07-19,75.0
2013-07-20,173.0
2013-07-21,256.0
2013-07-22,128.0
2013-07-23,102.0
2013-07-24,108.0
2013-07-25,100.0
2013-07-26,92.0
2013-07-27,187.0
2013-07-28,270.0
2013-07-29,131.0
2013-07-30,123.0
2013-07-31,128.0
2013-08-01,131.0
2013-08-02,138.0
2013-08-03,275.0
2013-08-04,329.0
2013-08-05,133.0
2013-08-06,101.0
2013-08-07,93.0
2013-08-08,89.0
2013-08-09,108.0
2013-08-10,172.0
2013-08-11,258.0
2013-08-12,116.0
2013-08-13,135.0
2013-08-14,97.0
2013-08-15,66.0
2013-08-16,150.0
2013-08-17,180.0
2013-08-18,286.0
2013-08-19,155.0
2013-08-20,132.0
2013-08-21,121.0
2013-08-22,105.0
2013-08-23,82.0
2013-08-24,164.0
2013-08-25,255.0
2013-08-26,122.0
2013-08-27,116.0
2013-08-28,99.0
2013-08-29,107.0
2013-08-30,95.0
2013-08-31,191.0
2013-09-01,363.0
2013-09-02,150.0
2013-09-03,123.0
2013-09-04,191.0
2013-09-05,142.0
2013-09-06,110.0
2013-09-07,202.0
2013-09-08,277.0
2013-09-09,139.0
2013-09-10,99.0
2013-09-11,155.0
2013-09-12,86.0
2013-09-13,80.0
2013-09-14,215.0
2013-09-15,248.0
2013-09-16,112.0
2013-09-17,100.0
2013-09-18,101.0
2013-09-19,101.0
2013-09-20,103.0
2013-09-21,197.0
2013-09-22,246.0
2013-09-23,101.0
2013-09-24,104.0
2013-09-25,97.0
2013-09-26,85.0
2013-09-27,105.0
2013-09-28,180.0
2013-09-29,226.0
2013-09-30,112.0
2013-10-01,130.0
2013-10-02,152.0
2013-10-03,147.0
2013-10-04,127.0
2013-10-05,182.0
2013-10-06,215.0
2013-10-07,110.0
2013-10-08,113.0
2013-10-09,105.0
2013-10-10,100.0
2013-10-11,143.0
2013-10-12,162.0
2013-10-13,207.0
2013-10-14,147.0
2013-10-15,93.0
2013-10-16,166.0
2013-10-17,118.0
2013-10-18,134.0
2013-10-19,197.0
2013-10-20,242.0
2013-10-21,93.0
2013-10-22,106.0
2013-10-23,93.0
2013-10-24,90.0
2013-10-25,119.0
2013-10-26,172.0
2013-10-27,223.0
2013-10-28,93.0
2013-10-29,103.0
2013-10-30,119.0
2013-10-31,89.0
2013-11-01,158.0
2013-11-02,179.0
2013-11-03,253.0
2013-11-04,168.0
2013-11-05,194.0
2013-11-06,166.0
2013-11-07,98.0
2013-11-08,114.0
2013-11-09,225.0
2013-11-10,312.0
2013-11-11,166.0
2013-11-12,118.0
2013-11-13,122.0
2013-11-14,100.0
2013-11-15,105.0
2013-11-16,226.0
2013-11-17,302.0
2013-11-18,183.0
2013-11-19,102.0
2013-11-20,149.0
2013-11-21,104.0
2013-11-22,108.0
2013-11-23,243.0
2013-11-24,318.0
2013-11-25,132.0
2013-11-26,121.0
2013-11-27,97.0
2013-11-28,3304.0
2013-11-29,116.0
2013-11-30,242.0
2013-12-01,412.0
2013-12-02,200.0
2013-12-03,160.0
2013-12-04,116.0
2013-12-05,147.0
2013-12-06,134.0
2013-12-07,238.0
2013-12-08,302.0
2013-12-09,145.0
2013-12-10,132.0
2013-12-11,140.0
2013-12-12,151.0
2013-12-13,157.0
2013-12-14,257.0
2013-12-15,311.0
2013-12-16,197.0
2013-12-17,178.0
2013-12-18,141.0
2013-12-19,202.0
2013-12-20,175.0
2013-12-21,326.0
2013-12-22,400.0
2013-12-23,249.0
2013-12-24,204.0
2013-12-25,158.8
2013-12-26,205.0
2013-12-27,224.0
2013-12-28,239.0
2013-12-29,257.0
2013-12-30,319.0
2013-12-31,210.0
2014-01-01,181.60000000000002
2014-01-02,306.0
2014-01-03,215.0
2014-01-04,313.0
2014-01-05,471.0
2014-01-06,194.0
2014-01-07,180.0
2014-01-08,201.0
2014-01-09,186.0
2014-01-10,167.0
2014-01-11,251.0
2014-01-12,379.0
2014-01-13,174.0
2014-01-14,95.0
2014-01-15,194.0
2014-01-16,201.0
2014-01-17,157.0
2014-01-18,269.0
2014-01-19,359.0
2014-01-20,224.0
2014-01-21,170.0
2014-01-22,141.0
2014-01-23,195.0
2014-01-24,126.0
2014-01-25,285.0
2014-01-26,352.0
2014-01-27,168.0
2014-01-28,152.0
2014-01-29,160.0
2014-01-30,126.0
2014-01-31,143.0
2014-02-01,330.0
2014-02-02,374.0
2014-02-03,198.0
2014-02-04,203.0
2014-02-05,176.0
2014-02-06,124.0
2014-02-07,143.0
2014-02-08,221.0
2014-02-09,316.0
2014-02-10,172.0
2014-02-11,122.0
2014-02-12,136.0
2014-02-13,147.0
2014-02-14,116.0
2014-02-15,307.0
2014-02-16,324.0
2014-02-17,186.0
2014-02-18,176.0
2014-02-19,133.0
2014-02-20,87.0
2014-02-21,158.0
2014-02-22,271.0
2014-02-23,315.0
2014-02-24,185.0
2014-02-25,167.0
2014-02-26,148.0
2014-02-27,161.0
2014-02-28,184.0
2014-03-01,392.0
2014-03-02,233.0
2014-03-03,108.0
2014-03-04,116.0
2014-03-05,238.0
2014-03-06,205.0
2014-03-07,192.0
2014-03-08,252.0
2014-03-09,305.0
2014-03-10,187.0
2014-03-11,152.0
2014-03-12,139.0
2014-03-13,125.0
2014-03-14,102.0
2014-03-15,199.0
2014-03-16,403.0
2014-03-17,198.0
2014-03-18,188.0
2014-03-19,183.0
2014-03-20,135.0
2014-03-21,160.0
2014-03-22,251.0
2014-03-23,372.0
2014-03-24,186.0
2014-03-25,222.0
2014-03-26,188.0
2014-03-27,147.0
2014-03-28,148.0
2014-03-29,319.0
2014-03-30,383.0
2014-03-31,199.0
2014-04-01,267.0
2014-04-02,222.0
2014-04-03,139.0
2014-04-04,145.0
2014-04-05,253.0
2014-04-06,337.0
2014-04-07,217.0
2014-04-08,195.0
2014-04-09,179.0
2014-04-10,177.0
2014-04-11,173.0
2014-04-12,301.0
2014-04-13,348.0
2014-04-14,248.0
2014-04-15,218.0
2014-04-16,289.0
2014-04-17,224.0
2014-04-18,196.0
2014-04-19,295.0
2014-04-20,422.0
2014-04-21,255.0
2014-04-22,157.0
2014-04-23,247.0
2014-04-24,158.0
2014-04-25,126.0
2014-04-26,267.0
2014-04-27,325.0
2014-04-28,171.0
2014-04-29,155.0
2014-04-30,199.0
2014-05-01,347.0
2014-05-02,241.0
2014-05-03,351.0
2014-05-04,596.0
2014-05-05,264.0
2014-05-06,242.0
2014-05-07,220.0
2014-05-08,196.0
2014-05-09,207.0
2014-05-10,393.0
2014-05-11,328.0
2014-05-12,235.0
2014-05-13,165.0
2014-05-14,185.0
2014-05-15,196.0
2014-05-16,176.0
2014-05-17,374.0
2014-05-18,480.0
2014-05-19,205.0
2014-05-20,160.0
2014-05-21,149.0
2014-05-22,136.0
2014-05-23,194.0
2014-05-24,300.0
2014-05-25,396.0
2014-05-26,208.0
2014-05-27,192.0
2014-05-28,150.0
2014-05-29,186.0
2014-05-30,158.0
2014-05-31,389.0
2014-06-01,668.0
2014-06-02,288.0
2014-06-03,175.0
2014-06-04,204.0
2014-06-05,158.0
2014-06-06,178.0
2014-06-07,303.0
2014-06-08,437.0
2014-06-09,245.0
2014-06-10,154.0
2014-06-11,217.0
2014-06-12,139.0
2014-06-13,144.0
2014-06-14,311.0
2014-06-15,252.0
2014-06-16,231.0
2014-06-17,190.0
2014-06-18,205.0
2014-06-19,188.0
2014-06-20,106.0
2014-06-21,359.0
2014-06-22,407.0
2014-06-23,130.0
2014-06-24,148.0
2014-06-25,206.0
2014-06-26,130.0
2014-06-27,168.0
2014-06-28,243.0
2014-06-29,411.0
2014-06-30,217.0
2014-07-01,343.0
2014-07-02,271.0
2014-07-03,214.0
2014-07-04,167.0
2014-07-05,314.0
2014-07-06,436.0
2014-07-07,224.0
2014-07-08,178.0
2014-07-09,174.0
2014-07-10,188.0
2014-07-11,178.0
2014-07-12,288.0
2014-07-13,299.0
2014-07-14,240.0
2014-07-15,214.0
2014-07-16,237.0
2014-07-17,178.0
2014-07-18,179.0
2014-07-19,309.0
2014-07-20,412.0
2014-07-21,229.0
2014-07-22,150.0
2014-07-23,205.0
2014-07-24,190.0
2014-07-25,195.0
2014-07-26,260.0
2014-07-27,359.0
2014-07-28,163.0
2014-07-29,139.0
2014-07-30,170.0
2014-07-31,157.0
2014-08-01,253.0
2014-08-02,458.0
2014-08-03,410.0
2014-08-04,276.0
2014-08-05,197.0
2014-08-06,233.0
2014-08-07,179.0
2014-08-08,184.0
2014-08-09,294.0
2014-08-10,334.0
2014-08-11,199.0
2014-08-12,150.0
2014-08-13,201.0
2014-08-14,115.0
2014-08-15,182.0
2014-08-16,228.0
2014-08-17,429.0
2014-08-18,260.0
2014-08-19,165.0
2014-08-20,171.0
2014-08-21,157.0
2014-08-22,145.0
2014-08-23,241.0
2014-08-24,432.0
2014-08-25,190.0
2014-08-26,160.0
2014-08-27,154.0
2014-08-28,131.0
2014-08-29,167.0
2014-08-30,243.0
2014-08-31,431.0
2014-09-01,311.0
2014-09-02,298.0
2014-09-03,230.0
2014-09-04,147.0
2014-09-05,193.0
2014-09-06,300.0
2014-09-07,449.0
2014-09-08,236.0
2014-09-09,143.0
2014-09-10,195.0
2014-09-11,146.0
2014-09-12,160.0
2014-09-13,235.0
2014-09-14,349.0
2014-09-15,183.0
2014-09-16,198.0
2014-09-17,177.0
2014-09-18,166.0
2014-09-19,168.0
2014-09-20,224.0
2014-09-21,322.0
2014-09-22,230.0
2014-09-23,156.0
2014-09-24,188.0
2014-09-25,136.0
2014-09-26,100.0
2014-09-27,259.0
2014-09-28,387.0
2014-09-29,180.0
2014-09-30,191.0
2014-10-01,273.0
2014-10-02,200.0
2014-10-03,181.0
2014-10-04,309.0
2014-10-05,372.0
2014-10-06,203.0
2014-10-07,154.0
2014-10-08,193.0
2014-10-09,146.0
2014-10-10,239.0
2014-10-11,264.0
2014-10-12,345.0
2014-10-13,196.0
2014-10-14,196.0
2014-10-15,236.0
2014-10-16,190.0
2014-10-17,168.0
2014-10-18,278.0
2014-10-19,474.0
2014-10-20,208.0
2014-10-21,175.0
2014-10-22,161.0
2014-10-23,156.0
2014-10-24,177.0
2014-10-25,286.0
2014-10-26,423.0
2014-10-27,164.0
2014-10-28,176.0
2014-10-29,138.0
2014-10-30,129.0
2014-10-31,128.0
2014-11-01,382.0
2014-11-02,318.0
2014-11-03,435.0
2014-11-04,180.0
2014-11-05,205.0
2014-11-06,164.0
2014-11-07,147.0
2014-11-08,269.0
2014-11-09,386.0
2014-11-10,199.0
2014-11-11,157.0
2014-11-12,150.0
2014-11-13,139.0
2014-11-14,117.0
2014-11-15,272.0
2014-11-16,329.0
2014-11-17,173.0
2014-11-18,176.0
2014-11-19,158.0
2014-11-20,144.0
2014-11-21,158.0
2014-11-22,294.0
2014-11-23,392.0
2014-11-24,140.0
2014-11-25,220.0
2014-11-26,210.0
2014-11-27,134.0
2014-11-28,213.0
2014-11-29,329.0
2014-11-30,445.0
2014-12-01,355.0
2014-12-02,280.0
2014-12-03,226.0
2014-12-04,202.0
2014-12-05,211.0
2014-12-06,364.0
2014-12-07,427.0
2014-12-08,275.0
2014-12-09,249.0
2014-12-10,223.0
2014-12-11,213.0
2014-12-12,166.0
2014-12-13,355.0
2014-12-14,570.0
2014-12-15,213.0
2014-12-16,302.0
2014-12-17,211.0
2014-12-18,253.0
2014-12-19,227.0
2014-12-20,403.0
2014-12-21,536.0
2014-12-22,336.0
2014-12-23,344.0
2014-12-24,289.0
2014-12-25,234.2
2014-12-26,357.0
2014-12-27,354.0
2014-12-28,392.0
2014-12-29,375.0
2014-12-30,347.0
2014-12-31,330.0
2015-01-01,241.99999999999997
2015-01-02,433.0
2015-01-03,366.0
2015-01-04,493.0
2015-01-05,331.0
2015-01-06,205.0
2015-01-07,298.0
2015-01-08,217.0
2015-01-09,211.0
2015-01-10,254.0
2015-01-11,538.0
2015-01-12,310.0
2015-01-13,216.0
2015-01-14,230.0
2015-01-15,288.0
2015-01-16,181.0
2015-01-17,340.0
2015-01-18,509.0
2015-01-19,248.0
2015-01-20,211.0
2015-01-21,260.0
2015-01-22,200.0
2015-01-23,224.0
2015-01-24,394.0
2015-01-25,442.0
2015-01-26,204.0
2015-01-27,211.0
2015-01-28,224.0
2015-01-29,130.0
2015-01-30,239.0
2015-01-31,429.0
2015-02-01,757.0
2015-02-02,317.0
2015-02-03,236.0
2015-02-04,262.0
2015-02-05,252.0
2015-02-06,242.0
2015-02-07,349.0
2015-02-08,517.0
2015-02-09,286.0
2015-02-10,245.0
2015-02-11,265.0
2015-02-12,198.0
2015-02-13,237.0
2015-02-14,277.0
2015-02-15,250.0
2015-02-16,176.0
2015-02-17,241.0
2015-02-18,253.0
2015-02-19,214.0
2015-02-20,212.0
2015-02-21,333.0
2015-02-22,473.0
2015-02-23,242.0
2015-02-24,203.0
2015-02-25,188.0
2015-02-26,156.0
2015-02-27,171.0
2015-02-28,245.0
2015-03-01,601.0
2015-03-02,385.0
2015-03-03,287.0
2015-03-04,301.0
2015-03-05,248.0
2015-03-06,233.0
2015-03-07,357.0
2015-03-08,449.0
2015-03-09,258.0
2015-03-10,325.0
2015-03-11,325.0
2015-03-12,232.0
2015-03-13,280.0
2015-03-14,366.0
2015-03-15,436.0
2015-03-16,293.0
2015-03-17,213.0
2015-03-18,270.0
2015-03-19,181.0
2015-03-20,218.0
2015-03-21,243.0
2015-03-22,427.0
2015-03-23,262.0
2015-03-24,193.0
2015-03-25,207.0
2015-03-26,211.0
2015-03-27,190.0
2015-03-28,284.0
2015-03-29,413.0
2015-03-30,243.0
2015-03-31,214.0
2015-04-01,348.0
2015-04-02,245.0
2015-04-03,258.0
2015-04-04,336.0
2015-04-05,417.0
2015-04-06,301.0
2015-04-07,265.0
2015-04-08,214.0
2015-04-09,202.0
2015-04-10,238.0
2015-04-11,293.0
2015-04-12,426.0
2015-04-13,217.0
2015-04-14,204.0
2015-04-15,194.0
2015-04-16,196.0
2015-04-17,226.0
2015-04-18,343.0
2015-04-19,475.0
2015-04-20,202.0
2015-04-21,207.0
2015-04-22,225.0
2015-04-23,221.0
2015-04-24,250.0
2015-04-25,282.0
2015-04-26,412.0
2015-04-27,247.0
2015-04-28,187.0
2015-04-29,167.0
2015-04-30,203.0
2015-05-01,406.0
2015-05-02,431.0
2015-05-03,535.0
2015-05-04,337.0
2015-05-05,268.0
2015-05-06,264.0
2015-05-07,215.0
2015-05-08,255.0
2015-05-09,329.0
2015-05-10,389.0
2015-05-11,232.0
2015-05-12,210.0
2015-05-13,195.0
2015-05-14,211.0
2015-05-15,251.0
2015-05-16,380.0
2015-05-17,535.0
2015-05-18,258.0
2015-05-19,203.0
2015-05-20,247.0
2015-05-21,179.0
2015-05-22,229.0
2015-05-23,330.0
2015-05-24,458.0
2015-05-25,252.0
2015-05-26,232.0
2015-05-27,215.0
2015-05-28,191.0
2015-05-29,192.0
2015-05-30,342.0
2015-05-31,678.0
2015-06-01,377.0
2015-06-02,285.0
2015-06-03,331.0
2015-06-04,240.0
2015-06-05,201.0
2015-06-06,351.0
2015-06-07,602.0
2015-06-08,240.0
2015-06-09,182.0
2015-06-10,190.0
2015-06-11,175.0
2015-06-12,192.0
2015-06-13,333.0
2015-06-14,426.0
2015-06-15,228.0
2015-06-16,239.0
2015-06-17,204.0
2015-06-18,149.0
2015-06-19,201.0
2015-06-20,347.0
2015-06-21,368.0
2015-06-22,300.0
2015-06-23,224.0
2015-06-24,219.0
2015-06-25,182.0
2015-06-26,128.0
2015-06-27,254.0
2015-06-28,472.0
2015-06-29,191.0
2015-06-30,200.0
2015-07-01,356.0
2015-07-02,281.0
2015-07-03,242.0
2015-07-04,399.0
2015-07-05,498.0
2015-07-06,348.0
2015-07-07,225.0
2015-07-08,231.0
2015-07-09,181.0
2015-07-10,207.0
2015-07-11,293.0
2015-07-12,413.0
2015-07-13,236.0
2015-07-14,185.0
2015-07-15,199.0
2015-07-16,165.0
2015-07-17,174.0
2015-07-18,306.0
2015-07-19,419.0
2015-07-20,217.0
2015-07-21,176.0
2015-07-22,198.0
2015-07-23,181.0
2015-07-24,198.0
2015-07-25,276.0
2015-07-26,412.0
2015-07-27,208.0
2015-07-28,213.0
2015-07-29,201.0
2015-07-30,168.0
2015-07-31,160.0
2015-08-01,477.0
2015-08-02,594.0
2015-08-03,309.0
2015-08-04,296.0
2015-08-05,287.0
2015-08-06,257.0
2015-08-07,246.0
2015-08-08,309.0
2015-08-09,304.0
2015-08-10,405.0
2015-08-11,188.0
2015-08-12,228.0
2015-08-13,215.0
2015-08-14,163.0
2015-08-15,292.0
2015-08-16,511.0
2015-08-17,218.0
2015-08-18,238.0
2015-08-19,253.0
2015-08-20,170.0
2015-08-21,225.0
2015-08-22,300.0
2015-08-23,364.0
2015-08-24,248.0
2015-08-25,179.0
2015-08-26,237.0
2015-08-27,194.0
2015-08-28,193.0
2015-08-29,311.0
2015-08-30,512.0
2015-08-31,223.0
2015-09-01,361.0
2015-09-02,350.0
2015-09-03,237.0
2015-09-04,226.0
2015-09-05,397.0
2015-09-06,477.0
2015-09-07,268.0
2015-09-08,234.0
2015-09-09,244.0
2015-09-10,161.0
2015-09-11,233.0
2015-09-12,255.0
2015-09-13,408.0
2015-09-14,257.0
2015-09-15,211.0
2015-09-16,204.0
2015-09-17,223.0
2015-09-18,223.0
2015-09-19,354.0
2015-09-20,395.0
2015-09-21,277.0
2015-09-22,256.0
2015-09-23,192.0
2015-09-24,193.0
2015-09-25,194.0
2015-09-26,341.0
2015-09-27,473.0
2015-09-28,269.0
2015-09-29,209.0
2015-09-30,241.0
2015-10-01,309.0
2015-10-02,240.0
2015-10-03,350.0
2015-10-04,507.0
2015-10-05,335.0
2015-10-06,244.0
2015-10-07,241.0
2015-10-08,144.0
2015-10-09,257.0
2015-10-10,233.0
2015-10-11,403.0
2015-10-12,208.0
2015-10-13,150.0
2015-10-14,229.0
2015-10-15,147.0
2015-10-16,273.0
2015-10-17,269.0
2015-10-18,438.0
2015-10-19,189.0
2015-10-20,182.0
2015-10-21,162.0
2015-10-22,157.0
2015-10-23,222.0
2015-10-24,299.0
2015-10-25,428.0
2015-10-26,190.0
2015-10-27,196.0
2015-10-28,171.0
2015-10-29,132.0
2015-10-30,205.0
2015-10-31,306.0
2015-11-01,418.0
2015-11-02,266.0
2015-11-03,390.0
2015-11-04,282.0
2015-11-05,191.0
2015-11-06,263.0
2015-11-07,368.0
2015-11-08,408.0
2015-11-09,217.0
2015-11-10,201.0
2015-11-11,176.0
2015-11-12,125.0
2015-11-13,177.0
2015-11-14,264.0
2015-11-15,372.0
2015-11-16,250.0
2015-11-17,132.0
2015-11-18,242.0
2015-11-19,191.0
2015-11-20,177.0
2015-11-21,287.0
2015-11-22,422.0
2015-11-23,217.0
2015-11-24,177.0
2015-11-25,237.0
2015-11-26,190.0
2015-11-27,205.0
2015-11-28,324.0
2015-11-29,506.0
2015-11-30,277.0
2015-12-01,274.0
2015-12-02,285.0
2015-12-03,192.0
2015-12-04,236.0
2015-12-05,392.0
2015-12-06,400.0
2015-12-07,265.0
2015-12-08,218.0
2015-12-09,216.0
2015-12-10,221.0
2015-12-11,182.0
2015-12-12,277.0
2015-12-13,441.0
2015-12-14,215.0
2015-12-15,297.0
2015-12-16,263.0
2015-12-17,235.0
2015-12-18,275.0
2015-12-19,437.0
2015-12-20,552.0
2015-12-21,353.0
2015-12-22,391.0
2015-12-23,382.0
2015-12-24,366.0
2015-12-25,245.60000000000002
2015-12-26,420.0
2015-12-27,398.0
2015-12-28,297.0
2015-12-29,295.0
2015-12-30,349.0
2015-12-31,303.0
2016-01-01,246.8
2016-01-02,409.0
2016-01-03,676.0
2016-01-04,420.0
2016-01-05,379.0
2016-01-06,309.0
2016-01-07,239.0
2016-01-08,239.0
2016-01-09,362.0
2016-01-10,487.0
2016-01-11,221.0
2016-01-12,221.0
2016-01-13,265.0
2016-01-14,203.0
2016-01-15,224.0
2016-01-16,322.0
2016-01-17,446.0
2016-01-18,299.0
2016-01-19,191.0
2016-01-20,218.0
2016-01-21,244.0
2016-01-22,198.0
2016-01-23,352.0
2016-01-24,472.0
2016-01-25,243.0
2016-01-26,253.0
2016-01-27,196.0
2016-01-28,181.0
2016-01-29,240.0
2016-01-30,376.0
2016-01-31,452.0
2016-02-01,352.0
2016-02-02,299.0
2016-02-03,304.0
2016-02-04,241.0
2016-02-05,263.0
2016-02-06,347.0
2016-02-07,263.0
2016-02-08,185.0
2016-02-09,175.0
2016-02-10,288.0
2016-02-11,244.0
2016-02-12,175.0
2016-02-13,282.0
2016-02-14,393.0
2016-02-15,209.0
2016-02-16,235.0
2016-02-17,254.0
2016-02-18,204.0
2016-02-19,191.0
2016-02-20,307.0
2016-02-21,420.0
2016-02-22,228.0
2016-02-23,236.0
2016-02-24,234.0
2016-02-25,196.0
2016-02-26,159.0
2016-02-27,260.0
2016-02-28,394.0
2016-02-29,254.0
2016-03-01,328.0
2016-03-02,365.0
2016-03-03,294.0
2016-03-04,223.0
2016-03-05,361.0
2016-03-06,445.0
2016-03-07,246.0
2016-03-08,157.0
2016-03-09,202.0
2016-03-10,165.0
2016-03-11,162.0
2016-03-12,296.0
2016-03-13,369.0
2016-03-14,237.0
2016-03-15,230.0
2016-03-16,195.0
2016-03-17,237.0
2016-03-18,210.0
2016-03-19,277.0
2016-03-20,364.0
2016-03-21,287.0
2016-03-22,245.0
2016-03-23,226.0
2016-03-24,190.0
2016-03-25,171.0
2016-03-26,255.0
2016-03-27,338.0
2016-03-28,271.0
2016-03-29,169.0
2016-03-30,219.0
2016-03-31,218.0
2016-04-01,366.0
2016-04-02,426.0
2016-04-03,515.0
2016-04-04,339.0
2016-04-05,219.0
2016-04-06,217.0
2016-04-07,147.0
2016-04-08,198.0
2016-04-09,341.0
2016-04-10,347.0
2016-04-11,209.0
2016-04-12,222.0
2016-04-13,221.0
2016-04-14,190.0
2016-04-15,190.0
2016-04-16,326.0
2016-04-17,468.0
2016-04-18,405.0
2016-04-19,400.0
2016-04-20,314.0
2016-04-21,244.0
2016-04-22,245.0
2016-04-23,360.0
2016-04-24,390.0
2016-04-25,205.0
2016-04-26,193.0
2016-04-27,248.0
2016-04-28,145.0
2016-04-29,193.0
2016-04-30,398.0
2016-05-01,592.0
2016-05-02,333.0
2016-05-03,251.0
2016-05-04,206.0
2016-05-05,198.0
2016-05-06,193.0
2016-05-07,361.0
2016-05-08,384.0
2016-05-09,281.0
2016-05-10,217.0
2016-05-11,216.0
2016-05-12,185.0
2016-05-13,185.0
2016-05-14,314.0
2016-05-15,476.0
2016-05-16,264.0
2016-05-17,216.0
2016-05-18,210.0
2016-05-19,153.0
2016-05-20,197.0
2016-05-21,402.0
2016-05-22,463.0
2016-05-23,177.0
2016-05-24,209.0
2016-05-25,189.0
2016-05-26,137.0
2016-05-27,337.0
2016-05-28,334.0
2016-05-29,431.0
2016-05-30,271.0
2016-05-31,464.0
2016-06-01,297.0
2016-06-02,214.0
2016-06-03,222.0
2016-06-04,403.0
2016-06-05,508.0
2016-06-06,218.0
2016-06-07,172.0
2016-06-08,190.0
2016-06-09,139.0
2016-06-10,173.0
2016-06-11,360.0
2016-06-12,447.0
2016-06-13,287.0
2016-06-14,206.0
2016-06-15,283.0
2016-06-16,147.0
2016-06-17,204.0
2016-06-18,420.0
2016-06-19,422.0
2016-06-20,228.0
2016-06-21,216.0
2016-06-22,226.0
2016-06-23,199.0
2016-06-24,229.0
2016-06-25,347.0
2016-06-26,473.0
2016-06-27,257.0
2016-06-28,223.0
2016-06-29,241.0
2016-06-30,190.0
2016-07-01,312.0
2016-07-02,474.0
2016-07-03,553.0
2016-07-04,281.0
2016-07-05,214.0
2016-07-06,255.0
2016-07-07,143.0
2016-07-08,184.0
2016-07-09,316.0
2016-07-10,357.0
2016-07-11,249.0
2016-07-12,177.0
2016-07-13,171.0
2016-07-14,151.0
2016-07-15,212.0
2016-07-16,325.0
2016-07-17,467.0
2016-07-18,240.0
2016-07-19,218.0
2016-07-20,176.0
2016-07-21,168.0
2016-07-22,145.0
2016-07-23,242.0
2016-07-24,322.0
2016-07-25,192.0
2016-07-26,168.0
2016-07-27,191.0
2016-07-28,148.0
2016-07-29,223.0
2016-07-30,314.0
2016-07-31,450.0
2016-08-01,330.0
2016-08-02,232.0
2016-08-03,247.0
2016-08-04,209.0
2016-08-05,191.0
2016-08-06,302.0
2016-08-07,384.0
2016-08-08,199.0
2016-08-09,212.0
2016-08-10,200.0
2016-08-11,163.0
2016-08-12,214.0
2016-08-13,247.0
2016-08-14,337.0
2016-08-15,242.0
2016-08-16,173.0
2016-08-17,241.0
2016-08-18,164.0
2016-08-19,203.0
2016-08-20,264.0
2016-08-21,372.0
2016-08-22,244.0
2016-08-23,189.0
2016-08-24,203.0
2016-08-25,189.0
2016-08-26,151.0
2016-08-27,287.0
2016-08-28,370.0
2016-08-29,195.0
2016-08-30,217.0
2016-08-31,272.0
2016-09-01,276.0
2016-09-02,235.0
2016-09-03,445.0
2016-09-04,480.0
2016-09-05,250.0
2016-09-06,238.0
2016-09-07,235.0
2016-09-08,290.0
2016-09-09,241.0
2016-09-10,341.0
2016-09-11,438.0
2016-09-12,226.0
2016-09-13,232.0
2016-09-14,184.0
2016-09-15,201.0
2016-09-16,186.0
2016-09-17,297.0
2016-09-18,379.0
2016-09-19,691.0
2016-09-20,156.0
2016-09-21,225.0
2016-09-22,200.0
2016-09-23,176.0
2016-09-24,260.0
2016-09-25,448.0
2016-09-26,289.0
2016-09-27,183.0
2016-09-28,223.0
2016-09-29,160.0
2016-09-30,194.0
2016-10-01,408.0
2016-10-02,567.0
2016-10-03,305.0
2016-10-04,236.0
2016-10-05,229.0
2016-10-06,214.0
2016-10-07,219.0
2016-10-08,301.0
2016-10-09,447.0
2016-10-10,226.0
2016-10-11,168.0
2016-10-12,270.0
2016-10-13,186.0
2016-10-14,136.0
2016-10-15,448.0
2016-10-16,417.0
2016-10-17,241.0
2016-10-18,185.0
2016-10-19,219.0
2016-10-20,204.0
2016-10-21,205.0
2016-10-22,235.0
2016-10-23,393.0
2016-10-24,226.0
2016-10-25,183.0
2016-10-26,180.0
2016-10-27,139.0
2016-10-28,167.0
2016-10-29,288.0
2016-10-30,408.0
2016-10-31,232.0
2016-11-01,312.0
2016-11-02,356.0
2016-11-03,359.0
2016-11-04,370.0
2016-11-05,418.0
2016-11-06,541.0
2016-11-07,3280.0
2016-11-08,203.0
2016-11-09,268.0
2016-11-10,217.0
2016-11-11,410.0
2016-11-12,312.0
2016-11-13,514.0
2016-11-14,282.0
2016-11-15,179.0
2016-11-16,1847.0
2016-11-17,181.0
2016-11-18,194.0
2016-11-19,357.0
2016-11-20,416.0
2016-11-21,242.0
2016-11-22,246.0
2016-11-23,234.0
2016-11-24,185.0
2016-11-25,242.0
2016-11-26,309.0
2016-11-27,409.0
2016-11-28,199.0
2016-11-29,202.0
2016-11-30,206.0
2016-12-01,490.0
2016-12-02,240.0
2016-12-03,408.0
2016-12-04,513.0
2016-12-05,296.0
2016-12-06,233.0
2016-12-07,261.0
2016-12-08,202.0
2016-12-09,205.0
2016-12-10,267.0
2016-12-11,473.0
2016-12-12,246.0
2016-12-13,270.0
2016-12-14,237.0
2016-12-15,208.0
2016-12-16,229.0
2016-12-17,367.0
2016-12-18,590.0
2016-12-19,398.0
2016-12-20,333.0
2016-12-21,414.0
2016-12-22,302.0
2016-12-23,908.0
2016-12-24,384.0
2016-12-25,576.2
2016-12-26,395.0
2016-12-27,288.0
2016-12-28,308.0
2016-12-29,360.0
2016-12-30,390.0
2016-12-31,405.0
2017-01-01,594.6
2017-01-02,593.0
2017-01-03,457.0
2017-01-04,390.0
2017-01-05,284.0
2017-01-06,286.0
2017-01-07,466.0
2017-01-08,622.0
2017-01-09,267.0
2017-01-10,282.0
2017-01-11,538.0
2017-01-12,1208.0
2017-01-13,386.0
2017-01-14,335.0
2017-01-15,533.0
2017-01-16,334.0
2017-01-17,279.0
2017-01-18,321.0
2017-01-19,157.0
2017-01-20,225.0
2017-01-21,356.0
2017-01-22,503.0
2017-01-23,424.0
2017-01-24,827.0
2017-01-25,866.0
2017-01-26,307.0
2017-01-27,189.0
2017-01-28,351.0
2017-01-29,501.0
2017-01-30,274.0
2017-01-31,288.0
2017-02-01,380.0
2017-02-02,425.0
2017-02-03,316.0
2017-02-04,434.0
2017-02-05,639.0
2017-02-06,325.0
2017-02-07,261.0
2017-02-08,181.0
2017-02-09,173.0
2017-02-10,249.0
2017-02-11,316.0
2017-02-12,481.0
2017-02-13,263.0
2017-02-14,184.0
2017-02-15,231.0
2017-02-16,221.0
2017-02-17,248.0
2017-02-18,411.0
2017-02-19,383.0
2017-02-20,359.0
2017-02-21,261.0
2017-02-22,316.0
2017-02-23,285.0
2017-02-24,262.0
2017-02-25,411.0
2017-02-26,314.0
2017-02-27,218.0
2017-02-28,309.0
2017-03-01,390.0
2017-03-02,310.0
2017-03-03,271.0
2017-03-04,397.0
2017-03-05,398.0
2017-03-06,328.0
2017-03-07,314.0
2017-03-08,223.0
2017-03-09,245.0
2017-03-10,221.0
2017-03-11,410.0
2017-03-12,449.0
2017-03-13,294.0
2017-03-14,250.0
2017-03-15,271.0
2017-03-16,296.0
2017-03-17,287.0
2017-03-18,442.0
2017-03-19,653.0
2017-03-20,367.0
2017-03-21,270.0
2017-03-22,333.0
2017-03-23,173.0
2017-03-24,235.0
2017-03-25,349.0
2017-03-26,494.0
2017-03-27,312.0
2017-03-28,196.0
2017-03-29,346.0
2017-03-30,170.0
2017-03-31,353.0
2017-04-01,507.0
2017-04-02,538.0
2017-04-03,340.0
2017-04-04,331.0
2017-04-05,261.0
2017-04-06,238.0
2017-04-07,254.0
2017-04-08,351.0
2017-04-09,453.0
2017-04-10,271.0
2017-04-11,225.0
2017-04-12,264.0
2017-04-13,236.0
2017-04-14,240.0
2017-04-15,336.0
2017-04-16,395.0
2017-04-17,245.0
2017-04-18,275.0
2017-04-19,248.0
2017-04-20,210.0
2017-04-21,198.0
2017-04-22,376.0
2017-04-23,552.0
2017-04-24,427.0
2017-04-25,276.0
2017-04-26,273.0
2017-04-27,242.0
2017-04-28,221.0
2017-04-29,408.0
2017-04-30,534.0
2017-05-01,564.0
2017-05-02,315.0
2017-05-03,334.0
2017-05-04,211.0
2017-05-05,218.0
2017-05-06,388.0
2017-05-07,574.0
2017-05-08,269.0
2017-05-09,229.0
2017-05-10,245.0
2017-05-11,272.0
2017-05-12,199.0
2017-05-13,456.0
2017-05-14,338.0
2017-05-15,217.0
2017-05-16,236.0
2017-05-17,241.0
2017-05-18,179.0
2017-05-19,281.0
2017-05-20,423.0
2017-05-21,660.0
2017-05-22,292.0
2017-05-23,241.0
2017-05-24,199.0
2017-05-25,196.0
2017-05-26,438.0
2017-05-27,409.0
2017-05-28,549.0
2017-05-29,282.0
2017-05-30,230.0
2017-05-31,346.0
2017-06-01,262.0
2017-06-02,272.0
2017-06-03,522.0
2017-06-04,744.0
2017-06-05,400.0
2017-06-06,358.0
2017-06-07,852.0
2017-06-08,460.0
2017-06-09,226.0
2017-06-10,1204.0
2017-06-11,570.0
2017-06-12,1192.0
2017-06-13,238.0
2017-06-14,328.0
2017-06-15,260.0
2017-06-16,784.0
2017-06-17,442.0
2017-06-18,406.0
2017-06-19,331.0
2017-06-20,560.0
2017-06-21,249.0
2017-06-22,210.0
2017-06-23,202.0
2017-06-24,339.0
2017-06-25,438.0
2017-06-26,325.0
2017-06-27,201.0
2017-06-28,207.0
2017-06-29,207.0
2017-06-30,264.0
2017-07-01,403.0
2017-07-02,607.0
2017-07-03,323.0
2017-07-04,252.0
2017-07-05,229.0
2017-07-06,203.0
2017-07-07,182.0
2017-07-08,303.0
2017-07-09,487.0
2017-07-10,264.0
2017-07-11,193.0
2017-07-12,181.0
2017-07-13,228.0
2017-07-14,709.0
2017-07-15,1113.0
2017-07-16,772.0
2017-07-17,381.0
2017-07-18,360.0
2017-07-19,318.0
2017-07-20,392.0
2017-07-21,222.0
2017-07-22,405.0
2017-07-23,608.0
2017-07-24,474.0
2017-07-25,928.0
2017-07-26,963.0
2017-07-27,220.0
2017-07-28,239.0
2017-07-29,1027.0
2017-07-30,553.0
2017-07-31,287.0
2017-08-01,838.0
2017-08-02,1608.0
2017-08-03,231.0
2017-08-04,224.0
2017-08-05,341.0
2017-08-06,526.0
2017-08-07,266.0
2017-08-08,251.0
2017-08-09,243.0
2017-08-10,241.0
2017-08-11,376.0
2017-08-12,390.0
2017-08-13,364.0
2017-08-14,220.0
2017-08-15,240.0
